"prolific_pid","wtp1_fr","wtp1_sp","wtp1_us","wtp2_fr","wtp2_sp","wtp2_us","wtp4_fr","wtp4_sp","wtp4_us","wtp5_mid_fr","wtp5_mid_sp","wtp5_mid_us","wtp5_nyh_fr","wtp5_nyh_sp","wtp5_nyh_us","wtp5_nyl_fr","wtp5_nyl_sp","wtp5_nyl_us","wtp5_frh_fr","wtp5_frh_sp","wtp5_frh_us","wtp5_frl_fr","wtp5_frl_sp","wtp5_frl_us","wtp5_sph_fr","wtp5_sph_sp","wtp5_sph_us","wtp5_spl_fr","wtp5_spl_sp","wtp5_spl_us","wtp5_hgh_fr","wtp5_hgh_sp","wtp5_hgh_us","wtp5_low_fr","wtp5_low_sp","wtp5_low_us","age","gender","eth_white","eth_black","eth_native","eth_asian","eth_pacific","eth_hispanic","eth_mideast","eth_other","eth_skip","eth_othertxt","edu","inc","ms","child","hhsize","hhsizetxt","state","foodshopper","wineshopper","veg","buywine","wheredrink","wheredrinktxt","cons_red","cons_wht","cons_rose","cons_sweet","cons_sparkling","cons_fruit","cons_skip","freqdrink","freqdrink_sparkling","freqdrink_nywine","freqtasting","avgspend","familiar_champagne","familiar_cava","familiar_ny","quality_champagne","quality_cava","quality_ny","freqonlinepurch","freqreadreview","freqwritereview","buywineonline","buywineonline_txt","writewinereview","learn_rec","learn_salesperson","learn_ad","learn_instore","learn_specwebsite","learn_mag","learn_social","learn_reviews","learn_other","learn_skip","learn_othertxt","wt_price","wt_region","wt_winery","wt_expert","wt_consrec","wt_social","op_knowledgeable","op_expert","op_rarenotheard","op_heardmostnew","test_peppery","test_frregion","test_icewine","Duration"
"5bde832a4842880001308a01",20,20,10,20,20,10,10,10,10,NA,NA,NA,NA,NA,NA,NA,NA,NA,NA,NA,NA,NA,NA,NA,10,20,10,NA,NA,NA,NA,NA,NA,NA,NA,NA,32,2,1,NA,NA,NA,NA,NA,NA,NA,NA,"",7,2,4,0,2,NA,NA,1,1,1,5,1,"",1,1,NA,NA,NA,NA,NA,3,1,-1,1,1,1,1,1,5,5,4,2,4,2,0,"",0,1,1,NA,1,NA,NA,NA,NA,NA,NA,"",5,2,3,2,5,1,2,1,1,1,5,5,5,408
"5cfe85c30aadc80016e9e197",30,20,10,30,20,10,30,20,10,NA,NA,NA,NA,NA,NA,NA,NA,NA,NA,NA,NA,NA,NA,NA,NA,NA,NA,30,15,10,NA,NA,NA,NA,NA,NA,33,2,1,NA,NA,NA,NA,NA,NA,NA,NA,"",3,2,1,0,2,NA,NA,1,1,1,4,1,"",NA,NA,1,1,NA,NA,NA,3,1,0,0,1,5,3,1,5,4,3,0,4,2,0,"",0,1,NA,NA,1,NA,NA,NA,1,NA,NA,"",4,4,1,3,4,1,3,2,1,1,2,3,4,375
"5caf66cd822bcd001afe9eb2",20,30,15,20,20,15,30,20,15,25,25,25,NA,NA,NA,NA,NA,NA,NA,NA,NA,NA,NA,NA,NA,NA,NA,NA,NA,NA,NA,NA,NA,NA,NA,NA,31,1,1,NA,NA,NA,NA,NA,NA,NA,NA,"",7,4,4,0,1,NA,NA,1,1,0,5,1,"",1,1,NA,NA,NA,NA,NA,3,1,0,0,4,2,2,1,4,3,2,3,4,1,0,"",0,1,1,NA,NA,NA,NA,NA,NA,NA,NA,"",4,3,3,5,4,2,2,1,1,1,2,4,1,667
"5c5c7b424fff5700017eb384",20,18,17,25,23,21,13,15,18,NA,NA,NA,NA,NA,NA,20,20,13,NA,NA,NA,NA,NA,NA,NA,NA,NA,NA,NA,NA,NA,NA,NA,NA,NA,NA,40,1,1,NA,NA,NA,NA,NA,NA,NA,NA,"",5,2,1,0,2,NA,NA,0,0,0,5,2,"",NA,1,1,NA,1,NA,NA,4,2,2,1,2,2,1,3,5,4,4,3,3,1,2,"",0,1,NA,NA,1,NA,NA,NA,NA,NA,NA,"",4,2,1,4,3,2,1,1,1,1,4,4,5,671
"5a96de3d6219a30001d323fc",24,30,20,20,15,25,35,30,25,NA,NA,NA,NA,NA,NA,NA,NA,NA,NA,NA,NA,NA,NA,NA,NA,NA,NA,NA,NA,NA,NA,NA,NA,30,30,30,27,1,1,NA,NA,NA,NA,NA,NA,NA,NA,"",6,3,4,0,2,NA,NA,1,1,0,3,4,"",1,1,NA,NA,NA,NA,NA,2,0,0,0,3,1,1,2,3,3,4,4,1,0,0,"",0,1,NA,NA,NA,NA,NA,1,NA,NA,NA,"",4,2,2,3,2,2,4,4,3,4,1,5,4,499
"5c3ccf45ba6fab0001c50a87",25,15,8,25,15,8,25,12,7,NA,NA,NA,25,15,10,NA,NA,NA,NA,NA,NA,NA,NA,NA,NA,NA,NA,NA,NA,NA,NA,NA,NA,NA,NA,NA,56,2,1,NA,NA,NA,NA,NA,NA,NA,NA,"",5,2,3,0,2,NA,NA,1,1,0,3,1,"",1,NA,NA,NA,1,NA,NA,3,2,0,1,3,5,5,2,5,5,1,3,3,2,1,"",0,NA,1,NA,NA,NA,1,NA,1,NA,NA,"",4,4,1,3,3,1,5,5,1,1,1,3,4,477
"57abc011f00139000156f638",20,20,20,20,20,20,20,20,20,NA,NA,NA,20,20,20,NA,NA,NA,NA,NA,NA,NA,NA,NA,NA,NA,NA,NA,NA,NA,NA,NA,NA,NA,NA,NA,33,2,1,NA,NA,NA,NA,NA,NA,NA,NA,"",3,2,1,1,5,NA,NA,1,1,-1,3,1,"",NA,1,1,1,1,1,NA,1,1,0,0,3,3,3,3,4,5,5,2,4,2,0,"",0,NA,NA,1,1,NA,NA,NA,NA,NA,NA,"",4,3,1,1,1,1,2,2,2,2,5,4,4,497
"5aeb6714eb6e780001b1897c",18,10,10,18,10,10,18,10,11,NA,NA,NA,NA,NA,NA,NA,NA,NA,NA,NA,NA,15,18,18,NA,NA,NA,NA,NA,NA,NA,NA,NA,NA,NA,NA,29,2,1,NA,NA,NA,NA,NA,NA,NA,NA,"",5,3,1,1,3,NA,NA,1,1,0,5,1,"",1,NA,NA,NA,1,NA,NA,4,3,1,2,1,3,3,1,5,3,3,2,3,2,0,"",0,1,1,NA,1,NA,NA,NA,NA,NA,NA,"",5,1,1,1,3,1,3,2,1,1,2,5,3,391
"5cfd3d9cd0e99c0016baf6c8",70,50,20,80,60,30,50,40,30,NA,NA,NA,NA,NA,NA,50,40,25,NA,NA,NA,NA,NA,NA,NA,NA,NA,NA,NA,NA,NA,NA,NA,NA,NA,NA,22,2,1,NA,NA,NA,NA,1,NA,NA,NA,"",5,4,4,0,3,NA,NA,1,1,0,4,2,"",1,1,NA,NA,NA,NA,NA,3,1,0,1,6,3,3,1,5,4,2,3,4,3,1,"",0,1,NA,NA,NA,NA,1,NA,NA,NA,NA,"",2,5,3,4,5,3,2,3,2,2,5,4,4,306
"581fcf9e8fbbba0001c0aa8a",30,25,20,30,25,20,30,25,20,NA,NA,NA,NA,NA,NA,NA,NA,NA,30,25,20,NA,NA,NA,NA,NA,NA,NA,NA,NA,NA,NA,NA,NA,NA,NA,62,1,1,NA,NA,NA,NA,NA,NA,NA,NA,"",5,2,1,0,2,NA,NA,1,0,0,4,1,"",1,1,1,NA,NA,NA,NA,2,1,0,1,4,3,3,2,4,4,3,2,3,2,0,"",0,1,1,NA,1,NA,NA,NA,NA,NA,NA,"",3,2,1,2,2,2,3,2,1,1,5,3,3,752
"5d5095d9a22e38001a3cecf8",12.99,12.99,12.99,12.99,12.99,12.99,12.99,12.99,12.99,NA,NA,NA,NA,NA,NA,NA,NA,NA,NA,NA,NA,NA,NA,NA,NA,NA,NA,NA,NA,NA,NA,NA,NA,12.99,12.99,12.99,30,2,1,NA,NA,NA,NA,NA,NA,NA,NA,"",5,2,4,0,2,NA,NA,1,1,0,4,2,"",NA,1,NA,1,1,NA,NA,2,1,1,1,2,4,3,3,5,4,4,3,3,2,0,"",0,1,NA,NA,NA,NA,NA,NA,1,NA,NA,"",5,3,2,4,4,3,4,3,2,3,5,1,4,313
"5b8557d0bb0eb8000105a696",40,35,20,40,25,15,30,40,20,NA,NA,NA,NA,NA,NA,NA,NA,NA,NA,NA,NA,NA,NA,NA,NA,NA,NA,NA,NA,NA,30,35,30,NA,NA,NA,23,1,NA,1,NA,NA,NA,NA,NA,NA,NA,"",5,1,4,0,4,NA,NA,0,0,0,5,2,"",1,NA,NA,NA,NA,1,NA,3,1,1,0,4,3,2,1,4,4,3,3,4,2,0,"",0,NA,NA,NA,1,1,NA,NA,1,NA,NA,"",4,2,1,3,4,2,2,4,1,2,5,5,5,470
"5c159f7745de2c000133c3f2",25,25,10,25,25,10,25,25,10,NA,NA,NA,NA,NA,NA,NA,NA,NA,NA,NA,NA,NA,NA,NA,NA,NA,NA,25,20,15,NA,NA,NA,NA,NA,NA,36,1,NA,NA,NA,1,NA,1,NA,NA,NA,"",6,1,3,0,2,NA,NA,1,1,0,5,2,"",1,1,1,NA,1,NA,NA,2,1,1,0,2,3,2,1,4,4,2,4,4,2,0,"",0,1,1,NA,1,1,NA,NA,1,NA,NA,"",3,4,3,2,3,2,2,1,1,1,5,5,5,677
"5c4f0e755d386b00016e772b",24.99,22.99,16.99,22.99,20.99,14.99,26.99,26.99,21.99,29.99,26.99,22.99,NA,NA,NA,NA,NA,NA,NA,NA,NA,NA,NA,NA,NA,NA,NA,NA,NA,NA,NA,NA,NA,NA,NA,NA,26,2,1,NA,NA,NA,NA,NA,NA,NA,NA,"",2,1,3,1,3,NA,NA,1,1,0,5,2,"",NA,1,NA,1,1,1,NA,4,2,0,2,3,4,1,1,5,5,5,4,3,4,0,"",0,1,NA,1,1,NA,1,1,1,NA,NA,"",2,3,1,4,4,3,4,4,2,3,3,3,4,684
"5bdfb0af484288000130d972",30,20,10,25,15,15,40,30,35,NA,NA,NA,NA,NA,NA,NA,NA,NA,NA,NA,NA,NA,NA,NA,NA,NA,NA,50,20,30,NA,NA,NA,NA,NA,NA,30,1,NA,NA,NA,1,NA,NA,NA,NA,NA,"",5,2,1,1,3,NA,NA,1,1,0,2,1,"",1,NA,NA,NA,1,NA,NA,3,3,1,0,3,4,2,3,5,3,3,4,4,2,0,"",0,1,NA,NA,1,NA,1,NA,1,NA,NA,"",5,4,2,3,4,3,2,2,1,1,1,3,3,401
"5a6032228e625900017657f4",30.99,50,30.99,50,45,50,40,40,50,NA,NA,NA,30,30,30,NA,NA,NA,NA,NA,NA,NA,NA,NA,NA,NA,NA,NA,NA,NA,NA,NA,NA,NA,NA,NA,26,1,1,NA,NA,NA,NA,NA,NA,NA,NA,"",5,3,3,0,5,NA,NA,0,0,0,3,1,"",1,NA,1,NA,NA,NA,NA,1,1,2,0,5,3,1,1,3,3,3,3,4,1,1,"",0,1,NA,NA,NA,NA,NA,NA,NA,NA,NA,"",3,2,1,2,3,1,2,2,3,2,2,4,4,384
"563e5abecbd4c60005dc9153",15,15,15,15,15,15,15,15,15,NA,NA,NA,NA,NA,NA,NA,NA,NA,NA,NA,NA,NA,NA,NA,NA,NA,NA,NA,NA,NA,NA,NA,NA,15,15,15,48,2,1,NA,NA,NA,NA,NA,NA,NA,NA,"",5,3,1,0,2,NA,NA,1,1,0,3,1,"",1,1,NA,NA,NA,NA,NA,6,1,1,1,2,1,1,1,2,3,2,2,4,2,1,"",0,NA,NA,NA,1,NA,NA,1,1,NA,NA,"",3,2,2,2,2,2,2,2,2,2,3,4,4,510
"5c741ddddfb7bd0015841337",15,15,15,15,15,15,20,20,20,20,20,20,NA,NA,NA,NA,NA,NA,NA,NA,NA,NA,NA,NA,NA,NA,NA,NA,NA,NA,NA,NA,NA,NA,NA,NA,29,1,1,NA,NA,NA,NA,NA,NA,NA,NA,"",2,2,1,0,2,NA,NA,1,0,0,3,1,"",NA,NA,NA,1,NA,1,NA,1,0,0,0,2,1,1,1,4,4,4,2,3,3,0,"",0,NA,NA,NA,NA,NA,NA,NA,NA,NA,1,"",5,4,1,3,4,2,1,1,1,1,5,5,5,406
"5c016d9738f8af00011a9a27",15,12,10,18,13,11,20,16,14,NA,NA,NA,NA,NA,NA,NA,NA,NA,20,15,15,NA,NA,NA,NA,NA,NA,NA,NA,NA,NA,NA,NA,NA,NA,NA,27,1,1,NA,NA,NA,NA,NA,NA,NA,NA,"",2,2,1,0,2,NA,NA,1,1,0,3,1,"",1,1,1,NA,NA,NA,NA,2,1,0,0,2,3,1,1,4,2,2,3,3,2,1,"",0,1,NA,NA,1,NA,NA,NA,1,NA,NA,"",4,3,3,3,4,2,2,4,2,2,5,2,4,683
"5d4c37ac4c7d3800013f14c9",14.99,12.99,9.99,14.99,12.99,9.99,19.99,14.99,12.99,NA,NA,NA,NA,NA,NA,NA,NA,NA,NA,NA,NA,NA,NA,NA,22.99,19.99,16.99,NA,NA,NA,NA,NA,NA,NA,NA,NA,48,1,1,NA,NA,NA,NA,NA,NA,NA,NA,"",5,4,1,0,5,NA,NA,1,1,0,5,1,"",1,1,NA,NA,NA,NA,NA,5,0,0,2,2,1,1,1,3,3,3,3,3,0,0,"",0,1,1,NA,1,NA,NA,NA,NA,NA,NA,"",4,3,4,2,1,1,3,2,2,1,1,4,4,467
"591b83c9329c15000122840d",40,35,15,50,45,25,80,75,40,NA,NA,NA,NA,NA,NA,NA,NA,NA,NA,NA,NA,60,75,45,NA,NA,NA,NA,NA,NA,NA,NA,NA,NA,NA,NA,22,2,1,NA,NA,NA,NA,NA,NA,NA,NA,"",5,3,4,-1,4,NA,NA,0,0,1,4,1,"",1,NA,1,1,NA,1,NA,3,1,-1,0,3,1,1,1,5,5,3,2,3,1,0,"",0,1,NA,NA,NA,NA,NA,1,1,NA,NA,"",5,2,1,2,4,4,1,1,1,1,5,3,3,571
"5ca4b562613eb10015b6e5f8",15,15,10,20,20,20,20,20,20,NA,NA,NA,NA,NA,NA,NA,NA,NA,NA,NA,NA,NA,NA,NA,NA,NA,NA,NA,NA,NA,20,20,20,NA,NA,NA,40,2,1,NA,NA,NA,NA,NA,NA,NA,NA,"",2,2,3,0,2,NA,NA,0,1,0,3,1,"",1,1,NA,NA,NA,NA,NA,4,1,0,1,1,3,1,1,5,5,5,4,4,2,0,"",0,1,1,1,1,NA,NA,NA,NA,NA,NA,"",4,2,2,2,2,1,2,2,1,1,5,5,5,686
"5ca227b36b36c400013ce15a",60,50,30,60,50,30,99.99,50,30,NA,NA,NA,NA,NA,NA,99.99,90,30,NA,NA,NA,NA,NA,NA,NA,NA,NA,NA,NA,NA,NA,NA,NA,NA,NA,NA,28,1,1,NA,NA,NA,NA,1,NA,NA,NA,"",5,1,4,0,1,NA,NA,1,1,0,5,1,"",1,1,NA,NA,1,1,NA,5,3,0,0,6,5,5,1,5,5,3,2,3,0,0,"",0,1,NA,NA,1,NA,1,1,1,NA,NA,"",3,5,2,4,2,2,3,3,1,1,5,4,5,818
"5bf9c4c6850b6600018eede2",10,10,10,20,20,20,15,15,15,NA,NA,NA,NA,NA,NA,NA,NA,NA,30,30,30,NA,NA,NA,NA,NA,NA,NA,NA,NA,NA,NA,NA,NA,NA,NA,70,1,1,NA,NA,NA,NA,NA,NA,NA,NA,"",5,1,1,0,2,NA,NA,0,0,0,3,2,"",NA,1,NA,NA,NA,NA,NA,2,0,0,0,2,1,1,1,3,3,3,0,0,3,0,"",0,1,NA,NA,NA,NA,NA,NA,NA,NA,NA,"",5,1,1,1,1,1,2,2,2,2,5,5,5,486
"5d1283351716480017019be7",24,19,13,24,20,14,24,21,14,NA,NA,NA,NA,NA,NA,NA,NA,NA,NA,NA,NA,NA,NA,NA,21,24,15,NA,NA,NA,NA,NA,NA,NA,NA,NA,28,2,1,NA,NA,NA,NA,NA,NA,NA,NA,"",6,1,1,0,3,NA,NA,1,1,0,5,1,"",1,1,NA,NA,NA,NA,NA,4,2,1,2,2,4,3,1,5,4,3,3,3,1,0,"",0,1,1,NA,1,1,NA,1,1,NA,NA,"",4,3,2,4,4,2,2,3,1,1,5,3,4,1099
"5ccb0f1a1e01680015ea6285",35,30,15,35,30,15,35,30,25,35,32,28,NA,NA,NA,NA,NA,NA,NA,NA,NA,NA,NA,NA,NA,NA,NA,NA,NA,NA,NA,NA,NA,NA,NA,NA,37,1,1,NA,NA,NA,NA,NA,NA,NA,NA,"",6,1,4,0,1,NA,NA,1,1,0,5,1,"",1,1,NA,NA,1,NA,NA,4,1,0,1,3,4,4,1,5,5,2,3,3,1,0,"",0,NA,NA,NA,NA,NA,NA,1,NA,NA,NA,"",4,4,2,4,5,5,4,5,4,4,3,3,4,495
"5be4c8d0d4079000014c0998",75,75,60,75,75,60,85,85,85,NA,NA,NA,NA,NA,NA,75,75,60,NA,NA,NA,NA,NA,NA,NA,NA,NA,NA,NA,NA,NA,NA,NA,NA,NA,NA,26,2,1,NA,NA,NA,NA,NA,NA,NA,NA,"",3,2,4,0,4,NA,NA,1,1,0,3,2,"",1,1,1,1,1,1,NA,1,1,0,0,5,2,2,2,3,3,NA,2,3,1,0,"",0,1,1,1,NA,NA,NA,1,1,NA,NA,"",2,4,3,3,4,3,2,3,3,3,5,5,5,338
"5d4ba91e0cf3e60019d88cf5",70,60,20,65,50,25,60,70,25,NA,NA,NA,NA,NA,NA,NA,NA,NA,NA,NA,NA,NA,NA,NA,NA,NA,NA,NA,NA,NA,NA,NA,NA,65,65,30,29,2,1,NA,NA,NA,NA,NA,NA,NA,NA,"",3,2,1,0,2,NA,NA,1,1,0,5,1,"",1,1,1,NA,1,NA,NA,4,1,0,2,5,5,5,1,4,4,1,3,3,2,0,"",0,1,NA,NA,NA,NA,NA,NA,NA,1,NA,"I live in WA, we are around a lot of wine and I have been to many tastings in the Woodinville area so since I am familiar with a winery's style, it helps me decide what to buy",2,2,1,2,2,1,5,3,1,1,3,3,4,655
"5c60b4802100f70001a3e137",15,15,15,12,12,12,16,12,13,NA,NA,NA,14,14,16,NA,NA,NA,NA,NA,NA,NA,NA,NA,NA,NA,NA,NA,NA,NA,NA,NA,NA,NA,NA,NA,28,1,1,NA,NA,NA,NA,NA,NA,NA,NA,"",5,3,1,0,2,NA,NA,1,1,0,5,1,"",1,NA,NA,1,NA,NA,NA,4,1,1,0,3,1,1,1,5,3,3,4,4,1,0,"",0,NA,NA,NA,1,NA,NA,NA,NA,NA,NA,"",3,2,1,4,2,1,3,3,2,2,5,5,5,514
"56e1c4f46ce054000b400a34",14,14,7,14,14,7,14,7,10,NA,NA,NA,NA,NA,NA,NA,NA,NA,NA,NA,NA,8,10,6,NA,NA,NA,NA,NA,NA,NA,NA,NA,NA,NA,NA,30,2,1,NA,NA,NA,NA,NA,NA,NA,NA,"",4,2,1,1,5,NA,NA,1,1,0,3,1,"",1,1,1,1,NA,1,NA,5,4,1,1,2,3,2,3,4,3,2,3,3,2,0,"",0,1,1,NA,1,NA,NA,NA,1,NA,NA,"",4,2,1,2,4,2,1,1,1,1,1,3,3,364
"5d4b1b0d323d840017900e10",20,30,15,30,40,20,40,45,35,NA,NA,NA,NA,NA,NA,NA,NA,NA,NA,NA,NA,NA,NA,NA,NA,NA,NA,40,25,33,NA,NA,NA,NA,NA,NA,23,2,1,NA,NA,NA,NA,NA,NA,NA,NA,"",3,1,1,0,2,NA,NA,1,1,0,4,1,"",1,1,NA,1,1,NA,NA,3,1,0,0,3,4,4,3,5,5,3,4,4,1,0,"",0,1,NA,NA,1,NA,NA,1,NA,NA,NA,"",4,4,2,5,5,1,2,2,1,1,2,3,3,483
"5c586f5eee248f00016b7fe7",10,4,3,11,4.5,3.5,9,3,4.5,NA,NA,NA,NA,NA,NA,NA,NA,NA,10.5,4,4,NA,NA,NA,NA,NA,NA,NA,NA,NA,NA,NA,NA,NA,NA,NA,32,2,NA,NA,NA,1,NA,NA,NA,NA,NA,"",6,1,1,0,2,NA,NA,1,1,0,2,1,"",NA,NA,1,NA,1,1,NA,3,3,0,1,1,2,2,2,4,3,3,4,4,4,0,"",0,1,NA,NA,NA,NA,NA,NA,1,NA,NA,"",4,4,2,4,3,1,2,1,2,2,5,5,3,424
"593495766bedf50001dc3015",15,15,10,17,15,12,15,10,12,17,15,15,NA,NA,NA,NA,NA,NA,NA,NA,NA,NA,NA,NA,NA,NA,NA,NA,NA,NA,NA,NA,NA,NA,NA,NA,25,2,1,NA,NA,NA,NA,NA,NA,NA,NA,"",2,3,4,0,3,NA,NA,1,1,0,4,1,"",NA,1,1,1,1,1,NA,1,2,1,0,1,1,1,1,4,4,4,2,4,2,0,"",0,1,1,NA,NA,NA,NA,NA,1,NA,NA,"",4,2,1,3,4,4,1,1,1,1,5,5,5,242
"5bcb229aa8920a00013060fa",15,15,15,15,15,15,15,15,15,NA,NA,NA,NA,NA,NA,20,15,15,NA,NA,NA,NA,NA,NA,NA,NA,NA,NA,NA,NA,NA,NA,NA,NA,NA,NA,25,2,1,NA,NA,NA,NA,NA,NA,NA,NA,"",2,1,3,1,4,NA,NA,1,0,0,3,1,"",NA,NA,NA,1,1,1,NA,2,2,0,0,2,1,1,1,5,4,3,3,3,3,0,"",0,1,NA,NA,NA,NA,NA,NA,1,NA,NA,"",5,2,2,3,4,3,2,1,1,1,5,5,5,643
"5d1615c2665ed90016046bc3",50,50,30,50,50,30,50,60,40,NA,NA,NA,NA,NA,NA,NA,NA,NA,NA,NA,NA,NA,NA,NA,50,60,50,NA,NA,NA,NA,NA,NA,NA,NA,NA,22,2,1,NA,NA,NA,NA,NA,NA,NA,NA,"",5,2,3,0,3,NA,NA,0,1,1,5,1,"",1,1,NA,NA,NA,NA,NA,2,0,1,1,2,4,4,2,5,5,4,4,4,2,0,"",0,1,1,NA,1,NA,NA,NA,NA,NA,NA,"",4,1,1,2,2,2,2,3,1,1,5,5,5,487
"5ce2b8ac3f806000190a0b87",12,12,12,10,10,10,10,5,12,NA,NA,NA,NA,NA,NA,NA,NA,NA,NA,NA,NA,NA,NA,NA,12,12,12,NA,NA,NA,NA,NA,NA,NA,NA,NA,25,1,1,NA,NA,NA,NA,NA,NA,NA,NA,"",5,1,4,0,1,NA,NA,1,1,0,5,1,"",1,1,1,1,NA,1,NA,2,1,0,1,1,3,1,2,4,3,3,1,3,0,0,"",0,1,NA,NA,1,NA,NA,NA,NA,NA,NA,"",5,2,3,3,2,1,2,1,1,1,5,4,1,451
"5c8d7a186894d00001912306",15,15,15,15,15,15,15,15,15,NA,NA,NA,NA,NA,NA,NA,NA,NA,NA,NA,NA,NA,NA,NA,NA,NA,NA,15,15,15,NA,NA,NA,NA,NA,NA,25,1,NA,NA,NA,NA,NA,1,NA,NA,NA,"",5,1,3,0,2,NA,NA,-1,-1,-1,3,1,"",1,NA,NA,NA,NA,NA,NA,1,1,0,0,2,1,1,1,3,3,3,0,1,1,0,"",0,NA,NA,NA,NA,NA,NA,NA,NA,NA,1,"",3,1,2,2,2,1,3,3,3,3,5,5,5,746
"5cec440e0c156c001935975b",24,29,20.99,24,25,21,21,25,25,NA,NA,NA,NA,NA,NA,NA,NA,NA,NA,NA,NA,NA,NA,NA,NA,NA,NA,NA,NA,NA,21,25,25,NA,NA,NA,34,1,1,NA,NA,NA,NA,NA,NA,NA,NA,"",5,2,1,1,3,NA,NA,0,1,0,4,1,"",1,NA,1,NA,NA,NA,NA,5,1,1,-1,4,3,5,4,3,5,4,4,0,0,3,"",0,NA,NA,NA,1,NA,NA,NA,NA,NA,NA,"",4,5,3,3,2,2,2,3,2,3,2,5,3,1073
"5c6b949a23f6300001383a05",50,40,30,50,50,50,30,30,30,NA,NA,NA,NA,NA,NA,NA,NA,NA,40,30,30,NA,NA,NA,NA,NA,NA,NA,NA,NA,NA,NA,NA,NA,NA,NA,33,2,NA,NA,NA,1,NA,NA,NA,NA,NA,"",6,3,4,0,2,NA,NA,1,1,1,4,1,"",1,NA,1,NA,1,NA,NA,3,3,0,1,5,5,4,5,5,3,4,3,4,2,0,"",1,1,NA,1,1,1,NA,1,1,NA,NA,"",4,2,4,5,5,5,3,4,2,3,2,5,4,509
"5c1c690f10140800013f03f7",50,35,40,100,75,75,100,75,75,NA,NA,NA,NA,NA,NA,NA,NA,NA,NA,NA,NA,NA,NA,NA,NA,NA,NA,NA,NA,NA,NA,NA,NA,100,75,75,56,2,1,NA,NA,NA,NA,NA,NA,NA,NA,"",5,5,1,1,3,NA,NA,1,1,0,3,1,"",1,1,NA,NA,NA,NA,NA,5,1,2,2,5,3,3,3,4,4,4,2,3,1,2,"",0,NA,NA,NA,NA,NA,1,1,1,NA,NA,"",2,3,3,2,2,1,4,4,2,3,2,3,3,654
"5bd2469c669ee10001444342",25,15,10,30,20,15,30,20,15,NA,NA,NA,NA,NA,NA,NA,NA,NA,NA,NA,NA,NA,NA,NA,NA,NA,NA,NA,NA,NA,30,25,15,NA,NA,NA,24,1,1,NA,NA,NA,NA,NA,NA,NA,NA,"",2,1,4,0,3,NA,NA,0,1,0,3,1,"",1,1,1,NA,NA,NA,NA,3,1,1,0,3,4,3,3,4,3,3,2,4,0,0,"",0,1,NA,NA,NA,NA,NA,NA,1,NA,NA,"",4,3,2,2,3,1,1,1,2,1,2,3,5,559
"5d36d88240502d00015c1f1d",22,17,12,22,15,10,20,14,10,NA,NA,NA,NA,NA,NA,NA,NA,NA,NA,NA,NA,17,20,15,NA,NA,NA,NA,NA,NA,NA,NA,NA,NA,NA,NA,37,2,NA,1,NA,NA,NA,NA,NA,NA,NA,"",8,1,2,0,1,NA,NA,1,1,0,4,1,"",1,NA,NA,1,1,1,NA,2,1,0,0,2,4,1,1,5,4,3,3,4,0,0,"",0,1,NA,1,1,NA,NA,NA,1,NA,NA,"",4,4,3,3,4,1,2,2,1,1,5,5,5,852
"5ce2e9b3ed552600159dc3ff",25,20,15,25,20,15,25,20,20,NA,NA,NA,NA,NA,NA,NA,NA,NA,NA,NA,NA,NA,NA,NA,NA,NA,NA,NA,NA,NA,25,25,20,NA,NA,NA,27,2,1,NA,NA,1,NA,NA,NA,NA,NA,"",5,3,3,0,2,NA,NA,1,0,0,5,1,"",NA,1,NA,NA,NA,NA,NA,2,0,1,1,3,3,1,3,5,5,4,3,4,1,2,"",0,1,NA,NA,NA,NA,1,1,NA,NA,NA,"",3,3,1,4,3,2,2,1,2,2,3,3,3,659
"5c736ca5eaffc10001ae1dad",30,25,20,25,25,20,25,25,20,NA,NA,NA,20,20,20,NA,NA,NA,NA,NA,NA,NA,NA,NA,NA,NA,NA,NA,NA,NA,NA,NA,NA,NA,NA,NA,34,2,1,NA,NA,NA,NA,NA,NA,NA,NA,"",3,1,2,1,4,NA,NA,1,0,0,4,1,"",NA,1,NA,1,1,NA,NA,1,1,0,-1,1,3,2,1,4,3,3,2,2,1,0,"",0,NA,NA,NA,1,NA,1,NA,NA,NA,NA,"",4,5,1,3,3,1,3,1,1,1,2,3,3,965
"5c6b52dfd6c7500001a05278",14.99,9.99,7.99,17.99,11.99,9.99,17.99,12.99,9.99,NA,NA,NA,NA,NA,NA,NA,NA,NA,NA,NA,NA,10.99,11.99,9.99,NA,NA,NA,NA,NA,NA,NA,NA,NA,NA,NA,NA,35,2,1,NA,NA,NA,NA,NA,NA,NA,NA,"",5,3,1,1,4,NA,NA,1,1,0,5,1,"",1,1,1,NA,NA,NA,NA,5,2,0,1,1,3,3,1,4,3,3,4,2,0,0,"",0,1,NA,1,1,NA,NA,NA,NA,NA,NA,"",4,2,2,3,2,2,4,2,1,1,5,3,5,730
"5c0da14d656168000159da7a",20,15,18,20,15,18,20,18,18,NA,NA,NA,18,18,20,NA,NA,NA,NA,NA,NA,NA,NA,NA,NA,NA,NA,NA,NA,NA,NA,NA,NA,NA,NA,NA,49,1,1,NA,NA,NA,NA,NA,NA,NA,NA,"",3,2,4,0,2,NA,NA,1,1,0,4,1,"",1,1,1,NA,NA,NA,NA,3,1,0,0,2,4,1,1,4,3,3,2,3,2,0,"",0,1,NA,NA,1,NA,NA,NA,NA,NA,NA,"",3,3,2,3,2,1,3,2,2,2,5,3,4,932
"5d195d9278167300018d465b",25,20,20,20,20,20,25,28,23,24,24,20,NA,NA,NA,NA,NA,NA,NA,NA,NA,NA,NA,NA,NA,NA,NA,NA,NA,NA,NA,NA,NA,NA,NA,NA,25,2,1,NA,NA,NA,NA,NA,NA,NA,NA,"",6,2,4,0,1,NA,NA,1,1,0,4,1,"",NA,1,1,1,1,NA,NA,3,1,1,0,3,3,3,2,5,4,3,4,2,2,0,"",0,NA,1,NA,NA,NA,NA,NA,1,NA,NA,"",3,4,3,3,3,3,4,3,3,3,5,3,5,1978
"57288b3f2865c4000e42c16d",20,15,12,25,20,15,30,25,20,NA,NA,NA,NA,NA,NA,NA,NA,NA,NA,NA,NA,NA,NA,NA,20,30,20,NA,NA,NA,NA,NA,NA,NA,NA,NA,51,1,1,NA,NA,NA,NA,NA,NA,NA,NA,"",5,4,1,0,2,NA,NA,1,1,0,4,1,"",NA,1,NA,1,1,1,NA,5,3,1,2,3,3,2,3,4,3,3,3,4,2,2,"",0,1,NA,NA,1,NA,1,NA,NA,NA,NA,"",4,3,3,5,4,1,3,2,1,2,1,5,4,754
"5a5f8cc7eedc32000142dcc3",15,12,10,15,12,10,15,12,12,NA,NA,NA,NA,NA,NA,NA,NA,NA,NA,NA,NA,NA,NA,NA,NA,NA,NA,NA,NA,NA,NA,NA,NA,12,12,12,63,1,1,NA,NA,NA,NA,NA,NA,NA,NA,"",5,4,1,0,2,NA,NA,1,1,0,4,1,"",1,NA,NA,NA,NA,NA,NA,5,1,0,1,2,3,1,1,4,3,3,2,2,1,0,"",0,1,NA,NA,NA,NA,NA,NA,NA,NA,NA,"",4,3,1,2,3,2,3,2,1,1,3,3,4,1034
"5d3775981c16bb00192812fb",35,35,30,40,40,35,40,40,35,NA,NA,NA,NA,NA,NA,40,40,35,NA,NA,NA,NA,NA,NA,NA,NA,NA,NA,NA,NA,NA,NA,NA,NA,NA,NA,31,2,1,NA,NA,NA,NA,NA,NA,NA,NA,"",5,1,4,0,2,NA,NA,0,1,0,4,2,"",1,NA,NA,NA,NA,NA,NA,3,1,1,1,4,3,1,2,4,4,3,3,2,1,0,"",0,NA,NA,NA,1,NA,NA,NA,NA,NA,NA,"",4,1,1,2,3,2,1,1,1,1,5,3,5,1133
"5ba4057af0741400010637b9",20,10,10,20,10,10,20,8,10,NA,NA,NA,NA,NA,NA,NA,NA,NA,NA,NA,NA,NA,NA,NA,NA,NA,NA,NA,NA,NA,NA,NA,NA,20,8,10,57,2,1,NA,NA,NA,NA,NA,NA,NA,NA,"",4,2,1,0,2,NA,34,1,1,0,3,2,"",NA,NA,1,NA,NA,NA,NA,2,1,0,1,2,1,1,1,4,3,3,2,3,2,0,"",0,1,NA,NA,NA,NA,NA,NA,NA,NA,NA,"",4,4,2,2,4,1,1,1,1,1,5,5,4,431
"5d1bf640db7eb7001af1c6a4",19.99,15.99,12.99,19.99,15.99,12.99,19.99,12.99,13.99,NA,NA,NA,NA,NA,NA,NA,NA,NA,NA,NA,NA,NA,NA,NA,NA,NA,NA,NA,NA,NA,15.99,12.99,15.99,NA,NA,NA,34,2,1,NA,NA,NA,NA,NA,NA,NA,NA,"",3,2,4,1,6,NA,10,0,1,0,5,1,"",1,1,NA,1,1,1,NA,5,2,0,0,1,4,2,2,5,4,3,4,3,0,0,"",0,1,NA,NA,1,NA,NA,1,NA,NA,NA,"",5,2,2,1,1,2,2,2,1,1,2,3,1,508
"5d3c5bb32f407f001a866e6b",35,30,15,40,30,20,50,25,10,NA,NA,NA,30,30,40,NA,NA,NA,NA,NA,NA,NA,NA,NA,NA,NA,NA,NA,NA,NA,NA,NA,NA,NA,NA,NA,22,2,1,NA,NA,NA,NA,NA,NA,NA,NA,"",4,1,4,1,1,NA,45,1,1,0,3,1,"",1,NA,NA,NA,NA,NA,NA,3,1,0,0,2,1,1,1,5,4,4,2,4,1,0,"",0,1,NA,NA,NA,NA,NA,NA,NA,NA,NA,"",4,2,3,5,5,1,2,1,1,1,5,5,3,346
"5d54293959f4b10001686583",15,15,15,15,15,15,20,20,20,NA,NA,NA,NA,NA,NA,12,12,12,NA,NA,NA,NA,NA,NA,NA,NA,NA,NA,NA,NA,NA,NA,NA,NA,NA,NA,34,2,1,NA,NA,NA,NA,NA,NA,NA,NA,"",6,2,1,1,4,NA,10,1,1,0,5,1,"",1,1,NA,NA,1,NA,NA,5,3,2,2,3,5,4,4,5,4,4,2,2,2,2,"",1,NA,NA,NA,NA,1,1,1,1,NA,NA,"",2,4,3,3,2,2,3,4,2,2,5,5,5,312
"5d523996ef11d3000182b604",40,35,20,45,40,25,45,40,30,NA,NA,NA,NA,NA,NA,45,40,25,NA,NA,NA,NA,NA,NA,NA,NA,NA,NA,NA,NA,NA,NA,NA,NA,NA,NA,22,2,1,NA,NA,NA,NA,NA,NA,NA,NA,"",5,3,4,0,2,NA,14,1,1,1,3,1,"",NA,1,1,1,1,1,NA,4,3,0,2,2,3,2,2,4,4,2,2,2,1,1,"",0,1,NA,NA,1,NA,NA,1,NA,NA,NA,"",4,2,2,4,4,3,3,3,2,1,1,4,4,426
"5d45ee2e2f66d0001a120859",50,25,15,50,25,15,55,30,20,NA,NA,NA,NA,NA,NA,NA,NA,NA,55,30,25,NA,NA,NA,NA,NA,NA,NA,NA,NA,NA,NA,NA,NA,NA,NA,48,2,1,NA,NA,NA,NA,NA,NA,NA,NA,"",2,2,1,1,5,NA,23,1,1,0,5,1,"",1,NA,NA,NA,NA,NA,NA,5,3,3,3,3,3,1,2,4,4,4,3,2,2,0,"",0,NA,1,NA,NA,1,NA,NA,NA,NA,NA,"",2,2,2,4,4,4,3,2,2,2,4,5,5,735
"5d5b063e4c0011001904de43",19.99,18.99,16.99,19.99,18.99,16.99,19.99,15.99,16.99,NA,NA,NA,NA,NA,NA,NA,NA,NA,NA,NA,NA,NA,NA,NA,NA,NA,NA,19.99,16.5,15.99,NA,NA,NA,NA,NA,NA,31,2,1,NA,NA,NA,NA,NA,NA,NA,NA,"",5,2,3,0,2,NA,45,1,1,0,5,2,"",NA,NA,NA,NA,1,NA,NA,3,5,0,2,3,4,3,1,4,3,1,4,4,3,3,"",0,NA,NA,NA,NA,NA,NA,1,NA,NA,NA,"",4,3,3,4,3,3,4,3,2,4,5,3,4,699
"58a96911ea3d11000170e50f",30,25,20,15,15,15,20,20,10,NA,NA,NA,NA,NA,NA,NA,NA,NA,NA,NA,NA,NA,NA,NA,15,20,15,NA,NA,NA,NA,NA,NA,NA,NA,NA,35,2,NA,1,NA,1,NA,NA,NA,NA,NA,"",4,-1,4,0,2,NA,49,1,1,1,3,4,"",1,NA,NA,NA,1,1,NA,2,1,0,1,3,3,3,1,4,4,2,2,3,1,0,"",0,1,1,NA,1,1,NA,NA,NA,NA,NA,"",3,3,2,4,3,2,3,3,2,2,4,5,4,355
"5d0e586c70a722001a6f692f",20,20,18,20,20,18,20,20,18,NA,NA,NA,NA,NA,NA,NA,NA,NA,NA,NA,NA,20,20,18,NA,NA,NA,NA,NA,NA,NA,NA,NA,NA,NA,NA,31,2,1,NA,NA,NA,NA,NA,NA,NA,NA,"",3,2,1,1,3,NA,21,1,1,0,3,1,"",1,1,1,1,1,1,NA,4,3,1,2,3,3,2,2,4,3,3,3,3,2,0,"",0,1,NA,NA,1,NA,NA,1,NA,NA,NA,"",5,1,1,2,2,2,3,2,2,2,4,5,3,615
"5c71bdec87f8cd0001b458f5",20,35,10,30,35,12.99,20,20,20,30,30,30,NA,NA,NA,NA,NA,NA,NA,NA,NA,NA,NA,NA,NA,NA,NA,NA,NA,NA,NA,NA,NA,NA,NA,NA,22,2,NA,NA,NA,NA,NA,1,NA,NA,NA,"",5,1,4,0,1,NA,51,1,1,0,5,4,"",1,1,1,1,1,1,NA,3,2,1,1,2,2,2,1,5,5,3,3,3,2,4,"It wasn't legal in the state I lived in since I turned 21",0,NA,NA,NA,1,NA,NA,NA,NA,NA,NA,"",5,2,1,1,4,4,1,1,1,1,5,5,1,342
"559304ccfdf99b59a74caa1f",15,15,20,15,15,20,20,20,20,NA,NA,NA,15,15,25,NA,NA,NA,NA,NA,NA,NA,NA,NA,NA,NA,NA,NA,NA,NA,NA,NA,NA,NA,NA,NA,25,1,1,NA,NA,NA,NA,NA,NA,NA,NA,"",4,4,4,0,3,NA,51,0,0,0,3,1,"",1,1,1,1,1,1,NA,2,1,1,0,3,4,3,1,3,3,3,3,4,4,0,"",0,1,NA,NA,1,NA,NA,NA,NA,NA,NA,"",5,5,5,5,5,2,2,1,1,2,5,5,3,314
"5ce5680318e86f001adc2bce",25.99,18,14,25.99,15,14,26,19,17,25.99,18,17,NA,NA,NA,NA,NA,NA,NA,NA,NA,NA,NA,NA,NA,NA,NA,NA,NA,NA,NA,NA,NA,NA,NA,NA,42,1,1,NA,NA,NA,NA,NA,NA,NA,NA,"",7,3,1,0,2,NA,15,0,0,0,4,1,"",1,NA,1,1,NA,NA,NA,1,0,0,2,3,5,1,1,4,3,3,2,3,0,2,"",0,1,1,NA,1,NA,NA,NA,NA,1,NA,"wine club",4,2,1,3,3,1,3,2,1,1,1,3,4,442
"5710fa6192d90b0008d236c6",25,25,25,25,25,25,23,23,23,NA,NA,NA,NA,NA,NA,NA,NA,NA,NA,NA,NA,20,23,23,NA,NA,NA,NA,NA,NA,NA,NA,NA,NA,NA,NA,30,1,1,NA,NA,NA,NA,NA,NA,NA,NA,"",4,3,1,1,3,NA,31,1,1,0,5,4,"",1,1,NA,NA,NA,NA,NA,2,1,1,1,1,5,1,2,5,4,4,2,4,1,0,"",0,1,1,NA,NA,NA,NA,NA,NA,NA,NA,"",5,2,2,3,3,1,2,2,1,1,5,3,4,432
"58b6e912ee12b40001206b86",20,20,20,20,20,20,35,35,35,NA,NA,NA,NA,NA,NA,NA,NA,NA,NA,NA,NA,NA,NA,NA,NA,NA,NA,50,45,50,NA,NA,NA,NA,NA,NA,54,2,NA,NA,NA,NA,NA,1,NA,NA,NA,"",5,3,1,1,3,NA,45,1,1,0,3,NA,"",NA,NA,NA,1,NA,NA,NA,2,2,0,1,4,2,3,1,3,3,3,4,2,1,0,"",1,NA,NA,NA,1,NA,NA,NA,NA,NA,NA,"",4,2,2,3,3,3,2,3,2,2,5,5,5,667
"5a51302bac56240001535a0f",26.99,22.99,20.99,27.99,24.99,24.99,26.99,22.99,20.99,NA,NA,NA,NA,NA,NA,NA,NA,NA,NA,NA,NA,NA,NA,NA,NA,NA,NA,NA,NA,NA,26.99,24.99,24.99,NA,NA,NA,36,2,1,NA,NA,NA,NA,NA,NA,NA,NA,"",3,1,1,1,7,7,52,1,1,0,4,1,"",1,NA,NA,NA,NA,NA,NA,3,1,0,0,3,1,1,1,4,3,3,3,3,1,1,"",0,1,NA,NA,NA,1,NA,NA,1,NA,NA,"",4,3,3,3,4,3,1,1,1,1,5,5,5,637
"5a2e1fb3840612000134339b",30,55,25,70,68,55,75,80,54,NA,NA,NA,NA,NA,NA,NA,NA,NA,NA,NA,NA,NA,NA,NA,NA,NA,NA,NA,NA,NA,NA,NA,NA,40,45,34,21,2,NA,NA,NA,NA,NA,1,NA,NA,NA,"",4,4,4,0,4,NA,31,1,1,0,4,1,"",1,1,1,1,1,NA,NA,4,3,0,0,4,5,3,1,4,4,3,4,4,4,0,"",0,1,NA,1,NA,1,NA,1,1,NA,NA,"",5,3,1,4,5,1,4,2,2,5,1,3,4,538
"5be36f917432c0000189d51c",15,12,8,15,12,8,15,12,8,NA,NA,NA,NA,NA,NA,NA,NA,NA,18,12,8,NA,NA,NA,NA,NA,NA,NA,NA,NA,NA,NA,NA,NA,NA,NA,33,1,1,NA,NA,NA,NA,NA,NA,NA,NA,"",6,-1,1,1,3,NA,-1,0,1,0,4,1,"",1,1,1,1,NA,NA,NA,2,1,1,1,2,3,1,1,4,4,3,3,3,1,0,"",0,1,NA,NA,NA,NA,NA,1,NA,NA,NA,"",4,4,1,4,3,1,2,2,1,1,5,4,4,403
"5a9de95c873cda00010d192c",35,20,10,50,20,15,50,20,12,NA,NA,NA,NA,NA,NA,NA,NA,NA,NA,NA,NA,NA,NA,NA,NA,NA,NA,50,15,15,NA,NA,NA,NA,NA,NA,22,2,NA,1,NA,NA,NA,NA,NA,NA,NA,"",5,1,4,0,3,NA,11,1,0,0,3,1,"",1,NA,NA,NA,NA,1,NA,-1,1,0,0,2,5,4,2,5,3,2,2,3,1,0,"",0,1,NA,NA,1,NA,NA,NA,NA,NA,NA,"",5,3,3,3,1,1,2,1,1,1,1,5,5,1931
"5c61ab19776b38000156cc95",12.99,9.99,8.99,14.99,11.99,9.99,14.99,11.99,10.99,NA,NA,NA,NA,NA,NA,NA,NA,NA,NA,NA,NA,NA,NA,NA,12.99,12.99,10.99,NA,NA,NA,NA,NA,NA,NA,NA,NA,40,2,1,NA,NA,NA,NA,NA,NA,NA,NA,"",5,1,4,0,2,NA,34,1,1,0,4,1,"",1,NA,1,NA,1,NA,NA,5,4,1,1,2,5,1,1,5,4,3,3,3,2,0,"",0,1,NA,1,1,NA,NA,NA,1,NA,NA,"",4,5,3,4,3,2,3,2,2,2,5,4,5,446
"5cf4944c83416100197cf5db",30,20,15,30,20,10,30,20,10,NA,NA,NA,20,20,30,NA,NA,NA,NA,NA,NA,NA,NA,NA,NA,NA,NA,NA,NA,NA,NA,NA,NA,NA,NA,NA,21,2,1,NA,NA,NA,NA,NA,NA,NA,NA,"",5,3,4,0,4,NA,39,0,0,0,2,1,"",NA,1,1,1,NA,1,NA,3,0,0,0,2,1,1,3,4,4,4,2,3,1,0,"",0,1,NA,NA,NA,NA,NA,NA,NA,NA,NA,"",4,1,1,2,3,1,2,5,4,1,5,3,5,363
"5c5278c798b0ff000110f559",18,20,12,18,20,12,15,15,15,NA,NA,NA,NA,NA,NA,18,18,15,NA,NA,NA,NA,NA,NA,NA,NA,NA,NA,NA,NA,NA,NA,NA,NA,NA,NA,45,2,1,NA,NA,NA,NA,NA,NA,NA,NA,"",3,2,1,1,6,NA,36,1,1,0,5,1,"",1,NA,NA,NA,NA,NA,NA,5,1,0,2,3,2,4,2,3,4,3,1,4,3,0,"",0,1,1,1,1,NA,1,1,NA,NA,NA,"",3,5,3,3,3,3,4,5,2,2,1,4,4,529
"5d3153fe3adeb90019d0d8cb",25,30,15,30,35,25,35,20,25,NA,NA,NA,NA,NA,NA,NA,NA,NA,30,35,20,NA,NA,NA,NA,NA,NA,NA,NA,NA,NA,NA,NA,NA,NA,NA,30,2,NA,NA,NA,NA,NA,1,NA,NA,NA,"",3,2,1,0,2,NA,22,1,1,0,3,4,"",NA,1,1,1,NA,1,NA,1,1,0,0,3,1,2,1,3,4,2,0,4,1,0,"",0,1,1,NA,NA,NA,NA,NA,1,NA,NA,"",4,5,3,2,3,4,1,1,2,2,5,5,5,645
"5c2c7eae8a20f50001e9a8c0",35,40,25,35,25,20,45,15,20,NA,NA,NA,NA,NA,NA,NA,NA,NA,NA,NA,NA,NA,NA,NA,35,20,25,NA,NA,NA,NA,NA,NA,NA,NA,NA,29,1,NA,NA,NA,NA,NA,1,NA,NA,NA,"",5,4,4,0,2,NA,10,1,1,1,4,1,"",NA,NA,NA,1,NA,NA,NA,2,3,4,1,3,3,5,4,4,4,5,3,2,2,3,"",1,NA,NA,NA,NA,NA,NA,1,NA,NA,NA,"",4,4,5,4,4,5,4,5,4,4,1,2,2,224
"5c241110db93d10001ca8486",80,72,60,90,85,67,90,85,65,NA,NA,NA,NA,NA,NA,NA,NA,NA,NA,NA,NA,NA,NA,NA,80,75,65,NA,NA,NA,NA,NA,NA,NA,NA,NA,23,2,1,NA,NA,NA,NA,1,NA,NA,NA,"",4,3,4,0,4,NA,10,0,1,0,1,2,"",1,NA,1,NA,NA,1,NA,1,1,1,0,6,3,1,1,3,3,3,3,4,1,0,"",0,1,1,NA,1,NA,NA,NA,1,NA,NA,"",4,2,3,2,5,4,2,3,2,2,5,5,5,713
"5d5497857aff650001a18c3c",20,20,20,22,22,22,25,18,25,20,20,20,NA,NA,NA,NA,NA,NA,NA,NA,NA,NA,NA,NA,NA,NA,NA,NA,NA,NA,NA,NA,NA,NA,NA,NA,49,2,1,NA,NA,NA,NA,NA,NA,NA,NA,"",5,2,2,1,2,NA,10,1,1,0,5,1,"",1,1,NA,NA,1,1,NA,3,1,2,1,4,4,2,3,3,3,3,3,4,3,2,"",1,NA,NA,NA,NA,NA,NA,1,1,NA,NA,"",3,3,1,2,5,3,3,3,1,1,2,3,3,524
"5d4695cbba790b0001dd4975",50,30,27,75,63,40,75,70,50,NA,NA,NA,NA,NA,NA,77,70,34,NA,NA,NA,NA,NA,NA,NA,NA,NA,NA,NA,NA,NA,NA,NA,NA,NA,NA,31,2,1,NA,NA,NA,NA,NA,NA,NA,NA,"",3,-1,3,0,3,NA,45,1,0,0,4,1,"",1,1,1,1,NA,1,NA,5,2,1,1,5,5,3,1,5,4,1,4,4,2,0,"",0,1,NA,NA,1,1,1,1,1,NA,NA,"",4,3,1,3,3,3,3,3,3,3,1,5,1,477
"57531e4bd856ad0006153e84",30,25,25,35,30,30,35,30,32.5,NA,NA,NA,NA,NA,NA,NA,NA,NA,NA,NA,NA,NA,NA,NA,NA,NA,NA,NA,NA,NA,35,30,32.5,NA,NA,NA,21,2,1,NA,NA,NA,NA,NA,NA,NA,NA,"",3,2,4,0,3,NA,33,1,1,0,2,1,"",NA,1,NA,NA,1,NA,NA,3,2,1,1,3,3,1,3,5,3,3,3,3,0,0,"",0,1,NA,NA,1,NA,NA,NA,NA,NA,NA,"",4,2,1,2,4,2,1,1,1,1,5,3,4,434
"5a908d6a89de8200013ea321",50,39.99,49.99,47.99,30.99,29.99,69.99,50,69,NA,NA,NA,NA,NA,NA,NA,NA,NA,80,60,70,NA,NA,NA,NA,NA,NA,NA,NA,NA,NA,NA,NA,NA,NA,NA,18,1,NA,NA,NA,1,NA,NA,NA,NA,NA,"",2,2,4,0,6,NA,45,0,0,0,4,4,"",1,1,NA,NA,NA,NA,NA,1,0,1,0,3,4,2,3,4,2,3,1,2,1,0,"",0,1,NA,NA,1,NA,NA,NA,NA,NA,NA,"",3,2,2,4,4,2,3,2,3,2,5,5,3,646
"5b82afa0b0d72600018db418",45,40,20,75,65,50,40,40,60,NA,NA,NA,65,65,75,NA,NA,NA,NA,NA,NA,NA,NA,NA,NA,NA,NA,NA,NA,NA,NA,NA,NA,NA,NA,NA,21,2,1,NA,NA,NA,NA,NA,NA,NA,NA,"",3,1,1,1,5,NA,10,1,1,0,3,1,"",1,NA,NA,1,1,1,NA,1,1,0,0,4,2,1,1,4,4,5,3,3,3,0,"",0,1,NA,1,NA,NA,NA,NA,NA,NA,NA,"",5,1,1,2,5,1,2,1,1,1,5,5,5,435
"5a2adf6a8e00a000019864fb",75,60,40,75,60,40,75,60,45,NA,NA,NA,NA,NA,NA,NA,NA,NA,NA,NA,NA,NA,NA,NA,75,60,40,NA,NA,NA,NA,NA,NA,NA,NA,NA,36,1,1,NA,NA,NA,NA,NA,NA,NA,NA,"",5,2,4,0,1,NA,36,1,1,0,3,1,"",1,NA,NA,NA,NA,NA,NA,3,0,0,0,4,3,2,2,4,3,2,2,2,1,0,"",0,NA,NA,NA,NA,NA,NA,NA,NA,NA,1,"",2,3,1,1,1,1,2,2,1,2,5,3,5,240
"5c55127691c0ad0001cf7027",25,20,15,30,25,20,30,20,25,NA,NA,NA,NA,NA,NA,NA,NA,NA,NA,NA,NA,NA,NA,NA,NA,NA,NA,NA,NA,NA,NA,NA,NA,25,20,30,24,1,1,NA,NA,NA,NA,NA,NA,NA,NA,"",3,1,4,0,1,NA,15,1,1,0,4,1,"",1,NA,NA,NA,NA,NA,NA,2,1,1,1,2,1,1,1,5,4,4,3,4,2,0,"",0,1,NA,NA,1,NA,NA,NA,NA,NA,NA,"",5,4,2,3,3,2,2,2,1,2,2,3,1,924
"5b0b201a444cef0001ca3881",99,40,15,99,40,15,65,40,40,NA,NA,NA,NA,NA,NA,NA,NA,NA,NA,NA,NA,NA,NA,NA,NA,NA,NA,65,35,55,NA,NA,NA,NA,NA,NA,30,1,1,NA,NA,NA,NA,NA,NA,NA,NA,"",5,3,2,0,2,NA,10,1,1,0,5,2,"",1,1,NA,NA,NA,NA,NA,2,1,0,1,4,4,4,1,4,3,2,3,4,2,1,"",0,1,NA,NA,1,1,NA,NA,NA,NA,NA,"",3,4,3,4,4,1,3,2,2,2,3,3,4,681
"5aeaa03c537e4c0001231c23",30,25,20,30,25,20,30,40,20,30,40,20,NA,NA,NA,NA,NA,NA,NA,NA,NA,NA,NA,NA,NA,NA,NA,NA,NA,NA,NA,NA,NA,NA,NA,NA,31,2,1,NA,NA,NA,NA,NA,NA,NA,NA,"",6,3,4,0,1,NA,5,1,1,0,5,1,"",1,1,1,1,1,NA,NA,3,1,0,2,5,3,2,1,4,4,2,2,2,0,0,"",0,1,NA,NA,NA,NA,NA,NA,NA,NA,NA,"",2,3,2,1,3,1,4,3,1,1,2,3,3,509
"5d5ab1144fe3e600194c55d8",24,16,18,15,10,10,18,15,15,NA,NA,NA,NA,NA,NA,NA,NA,NA,NA,NA,NA,NA,NA,NA,NA,NA,NA,20,14,18,NA,NA,NA,NA,NA,NA,29,1,1,NA,NA,NA,NA,NA,NA,NA,NA,"",6,3,3,0,2,NA,33,1,1,1,4,1,"",NA,1,NA,NA,NA,NA,NA,5,1,2,2,3,2,1,3,3,2,3,2,3,1,0,"",0,1,1,NA,1,NA,NA,NA,NA,NA,NA,"",4,4,2,2,1,1,3,2,2,1,5,5,5,480
"5d4a01a20b5bf80019ad0070",16.5,15.25,12,19,17.5,15,26,22,20,NA,NA,NA,NA,NA,NA,NA,NA,NA,NA,NA,NA,NA,NA,NA,NA,NA,NA,NA,NA,NA,28.5,28.5,28.5,NA,NA,NA,26,1,NA,NA,NA,1,NA,NA,NA,NA,NA,"",5,-1,4,0,3,NA,31,1,0,1,4,4,"",1,NA,1,NA,NA,1,NA,3,1,1,0,3,3,1,1,4,4,4,2,4,2,0,"",0,1,1,NA,NA,NA,NA,NA,1,NA,NA,"",4,3,2,3,4,3,1,1,1,1,5,3,5,769
"5c40134b1580e900012320ab",15,15,15,20,20,20,15,12,20,15,12,20,NA,NA,NA,NA,NA,NA,NA,NA,NA,NA,NA,NA,NA,NA,NA,NA,NA,NA,NA,NA,NA,NA,NA,NA,38,2,1,NA,NA,NA,NA,NA,NA,NA,NA,"",3,2,1,1,5,NA,5,1,1,0,3,1,"",NA,NA,NA,1,NA,1,NA,2,1,1,1,2,2,1,1,3,3,3,2,2,0,0,"",0,1,1,NA,NA,NA,NA,NA,NA,NA,NA,"",4,2,1,2,3,3,2,NA,NA,NA,1,4,5,494
"5d34d17089232600011ade3a",25,30,50,20,25,35,15,17,19,NA,NA,NA,NA,NA,NA,NA,NA,NA,NA,NA,NA,11,22,25,NA,NA,NA,NA,NA,NA,NA,NA,NA,NA,NA,NA,30,1,NA,NA,NA,1,NA,NA,NA,NA,NA,"",5,2,4,0,5,NA,33,1,1,0,4,2,"",1,1,NA,NA,NA,NA,NA,3,1,2,1,5,3,2,4,3,3,3,2,2,3,2,"",1,1,NA,NA,1,NA,NA,NA,NA,NA,NA,"",5,5,4,3,4,3,4,4,5,5,1,5,3,865
"5d5ae6e4d5610d0001d9c24d",20,20,16,20,20,16,20,18,16,NA,NA,NA,15,15,20,NA,NA,NA,NA,NA,NA,NA,NA,NA,NA,NA,NA,NA,NA,NA,NA,NA,NA,NA,NA,NA,30,2,1,NA,NA,NA,NA,NA,NA,NA,NA,"",4,2,1,1,4,NA,25,1,1,0,5,1,"",1,NA,1,1,NA,1,NA,3,1,0,0,2,1,1,1,4,4,4,2,3,2,0,"",0,1,1,NA,NA,NA,NA,1,1,NA,NA,"",4,1,2,3,5,5,1,1,1,1,5,5,5,411
"592bb32c943e670001cde123",45,45,45,60,60,60,65,65,65,NA,NA,NA,NA,NA,NA,NA,NA,NA,NA,NA,NA,60,75,75,NA,NA,NA,NA,NA,NA,NA,NA,NA,NA,NA,NA,34,1,1,NA,NA,NA,NA,NA,NA,NA,NA,"",5,3,4,0,3,NA,5,1,1,0,3,1,"",1,1,NA,NA,NA,NA,NA,5,3,1,2,5,3,3,3,4,3,3,2,2,2,2,"",1,1,NA,1,NA,NA,NA,NA,NA,NA,NA,"",3,4,2,3,4,3,3,3,3,3,2,3,3,942
"5d4fa7c197082b0001f7f483",80,50,25,80,50,50,80,50,50,NA,NA,NA,NA,NA,NA,NA,NA,NA,NA,NA,NA,NA,NA,NA,NA,NA,NA,NA,NA,NA,NA,NA,NA,80,50,50,30,1,1,NA,NA,NA,NA,NA,NA,NA,NA,"",3,2,4,1,3,NA,24,1,1,0,5,4,"",1,1,1,NA,1,1,NA,3,2,1,1,3,4,3,3,5,4,4,3,3,1,0,"",0,1,NA,NA,1,NA,NA,NA,1,NA,NA,"",2,3,1,4,4,2,3,2,1,1,4,5,5,390
"5abbe688fa3b4e0001731087",12.5,12.5,10,15,15,12.5,15.5,14,15.5,NA,NA,NA,NA,NA,NA,NA,NA,NA,NA,NA,NA,NA,NA,NA,NA,NA,NA,NA,NA,NA,15.5,14,15.5,NA,NA,NA,27,2,1,NA,NA,NA,NA,NA,NA,NA,NA,"",6,2,4,0,2,NA,10,1,1,0,5,1,"",1,1,NA,NA,NA,NA,NA,5,2,1,4,2,4,4,2,4,4,2,2,3,1,1,"",0,1,1,NA,1,NA,NA,1,NA,NA,NA,"",4,4,2,3,2,2,4,5,3,2,2,3,3,410
"5d2f2839b88efd00019347ef",15,8,7,15,8,7,18,5,8,NA,NA,NA,NA,NA,NA,18,5,7,NA,NA,NA,NA,NA,NA,NA,NA,NA,NA,NA,NA,NA,NA,NA,NA,NA,NA,32,2,1,NA,NA,NA,NA,NA,NA,NA,NA,"",5,3,1,0,2,NA,31,1,1,0,3,1,"",NA,1,1,1,1,1,NA,3,2,2,2,2,3,1,4,5,1,3,2,2,2,0,"",0,1,1,NA,NA,NA,NA,NA,NA,NA,NA,"",5,2,1,2,1,1,1,1,1,1,5,5,4,439
"5781c15381f331000139a89e",15,15,15,20,20,20,25,25,25,NA,NA,NA,NA,NA,NA,NA,NA,NA,20,20,20,NA,NA,NA,NA,NA,NA,NA,NA,NA,NA,NA,NA,NA,NA,NA,31,2,1,NA,NA,NA,NA,NA,NA,NA,NA,"",3,1,4,0,1,NA,45,1,1,0,5,4,"",1,NA,NA,NA,NA,NA,NA,2,1,1,0,2,4,3,1,5,4,3,3,4,2,2,"",0,1,1,NA,1,NA,NA,NA,NA,NA,NA,"",5,2,3,4,3,2,1,1,1,1,3,3,3,1541
"5d30d94d6c17550001d3ba17",50,25,15,50,25,15,30,30,30,NA,NA,NA,NA,NA,NA,NA,NA,NA,NA,NA,NA,NA,NA,NA,NA,NA,NA,30,25,30,NA,NA,NA,NA,NA,NA,43,1,1,NA,NA,NA,NA,NA,NA,NA,NA,"",5,3,4,0,1,NA,33,1,1,0,5,3,"",1,1,NA,NA,NA,NA,NA,5,2,1,2,2,5,4,2,5,4,2,2,2,1,2,"",0,1,1,NA,NA,NA,1,NA,1,NA,NA,"",3,4,3,3,3,1,4,4,3,3,2,3,4,512
"5cdb2e2d64bd740015204a12",9.99,9.99,9.99,9.99,9.99,9.99,9.99,9.99,12.99,NA,NA,NA,NA,NA,NA,NA,NA,NA,NA,NA,NA,6.99,12.99,12.99,NA,NA,NA,NA,NA,NA,NA,NA,NA,NA,NA,NA,37,2,1,NA,NA,NA,NA,NA,NA,NA,NA,"",6,5,1,0,3,NA,16,1,1,0,3,2,"",NA,1,NA,NA,NA,NA,NA,2,1,0,1,1,1,1,1,3,3,3,1,1,0,0,"",0,NA,NA,NA,1,NA,NA,NA,NA,1,NA,"an annual wine tasting event in my area",3,1,1,2,3,1,3,3,1,1,5,5,5,551
"5d1b96e879ff550019e06c41",30,25,22,36,29,26,30,28,26,NA,NA,NA,28,30,32,NA,NA,NA,NA,NA,NA,NA,NA,NA,NA,NA,NA,NA,NA,NA,NA,NA,NA,NA,NA,NA,30,1,1,NA,NA,NA,NA,NA,NA,NA,NA,"",2,2,4,0,4,NA,39,0,1,0,4,1,"",NA,1,NA,NA,NA,NA,NA,3,1,1,2,4,3,2,3,4,3,3,3,4,1,0,"",0,1,NA,NA,1,NA,NA,1,1,NA,NA,"",4,3,1,4,5,3,2,2,2,2,3,2,4,417
"5be8a1701664db0001d804f8",20,15,15,20,15,15,20,15,15,NA,NA,NA,NA,NA,NA,NA,NA,NA,NA,NA,NA,NA,NA,NA,NA,NA,NA,NA,NA,NA,NA,NA,NA,20,15,15,50,2,NA,NA,NA,NA,NA,1,NA,NA,NA,"",4,5,1,0,2,NA,19,1,1,0,5,2,"",1,1,NA,NA,1,NA,NA,1,1,0,1,3,3,4,1,5,4,3,4,2,1,1,"",0,1,1,1,NA,NA,NA,NA,NA,NA,NA,"",5,2,1,1,1,3,3,2,1,1,2,3,3,800
"5ca7f6478aab360016d59972",40,30,30,45,35,35,40,30,30,NA,NA,NA,NA,NA,NA,NA,NA,NA,NA,NA,NA,NA,NA,NA,NA,NA,NA,45,30,45,NA,NA,NA,NA,NA,NA,26,2,1,NA,NA,NA,NA,NA,NA,NA,NA,"",5,3,3,0,4,NA,5,1,1,0,2,2,"",1,1,1,NA,1,1,NA,2,2,0,0,3,1,1,1,5,4,5,4,4,1,0,"",0,1,NA,NA,1,NA,NA,NA,1,NA,NA,"",4,4,2,3,5,5,2,1,1,1,3,3,1,564
"5c6f25d25eac7b000127528c",12.99,10.99,8.99,12.99,10.99,8.99,12.99,9.99,9.99,NA,NA,NA,NA,NA,NA,NA,NA,NA,NA,NA,NA,12.99,9.99,9.99,NA,NA,NA,NA,NA,NA,NA,NA,NA,NA,NA,NA,37,1,1,NA,NA,NA,NA,NA,NA,NA,NA,"",4,3,3,0,2,NA,45,1,0,0,5,1,"",NA,NA,NA,NA,1,NA,NA,2,2,0,0,2,3,2,2,5,3,2,3,3,1,0,"",0,NA,NA,NA,1,NA,NA,NA,NA,NA,NA,"",4,4,3,3,3,3,2,1,4,2,4,5,3,593
"5d18d4267a5f6d001a64b9c1",10,8.75,9,12,10,11,18,15,19,NA,NA,NA,NA,NA,NA,NA,NA,NA,19,15,15,NA,NA,NA,NA,NA,NA,NA,NA,NA,NA,NA,NA,NA,NA,NA,26,2,1,NA,NA,NA,NA,NA,NA,NA,NA,"",3,2,4,0,3,NA,14,0,1,0,5,1,"",NA,NA,1,NA,NA,1,NA,4,3,1,1,3,4,2,2,4,3,3,3,2,1,0,"",0,NA,NA,NA,1,NA,NA,NA,NA,NA,NA,"",4,3,1,3,4,1,2,4,2,2,2,4,5,297
"5c23e924da51990001e22c7f",25,20,18,25,20,18,30,25,20,NA,NA,NA,NA,NA,NA,30,30,20,NA,NA,NA,NA,NA,NA,NA,NA,NA,NA,NA,NA,NA,NA,NA,NA,NA,NA,22,2,1,NA,NA,NA,NA,NA,NA,NA,NA,"",5,5,4,0,4,NA,21,0,0,0,3,1,"",NA,1,1,NA,NA,NA,NA,3,1,0,1,2,2,1,1,5,4,3,2,3,0,0,"",0,1,NA,NA,1,NA,NA,NA,NA,NA,NA,"",5,2,2,2,1,1,1,1,2,2,5,5,5,502
"5953e8325071bb0001ce9960",25,20,15,30,25,18,25,20,18,NA,NA,NA,NA,NA,NA,NA,NA,NA,NA,NA,NA,NA,NA,NA,NA,NA,NA,NA,NA,NA,25,25,18,NA,NA,NA,28,2,1,NA,NA,NA,NA,NA,NA,NA,NA,"",5,4,1,0,2,NA,25,1,1,0,5,1,"",1,1,1,NA,NA,NA,NA,5,2,1,4,3,4,2,2,5,4,3,3,3,2,0,"",1,1,NA,NA,NA,1,1,1,NA,NA,NA,"",4,3,2,3,3,2,4,4,2,2,2,3,3,372
"5c9167999d8971001688c06e",40,40,30,50,50,40,60,60,50,NA,NA,NA,NA,NA,NA,NA,NA,NA,NA,NA,NA,NA,NA,NA,50,60,50,NA,NA,NA,NA,NA,NA,NA,NA,NA,26,2,1,NA,NA,NA,NA,NA,NA,NA,NA,"",3,3,1,0,2,NA,26,1,1,0,4,1,"",NA,1,NA,NA,1,NA,NA,5,5,1,2,3,5,4,2,5,5,4,3,3,3,1,"",0,1,NA,NA,1,NA,NA,1,1,NA,NA,"",3,3,3,4,4,4,4,5,4,4,2,3,3,733
"5b04480ac66dc60001981438",14.99,14.99,12.99,16.99,16.99,14.99,13.99,10.99,14.99,NA,NA,NA,NA,NA,NA,NA,NA,NA,NA,NA,NA,NA,NA,NA,NA,NA,NA,NA,NA,NA,NA,NA,NA,15.99,15.99,17.99,27,2,1,NA,NA,NA,NA,NA,NA,NA,NA,"",5,3,4,1,5,NA,14,1,1,0,5,1,"",NA,1,NA,NA,NA,NA,NA,5,3,4,3,2,1,1,1,5,5,4,3,4,2,1,"",0,1,1,NA,1,NA,NA,NA,NA,NA,NA,"",5,2,1,3,4,2,2,1,1,1,5,4,5,395
"5c70852d7826350001565ce4",25,25,20,25,25,20,25,25,20,NA,NA,NA,NA,NA,NA,25,25,20,NA,NA,NA,NA,NA,NA,NA,NA,NA,NA,NA,NA,NA,NA,NA,NA,NA,NA,38,1,1,NA,NA,NA,NA,NA,NA,NA,NA,"",3,1,4,0,1,NA,5,1,1,0,3,1,"",1,1,NA,NA,NA,NA,NA,1,0,0,0,2,1,1,1,4,4,3,2,4,0,0,"",0,1,1,NA,NA,NA,NA,NA,1,NA,NA,"",5,4,3,4,4,3,2,1,1,1,5,4,5,346
"5d3a10f0708b4f0001aa2513",25.99,20.99,10.99,20.99,10.99,10.99,15.99,17.99,12.99,19.99,13.99,13.99,NA,NA,NA,NA,NA,NA,NA,NA,NA,NA,NA,NA,NA,NA,NA,NA,NA,NA,NA,NA,NA,NA,NA,NA,22,1,1,NA,NA,NA,NA,NA,NA,NA,NA,"",5,3,4,0,3,NA,21,1,1,0,3,2,"",1,NA,NA,NA,1,NA,NA,3,2,1,0,4,4,3,3,3,4,2,4,2,2,0,"",0,1,NA,NA,1,NA,NA,1,NA,NA,NA,"",5,4,2,4,3,2,3,1,2,3,1,2,4,528
"5c33821f6f160f00013489cb",12,12,12,12,12,12,12,12,12,12,12,12,NA,NA,NA,NA,NA,NA,NA,NA,NA,NA,NA,NA,NA,NA,NA,NA,NA,NA,NA,NA,NA,NA,NA,NA,31,2,1,NA,NA,NA,NA,NA,NA,NA,NA,"",6,2,1,0,2,NA,14,0,1,1,5,1,"",1,1,NA,NA,NA,NA,NA,1,1,1,1,1,2,2,2,4,4,3,2,3,0,0,"",0,NA,NA,NA,NA,NA,NA,NA,NA,1,NA,"choose based on price",5,1,1,3,1,1,2,5,1,1,5,5,5,496
"5b476e05f2c50b0001a70e60",40,30,20,35,25,15,45,35,25,NA,NA,NA,NA,NA,NA,NA,NA,NA,50,45,40,NA,NA,NA,NA,NA,NA,NA,NA,NA,NA,NA,NA,NA,NA,NA,39,2,NA,1,NA,NA,NA,NA,NA,NA,NA,"",5,1,2,1,3,NA,33,1,1,0,5,1,"",1,NA,NA,NA,NA,NA,NA,4,1,4,0,2,3,1,2,5,3,3,2,2,1,0,"",0,1,NA,NA,1,NA,NA,NA,NA,NA,NA,"",4,3,1,2,3,2,4,2,2,2,5,5,5,365
"5b915c9d22d85d000115c0f5",20,25,15,25,20,15,25,20,15,NA,NA,NA,NA,NA,NA,NA,NA,NA,NA,NA,NA,20,25,25,NA,NA,NA,NA,NA,NA,NA,NA,NA,NA,NA,NA,33,2,1,NA,NA,NA,NA,NA,NA,NA,NA,"",5,2,3,0,2,NA,22,0,1,0,2,1,"",NA,1,NA,NA,NA,NA,NA,3,2,0,0,3,3,2,1,4,4,3,0,0,0,0,"",0,1,NA,NA,NA,NA,NA,NA,NA,NA,NA,"",4,1,1,1,1,1,2,1,1,1,5,2,5,354
"5d058bea2c41d6001657f427",12,10,8,14.5,12.5,10,18,16,14,NA,NA,NA,NA,NA,NA,18,16,12.5,NA,NA,NA,NA,NA,NA,NA,NA,NA,NA,NA,NA,NA,NA,NA,NA,NA,NA,30,2,1,NA,NA,NA,NA,NA,NA,NA,NA,"",5,2,1,1,4,NA,31,1,1,0,4,4,"",1,1,NA,NA,1,NA,NA,3,2,2,1,2,3,3,3,5,3,2,3,4,2,2,"",0,1,NA,NA,1,NA,NA,NA,1,NA,NA,"",3,2,1,3,3,3,4,3,2,2,5,5,5,509
"5ce6d3e10f63f30001604868",25,20,25,20,35,20,30,35,30,NA,NA,NA,25,30,25,NA,NA,NA,NA,NA,NA,NA,NA,NA,NA,NA,NA,NA,NA,NA,NA,NA,NA,NA,NA,NA,40,2,1,NA,NA,NA,NA,NA,NA,NA,NA,"",3,3,1,1,3,NA,27,1,1,0,4,2,"",1,1,1,1,1,1,NA,2,2,0,0,4,4,4,3,4,4,3,3,4,0,0,"",0,1,NA,NA,NA,NA,NA,NA,1,NA,NA,"",4,3,3,3,3,3,2,1,1,1,1,5,5,432
"5c462723a3f61c0001cf1cd2",12,12,6,15,15,8,18,15,8,NA,NA,NA,NA,NA,NA,NA,NA,NA,NA,NA,NA,NA,NA,NA,15,16,8,NA,NA,NA,NA,NA,NA,NA,NA,NA,26,2,1,NA,NA,NA,NA,NA,NA,NA,NA,"",5,1,3,0,3,NA,26,1,1,1,3,1,"",1,NA,NA,1,1,1,NA,3,1,0,0,1,1,1,1,4,4,2,3,3,2,0,"",0,1,NA,NA,1,NA,NA,NA,NA,NA,NA,"",4,1,1,2,4,1,1,1,1,1,5,5,5,318
"565e0989998e4400054bdd7e",17,15,13,22,20,20,23,20,21,NA,NA,NA,NA,NA,NA,NA,NA,NA,NA,NA,NA,NA,NA,NA,NA,NA,NA,NA,NA,NA,NA,NA,NA,22,20,20,27,1,1,NA,NA,NA,NA,NA,NA,NA,NA,"",1,1,4,0,1,NA,6,1,1,0,5,1,"",1,1,1,NA,1,NA,NA,3,1,0,1,3,5,3,2,4,3,3,2,3,3,1,"",1,1,1,NA,1,NA,NA,1,1,NA,NA,"",3,3,1,3,4,3,4,4,2,4,2,3,3,502
"5622e1e4ed6e5a0011c8077f",39,29,19,39,29,19,39,29,29,NA,NA,NA,39,29,29,NA,NA,NA,NA,NA,NA,NA,NA,NA,NA,NA,NA,NA,NA,NA,NA,NA,NA,NA,NA,NA,51,2,1,NA,NA,NA,NA,NA,NA,NA,NA,"",5,2,4,1,2,NA,5,1,1,0,4,1,"",NA,1,1,NA,NA,1,NA,3,2,1,2,2,3,1,1,4,3,3,3,3,2,0,"",0,1,NA,NA,1,NA,NA,NA,NA,NA,NA,"",3,2,2,2,2,1,2,2,1,2,4,4,4,361
"5cc7c1977adede001824ad6e",30,30,15,30,30,20,40,35,20,40,35,20,NA,NA,NA,NA,NA,NA,NA,NA,NA,NA,NA,NA,NA,NA,NA,NA,NA,NA,NA,NA,NA,NA,NA,NA,23,1,1,NA,NA,NA,NA,NA,NA,NA,NA,"",5,1,4,0,1,NA,1,1,1,0,3,1,"",NA,1,1,NA,NA,1,NA,5,3,1,1,3,3,3,2,4,4,3,3,4,2,0,"",0,1,NA,1,1,NA,NA,1,NA,NA,NA,"",4,3,1,4,5,4,3,2,1,2,5,5,5,346
"5783027f913c71000197300d",12,16,10,10,12,8,14,16,12,NA,NA,NA,NA,NA,NA,NA,NA,NA,NA,NA,NA,NA,NA,NA,NA,NA,NA,20,12,17,NA,NA,NA,NA,NA,NA,41,2,1,NA,NA,NA,NA,1,NA,NA,NA,"",4,2,1,1,5,NA,31,1,1,0,5,1,"",1,NA,1,NA,1,NA,NA,3,3,2,3,3,1,1,1,5,3,5,3,3,0,1,"",0,NA,1,NA,1,NA,NA,NA,1,NA,NA,"",4,5,5,5,5,5,4,4,1,2,2,3,4,647
"5b6f1fff3585d200014f84e1",15,10,8,18,12,10,13,10,10,NA,NA,NA,NA,NA,NA,NA,NA,NA,NA,NA,NA,12,10,10,NA,NA,NA,NA,NA,NA,NA,NA,NA,NA,NA,NA,22,2,1,NA,NA,NA,NA,NA,NA,NA,NA,"",5,1,4,0,2,NA,5,1,1,1,4,1,"",NA,1,1,1,1,1,NA,5,2,0,0,1,3,1,1,5,4,2,2,4,1,0,"",0,1,NA,NA,1,NA,NA,NA,NA,NA,NA,"",5,2,2,1,3,2,2,2,1,1,2,3,4,497
"5d421994f42ba0001a137ebc",25,18,15,25,20,20,25,25,18,NA,NA,NA,NA,NA,NA,NA,NA,NA,25,20,20,NA,NA,NA,NA,NA,NA,NA,NA,NA,NA,NA,NA,NA,NA,NA,35,2,1,NA,NA,NA,NA,NA,NA,NA,NA,"",6,1,1,0,2,NA,23,1,1,0,4,1,"",1,1,NA,NA,NA,NA,NA,5,1,1,1,2,4,1,2,5,3,2,2,4,0,0,"",0,1,1,NA,1,NA,NA,NA,NA,NA,NA,"",5,4,4,3,2,1,2,2,1,1,5,3,4,1021
"5d4ca16af9cbfb0017131094",12,12,12,12,12,12,12,12,12,NA,NA,NA,NA,NA,NA,NA,NA,NA,NA,NA,NA,NA,NA,NA,12,12,12,NA,NA,NA,NA,NA,NA,NA,NA,NA,31,1,1,NA,NA,NA,NA,NA,NA,NA,NA,"",5,3,1,0,2,NA,45,1,1,0,4,1,"",1,NA,NA,NA,1,NA,NA,2,2,0,0,2,2,1,1,4,3,3,2,2,1,1,"",0,1,NA,NA,1,NA,NA,NA,NA,NA,NA,"",4,2,2,2,2,1,2,2,1,1,5,5,5,716
"5c745589be30fc0014e83dc2",45,40,26,50,45,30,50,40,20,NA,NA,NA,NA,NA,NA,NA,NA,NA,NA,NA,NA,NA,NA,NA,NA,NA,NA,50,25,35,NA,NA,NA,NA,NA,NA,30,2,1,NA,NA,NA,NA,NA,NA,NA,NA,"",3,1,4,1,3,NA,33,1,1,0,3,1,"",1,1,NA,NA,1,NA,NA,6,1,3,3,3,3,2,1,4,2,4,3,4,3,1,"",1,1,NA,NA,1,NA,NA,NA,1,NA,NA,"",4,2,3,4,4,1,4,4,1,2,2,3,5,500
"5c7db851461e90001c7a06ce",12,13,19.99,12,13,19.99,17.99,18.99,19.99,NA,NA,NA,NA,NA,NA,NA,NA,NA,17.99,16.99,16.99,NA,NA,NA,NA,NA,NA,NA,NA,NA,NA,NA,NA,NA,NA,NA,28,1,1,NA,NA,NA,NA,NA,NA,NA,NA,"",5,3,1,0,2,NA,20,1,1,0,5,1,"",1,1,NA,NA,NA,NA,NA,3,1,1,0,3,2,1,2,5,3,3,3,3,3,0,"",0,1,NA,NA,1,1,NA,NA,NA,NA,NA,"",4,4,2,1,3,3,2,2,3,1,5,5,5,354
"5d546cd62932d00001b79705",35,20,25,35,20,25,40,25,35,NA,NA,NA,NA,NA,NA,NA,NA,NA,NA,NA,NA,NA,NA,NA,NA,NA,NA,NA,NA,NA,NA,NA,NA,40,25,35,22,2,NA,NA,NA,NA,NA,NA,NA,1,NA,"Mixed",5,2,4,1,6,NA,10,1,1,0,3,1,"",1,NA,1,1,NA,1,NA,5,2,1,2,5,3,2,2,4,2,3,3,4,2,1,"",0,1,NA,1,1,NA,1,1,1,NA,NA,"",3,3,3,4,4,4,4,4,2,2,2,3,3,1045
"5c8d5a31d127f2001ac45511",20,15,15,23,18,18,22,16,10,NA,NA,NA,NA,NA,NA,NA,NA,NA,NA,NA,NA,NA,NA,NA,NA,NA,NA,NA,NA,NA,NA,NA,NA,20,15,10,30,2,1,NA,NA,NA,NA,NA,NA,NA,NA,"",5,2,1,0,2,NA,37,1,1,1,3,1,"",1,1,NA,NA,NA,NA,NA,2,1,0,1,2,2,1,1,4,4,2,2,4,2,0,"",0,NA,1,NA,NA,NA,NA,NA,1,NA,NA,"",4,1,1,4,5,1,2,2,1,1,5,5,3,439
"5d1653de3935ca001b87ff71",17.5,13.5,10,17.5,13.5,10,20,13,15,NA,NA,NA,NA,NA,NA,NA,NA,NA,NA,NA,NA,NA,NA,NA,NA,NA,NA,NA,NA,NA,18,15,12,NA,NA,NA,24,1,1,NA,NA,NA,NA,1,NA,NA,NA,"",3,1,4,0,1,NA,5,1,1,0,2,1,"",1,1,NA,NA,NA,NA,NA,3,1,1,0,2,3,3,2,4,4,3,2,2,0,0,"",0,1,NA,NA,1,NA,NA,NA,NA,NA,NA,"",5,2,1,2,2,1,2,1,1,1,5,3,3,616
"5d5c25578af5fd0001ef3aee",45,40,35,45,40,35,50,45,40,NA,NA,NA,NA,NA,NA,NA,NA,NA,NA,NA,NA,NA,NA,NA,NA,NA,NA,50,45,55,NA,NA,NA,NA,NA,NA,38,2,1,NA,NA,NA,NA,NA,NA,NA,NA,"",3,4,1,1,4,NA,42,1,1,0,5,1,"",1,1,1,1,1,1,NA,5,5,5,3,6,5,5,5,5,5,5,4,3,3,2,"",1,NA,NA,NA,NA,NA,1,1,NA,NA,NA,"",4,4,4,4,4,4,5,5,5,5,5,5,5,346
"5cfeb0ba91d791001598b52c",50.5,40.2,30.6,33.32,44.21,31.2,33.45,55.25,31.44,56.34,56.76,77.2,NA,NA,NA,NA,NA,NA,NA,NA,NA,NA,NA,NA,NA,NA,NA,NA,NA,NA,NA,NA,NA,NA,NA,NA,42,1,1,NA,NA,NA,NA,NA,NA,NA,NA,"",6,4,1,1,7,7,33,1,1,1,5,3,"",1,1,NA,NA,NA,NA,NA,4,5,5,5,5,5,4,5,5,4,5,3,2,4,2,"",1,1,NA,1,NA,NA,1,NA,NA,NA,NA,"",NA,5,4,4,3,4,5,5,4,5,2,2,1,1069
"55a75835fdf99b26395fae40",30,40,25,30,40,25,40,25,30,NA,NA,NA,NA,NA,NA,NA,NA,NA,NA,NA,NA,NA,NA,NA,NA,NA,NA,NA,NA,NA,NA,NA,NA,40,25,30,29,2,1,NA,NA,NA,NA,NA,NA,NA,NA,"",2,2,4,0,3,NA,37,1,1,0,3,4,"",NA,1,1,1,1,1,NA,3,3,1,2,4,1,1,1,4,4,4,2,4,0,0,"",0,1,NA,NA,1,NA,NA,NA,NA,NA,NA,"",5,1,1,3,4,2,1,1,1,1,5,3,3,410
"58578946c41fd90001434680",22,15,18,22,15,18,18,18,18,NA,NA,NA,NA,NA,NA,NA,NA,NA,18,17,17,NA,NA,NA,NA,NA,NA,NA,NA,NA,NA,NA,NA,NA,NA,NA,64,1,1,NA,NA,NA,NA,NA,NA,NA,NA,"",3,2,1,0,2,NA,45,1,1,0,4,1,"",1,1,1,NA,NA,NA,NA,3,1,1,1,3,5,2,3,5,3,3,3,4,2,2,"",0,NA,NA,NA,NA,1,1,NA,1,NA,NA,"",4,4,3,4,4,2,4,4,2,4,1,3,4,524
"5d56d386265628000178078c",17,12,14,19,14,16,19,17,17,NA,NA,NA,NA,NA,NA,NA,NA,NA,NA,NA,NA,NA,NA,NA,18,19,17,NA,NA,NA,NA,NA,NA,NA,NA,NA,25,1,1,NA,NA,NA,NA,NA,NA,NA,NA,"",6,2,1,0,2,NA,45,0,0,0,5,1,"",1,1,1,1,NA,NA,NA,4,1,1,1,2,3,1,1,4,3,3,3,3,0,0,"",0,1,NA,NA,1,NA,NA,NA,NA,NA,NA,"",4,2,3,3,4,2,3,4,1,1,4,3,4,548
"5b4991de56e0140001acb76b",5.12,10.5,30.5,7.5,10.25,35.25,2.5,5,15,NA,NA,NA,NA,NA,NA,NA,NA,NA,NA,NA,NA,NA,NA,NA,NA,NA,NA,NA,NA,NA,2.75,5,32,NA,NA,NA,23,1,NA,NA,NA,1,NA,NA,NA,NA,NA,"",5,1,4,0,1,NA,33,1,1,0,4,1,"",NA,1,1,NA,1,NA,NA,3,3,3,1,4,3,3,4,4,4,5,2,3,3,0,"",0,NA,NA,NA,1,NA,1,NA,NA,NA,NA,"",4,5,4,4,4,5,3,4,4,4,2,4,3,847
"5d409a2a037fb000173a2792",30,30,15,40,40,20,35,35,20,35,35,20,NA,NA,NA,NA,NA,NA,NA,NA,NA,NA,NA,NA,NA,NA,NA,NA,NA,NA,NA,NA,NA,NA,NA,NA,34,2,1,NA,NA,NA,NA,NA,NA,NA,NA,"",5,-1,3,0,2,NA,45,1,1,0,4,1,"",NA,1,1,1,1,1,NA,3,2,0,0,2,3,2,3,4,3,3,3,4,1,0,"",0,1,NA,NA,1,NA,NA,NA,NA,NA,NA,"",5,1,1,2,3,3,3,2,1,1,5,5,3,541
"5c1a67f8b7d60a0001ddb0f4",11,12,10,14,15,12,15,16,12,NA,NA,NA,NA,NA,NA,NA,NA,NA,NA,NA,NA,NA,NA,NA,13.5,16,12,NA,NA,NA,NA,NA,NA,NA,NA,NA,28,2,1,NA,NA,NA,NA,NA,NA,NA,NA,"",4,1,4,0,1,NA,42,1,1,0,4,1,"",1,1,1,1,1,1,NA,4,2,0,1,2,3,3,1,4,4,3,4,4,2,1,"",0,NA,NA,NA,1,NA,NA,NA,1,NA,NA,"",5,3,2,4,4,2,3,3,3,3,2,3,3,604
"5c6f2ab29d7a310001470418",20,18,16,35,25,20,28,22,18,NA,NA,NA,20,20,20,NA,NA,NA,NA,NA,NA,NA,NA,NA,NA,NA,NA,NA,NA,NA,NA,NA,NA,NA,NA,NA,53,2,NA,NA,NA,NA,NA,1,NA,NA,NA,"",3,2,2,0,2,NA,45,1,1,0,5,1,"",1,NA,NA,1,1,NA,NA,3,2,0,2,2,3,3,1,5,5,5,3,2,2,0,"",0,1,1,NA,1,NA,NA,1,NA,NA,NA,"",2,3,3,4,1,3,4,3,2,2,5,4,4,762
"597d572d99bd880001772d8e",20,20,15,20,20,15,20,20,15,NA,NA,NA,NA,NA,NA,NA,NA,NA,NA,NA,NA,NA,NA,NA,NA,NA,NA,20,15,20,NA,NA,NA,NA,NA,NA,49,1,1,NA,NA,NA,NA,NA,NA,NA,NA,"",3,2,1,1,3,NA,10,1,1,0,4,1,"",1,NA,NA,NA,NA,NA,NA,4,1,1,0,2,5,2,2,5,3,3,2,4,2,0,"",0,1,1,1,NA,NA,NA,NA,NA,NA,NA,"",5,2,1,3,3,2,3,2,2,2,2,3,5,820
"5c47f0c82381060001bf7500",34,28,12,34,28,18,30,28,20,NA,NA,NA,NA,NA,NA,30,30,18,NA,NA,NA,NA,NA,NA,NA,NA,NA,NA,NA,NA,NA,NA,NA,NA,NA,NA,23,2,1,NA,NA,NA,NA,NA,NA,NA,NA,"",3,1,1,0,2,NA,49,1,1,0,4,1,"",1,NA,NA,1,1,1,NA,3,3,1,1,2,4,3,3,4,4,3,4,4,2,0,"",0,1,NA,NA,1,NA,1,1,NA,NA,NA,"",4,4,3,4,4,4,3,2,4,4,2,4,3,670
"5cc0aa9ee7ae420015d594e8",25,11.6,12.99,22,11.5,12.99,18,14.5,15.5,NA,NA,NA,NA,NA,NA,NA,NA,NA,NA,NA,NA,13.5,12.5,14,NA,NA,NA,NA,NA,NA,NA,NA,NA,NA,NA,NA,57,2,1,NA,NA,NA,NA,NA,NA,NA,NA,"",5,3,1,1,3,NA,49,0,1,0,5,1,"",1,1,1,NA,1,NA,NA,3,2,1,1,3,4,4,2,4,3,3,4,4,2,0,"",0,1,1,NA,1,NA,NA,1,NA,1,NA,"Recommended by servers in restaurants",4,4,3,3,3,3,3,3,2,1,2,3,4,789
"5c676d436f250200012a04e8",15,15,15,15,15,15,15,10,15,NA,NA,NA,NA,NA,NA,NA,NA,NA,15,10,15,NA,NA,NA,NA,NA,NA,NA,NA,NA,NA,NA,NA,NA,NA,NA,31,2,1,NA,NA,NA,NA,NA,NA,NA,NA,"",5,1,1,0,2,NA,22,1,1,0,4,1,"",NA,1,NA,1,1,1,NA,4,2,-1,0,2,4,3,2,4,3,3,3,4,2,1,"",0,1,NA,NA,1,NA,NA,NA,NA,NA,NA,"",5,2,1,2,3,1,1,1,1,1,5,5,4,573
"58d3dad59dbe3f0001258f66",40,20,20,40,20,20,40,30,20,NA,NA,NA,NA,NA,NA,40,40,20,NA,NA,NA,NA,NA,NA,NA,NA,NA,NA,NA,NA,NA,NA,NA,NA,NA,NA,49,2,1,NA,NA,NA,NA,NA,NA,NA,NA,"",4,3,1,0,2,NA,48,1,1,0,5,1,"",1,NA,1,1,NA,1,NA,3,1,0,1,4,1,1,1,5,5,3,2,2,0,0,"",0,1,NA,NA,1,1,1,NA,1,NA,NA,"",4,4,4,3,4,3,1,1,1,1,5,5,5,739
"5d4caac9f4840f00183a7ffa",25,23,15,26,25,20,26,25,25,NA,NA,NA,NA,NA,NA,NA,NA,NA,NA,NA,NA,NA,NA,NA,24,26,25,NA,NA,NA,NA,NA,NA,NA,NA,NA,22,1,1,NA,NA,NA,NA,NA,NA,NA,NA,"",3,2,4,0,3,NA,24,0,0,1,4,1,"",1,NA,1,NA,1,NA,NA,3,2,1,0,2,3,2,1,4,4,3,3,4,1,0,"",0,1,1,1,1,1,NA,NA,1,NA,NA,"",3,2,3,2,2,2,2,3,2,1,5,5,5,418
"5d55930c014eee000112c916",16,14,12,16,14,12,18,18,18,NA,NA,NA,NA,NA,NA,NA,NA,NA,NA,NA,NA,NA,NA,NA,NA,NA,NA,NA,NA,NA,16,16,16,NA,NA,NA,25,2,1,NA,NA,NA,NA,NA,NA,NA,NA,"",5,1,4,0,1,NA,45,1,1,0,5,1,"",1,NA,NA,NA,NA,NA,NA,4,1,-1,2,3,3,3,1,3,3,3,2,4,1,0,"",0,1,NA,NA,1,NA,NA,1,NA,NA,NA,"",4,3,1,2,2,2,3,4,3,1,4,3,4,633
"5737620867421f000d181393",50,30,40,50,30,40,70,30,40,NA,NA,NA,NA,NA,NA,NA,NA,NA,NA,NA,NA,NA,NA,NA,NA,NA,NA,NA,NA,NA,65,30,40,NA,NA,NA,41,2,1,NA,NA,NA,NA,NA,NA,NA,NA,"",5,2,1,1,4,NA,23,1,1,0,5,1,"",1,1,NA,NA,1,NA,NA,3,2,0,1,3,3,1,1,5,4,3,3,4,0,0,"",0,1,NA,NA,1,NA,NA,NA,NA,NA,NA,"",3,1,1,3,4,1,4,3,4,3,4,3,4,936
"5d4a1649c3242b001af69257",30,25,20,40,35,25,20,25,30,NA,NA,NA,NA,NA,NA,NA,NA,NA,NA,NA,NA,15,25,25,NA,NA,NA,NA,NA,NA,NA,NA,NA,NA,NA,NA,23,1,1,NA,NA,NA,NA,1,NA,NA,NA,"",5,2,4,0,4,NA,10,1,0,0,3,4,"",1,NA,NA,1,1,1,NA,3,1,0,0,2,1,1,1,4,4,4,1,4,0,0,"",0,1,NA,NA,1,NA,NA,NA,NA,NA,NA,"",5,2,1,4,3,4,1,1,1,1,5,5,5,374
"5d435674c83d9f001825f1e8",25,25,8,25,25,8,25,25,12,NA,NA,NA,NA,NA,NA,NA,NA,NA,NA,NA,NA,NA,NA,NA,NA,NA,NA,27,24,12,NA,NA,NA,NA,NA,NA,44,2,1,NA,NA,NA,NA,NA,NA,NA,NA,"",6,2,1,1,5,NA,14,1,1,0,4,1,"",1,NA,NA,NA,1,NA,NA,4,3,1,1,1,4,5,1,5,5,1,2,4,1,0,"",0,1,NA,NA,NA,NA,1,1,NA,NA,NA,"",3,3,2,3,2,2,3,2,2,1,2,3,4,684
"5c6a617c4330ba000182510e",20,15,15,20,15,15,20,15,15,NA,NA,NA,20,15,16,NA,NA,NA,NA,NA,NA,NA,NA,NA,NA,NA,NA,NA,NA,NA,NA,NA,NA,NA,NA,NA,28,1,1,NA,NA,NA,NA,NA,NA,NA,NA,"",3,2,3,0,2,NA,33,1,1,0,5,1,"",1,1,NA,NA,1,NA,NA,5,5,3,1,3,3,3,3,5,3,3,3,4,2,2,"",0,1,NA,NA,1,1,NA,NA,NA,NA,NA,"",4,4,2,4,4,2,4,4,4,4,2,3,3,592
"5c65c10ff5ac570001b37b55",30,15,25,50,25,35,30,15,25,NA,NA,NA,NA,NA,NA,40,40,20,NA,NA,NA,NA,NA,NA,NA,NA,NA,NA,NA,NA,NA,NA,NA,NA,NA,NA,46,2,1,NA,NA,NA,NA,NA,NA,NA,NA,"",6,4,1,1,4,NA,45,1,1,0,4,1,"",1,1,NA,NA,1,NA,NA,5,2,1,2,3,3,2,1,4,3,4,4,4,1,2,"",0,1,1,NA,NA,NA,1,1,1,NA,NA,"",3,2,2,4,4,3,3,2,2,3,2,5,3,1546
"5a69f41df10cdb0001b10329",99,20,15,99,25,20,99,20,15,NA,NA,NA,NA,NA,NA,NA,NA,NA,NA,NA,NA,NA,NA,NA,99,30,15,NA,NA,NA,NA,NA,NA,NA,NA,NA,31,1,1,NA,NA,NA,NA,NA,NA,NA,NA,"",3,2,4,0,2,NA,7,1,0,0,4,1,"",1,NA,1,NA,1,1,NA,3,1,1,0,3,5,1,5,4,3,5,4,3,2,1,"",0,1,NA,NA,1,NA,NA,NA,1,NA,NA,"",4,3,1,1,1,1,4,4,3,2,1,5,4,563
"5c3ab642688b59000102c3a1",40,30,18,50,40,20,35,20,25,NA,NA,NA,30,20,30,NA,NA,NA,NA,NA,NA,NA,NA,NA,NA,NA,NA,NA,NA,NA,NA,NA,NA,NA,NA,NA,21,2,1,NA,NA,NA,NA,NA,NA,NA,NA,"",3,5,4,0,4,NA,1,0,1,0,3,4,"",NA,1,1,1,NA,1,NA,3,1,0,0,4,4,2,1,5,3,2,2,3,1,0,"",0,1,NA,1,1,NA,NA,1,1,NA,NA,"",4,3,2,5,4,3,2,2,1,2,5,3,3,400
"5a636db913898300014b3618",20,15,12,20,15,12,20,15,12,12,12,12,NA,NA,NA,NA,NA,NA,NA,NA,NA,NA,NA,NA,NA,NA,NA,NA,NA,NA,NA,NA,NA,NA,NA,NA,50,2,1,NA,NA,NA,NA,NA,NA,NA,NA,"",8,2,1,1,4,NA,5,1,1,0,4,1,"",1,NA,NA,1,NA,NA,NA,4,1,1,1,3,5,3,2,4,3,2,3,4,2,1,"",0,1,1,NA,1,NA,NA,NA,1,NA,NA,"",5,5,2,3,4,3,3,2,2,2,2,3,4,421
"5658000ca9872d0011e1ba26",20,20,15,30,25,20,35,30,15,NA,NA,NA,NA,NA,NA,NA,NA,NA,NA,NA,NA,25,25,20,NA,NA,NA,NA,NA,NA,NA,NA,NA,NA,NA,NA,30,1,1,NA,NA,NA,NA,NA,NA,NA,NA,"",2,1,4,0,3,NA,36,1,1,0,3,1,"",1,1,1,NA,NA,NA,NA,4,0,0,0,3,3,1,1,4,4,3,2,3,0,0,"",0,NA,NA,NA,NA,NA,1,1,1,NA,NA,"",4,3,2,3,4,1,3,3,2,2,2,3,3,593
"5d391aa474651f0017882b6b",25,20,15,45,35,20,45,35,20,NA,NA,NA,NA,NA,NA,NA,NA,NA,NA,NA,NA,35,40,35,NA,NA,NA,NA,NA,NA,NA,NA,NA,NA,NA,NA,41,2,1,NA,NA,NA,NA,NA,NA,NA,NA,"",5,1,2,1,3,NA,16,1,1,0,3,4,"",NA,1,NA,NA,1,1,NA,2,2,0,0,3,3,2,1,4,3,2,3,3,1,0,"",0,1,NA,NA,NA,NA,NA,NA,NA,1,NA,"descriptions on menus and labels",4,2,2,2,3,4,2,1,1,1,2,3,3,452
"5c6af449707a740001033a0b",30,25,15,30,25,20,45,40,30,NA,NA,NA,45,35,35,NA,NA,NA,NA,NA,NA,NA,NA,NA,NA,NA,NA,NA,NA,NA,NA,NA,NA,NA,NA,NA,22,1,NA,NA,NA,NA,NA,1,NA,NA,NA,"",5,1,3,0,2,NA,19,1,0,0,4,1,"",1,NA,NA,NA,NA,NA,NA,4,0,0,0,1,1,1,1,4,4,3,4,4,0,0,"",0,1,NA,NA,NA,NA,NA,NA,NA,NA,NA,"",5,2,3,2,4,1,1,1,1,1,5,5,5,396
"5846c387d2be990001174c6f",19,17,15,15,17,15,15,15,15,NA,NA,NA,NA,NA,NA,NA,NA,NA,16,15,15,NA,NA,NA,NA,NA,NA,NA,NA,NA,NA,NA,NA,NA,NA,NA,28,1,1,NA,NA,NA,NA,NA,NA,NA,NA,"",5,3,4,0,1,NA,5,1,1,0,3,4,"",1,1,NA,NA,NA,1,NA,2,1,1,1,2,3,3,3,3,3,3,2,3,3,1,"",0,1,NA,NA,NA,NA,NA,NA,NA,NA,NA,"",4,2,2,3,2,1,3,3,2,2,5,4,5,479
"5a2e19cca3a512000195866a",20,15,10,23,15,10,23,17,17,NA,NA,NA,NA,NA,NA,NA,NA,NA,NA,NA,NA,NA,NA,NA,NA,NA,NA,20,17,18,NA,NA,NA,NA,NA,NA,24,1,1,NA,NA,NA,NA,NA,NA,NA,NA,"",3,2,4,0,3,NA,24,0,0,1,4,4,"",1,NA,NA,NA,NA,NA,NA,2,1,0,0,2,4,2,1,4,4,2,2,2,0,0,"",0,1,NA,NA,1,NA,NA,NA,NA,NA,NA,"",4,3,2,3,3,1,2,1,1,1,5,5,5,503
"5c0676a61a20110001ea1a24",8,7,6,8,7,6,8,7,6,NA,NA,NA,NA,NA,NA,NA,NA,NA,NA,NA,NA,NA,NA,NA,NA,NA,NA,NA,NA,NA,8,7,6,NA,NA,NA,51,2,1,NA,NA,NA,NA,NA,NA,NA,NA,"",4,1,3,0,2,NA,26,1,1,0,5,1,"",NA,NA,NA,1,NA,NA,NA,5,0,0,1,1,3,2,1,2,2,1,3,3,2,0,"",0,1,1,NA,1,NA,NA,NA,NA,NA,NA,"",4,5,1,1,1,1,4,4,1,2,1,4,4,1100
"5ccb7996347cb5001b477295",22,18,20,30,26,28,25,22,28,NA,NA,NA,NA,NA,NA,NA,NA,NA,NA,NA,NA,20,25,30,NA,NA,NA,NA,NA,NA,NA,NA,NA,NA,NA,NA,31,2,1,NA,NA,NA,NA,NA,NA,NA,NA,"",5,3,1,1,5,NA,49,1,1,0,4,1,"",NA,1,1,NA,1,NA,NA,4,2,0,2,2,4,4,1,5,4,4,3,4,1,0,"",0,NA,NA,NA,NA,NA,NA,1,1,NA,NA,"",4,3,1,3,4,2,3,3,1,1,1,3,3,375
"5cc0de4dbb24d500170593f6",10,10,10,15,15,15,10,10,10,NA,NA,NA,NA,NA,NA,10,10,8,NA,NA,NA,NA,NA,NA,NA,NA,NA,NA,NA,NA,NA,NA,NA,NA,NA,NA,21,2,NA,NA,NA,1,NA,NA,NA,NA,NA,"",5,4,3,0,2,NA,45,1,1,0,4,1,"",1,NA,1,1,NA,1,NA,1,1,0,0,1,1,1,1,5,5,3,3,4,1,0,"",0,1,1,NA,1,NA,NA,NA,NA,NA,NA,"",5,1,1,1,2,2,1,1,1,1,5,5,5,287
"5a9f566d777df2000160326c",20,20,12,20,20,12,20,20,12,20,20,12,NA,NA,NA,NA,NA,NA,NA,NA,NA,NA,NA,NA,NA,NA,NA,NA,NA,NA,NA,NA,NA,NA,NA,NA,39,2,1,NA,NA,NA,NA,NA,NA,NA,NA,"",5,3,1,1,4,NA,36,1,1,0,5,1,"",1,1,1,NA,NA,1,NA,5,1,1,2,2,1,1,1,NA,5,5,4,4,4,0,"",0,1,1,1,1,NA,NA,1,NA,NA,NA,"",5,1,1,5,5,1,2,2,1,1,2,4,3,393
"5c8e824fd3fb4d0017cf8a0f",30,20,8,30,20,8,35,25,15,NA,NA,NA,NA,NA,NA,35,25,10,NA,NA,NA,NA,NA,NA,NA,NA,NA,NA,NA,NA,NA,NA,NA,NA,NA,NA,43,2,1,NA,NA,NA,NA,NA,NA,NA,NA,"",5,2,2,0,1,NA,10,1,1,0,4,1,"",1,NA,NA,NA,NA,1,NA,3,1,0,1,2,3,1,1,5,4,2,3,4,0,1,"",0,NA,NA,NA,1,NA,NA,NA,1,NA,NA,"",4,4,2,3,3,1,2,3,1,1,5,5,4,543
"5d4f27abc1ec740015d82e3a",16,16,15,22,22,20,25,24,26,NA,NA,NA,25,25,26,NA,NA,NA,NA,NA,NA,NA,NA,NA,NA,NA,NA,NA,NA,NA,NA,NA,NA,NA,NA,NA,24,2,1,NA,NA,NA,NA,NA,NA,NA,NA,"",3,1,1,0,2,NA,45,1,1,0,3,1,"",1,1,1,1,NA,NA,NA,4,1,0,2,4,1,1,1,4,4,4,3,2,1,0,"",0,1,NA,NA,NA,NA,NA,NA,NA,NA,NA,"",3,3,2,2,2,2,2,3,1,1,5,5,4,1016
"562297c0ed6e5a0011c805d2",40,35,30,0,0,0,0,25,30,NA,NA,NA,NA,NA,NA,NA,NA,NA,NA,NA,NA,NA,NA,NA,NA,NA,NA,0,15,30,NA,NA,NA,NA,NA,NA,33,2,NA,1,NA,NA,NA,NA,NA,NA,NA,"",5,2,3,0,2,NA,33,0,1,0,3,1,"",NA,1,NA,1,NA,1,NA,3,0,3,0,3,3,2,2,5,4,4,3,3,1,0,"",0,1,1,NA,NA,NA,NA,NA,NA,1,NA,"Trying a glass at restaurants",2,2,2,3,4,1,1,1,1,1,5,5,4,626
"5d5223f2ed6cf6000171f739",16,15,14,16,15,14,16,15,14,NA,NA,NA,NA,NA,NA,NA,NA,NA,NA,NA,NA,NA,NA,NA,13,16,14,NA,NA,NA,NA,NA,NA,NA,NA,NA,38,1,1,NA,NA,NA,NA,NA,NA,NA,NA,"",5,3,1,0,2,NA,34,0,1,0,4,4,"",1,NA,NA,NA,NA,NA,NA,1,1,0,0,2,2,1,1,5,3,3,3,4,2,0,"",0,1,1,NA,NA,NA,NA,NA,NA,NA,NA,"",5,3,3,5,4,2,2,2,1,1,2,4,5,613
"56c9b9ce10a82f000cffd262",12,12,12,12,12,12,15,12,10,NA,NA,NA,NA,NA,NA,NA,NA,NA,NA,NA,NA,NA,NA,NA,NA,NA,NA,NA,NA,NA,15,12,10,NA,NA,NA,34,2,NA,1,NA,NA,NA,NA,NA,NA,NA,"",6,2,1,1,4,NA,14,1,1,0,3,2,"",NA,1,1,1,NA,1,NA,3,2,0,1,2,3,2,1,3,4,2,2,3,2,0,"",0,1,NA,NA,NA,NA,NA,NA,NA,NA,NA,"",4,3,1,4,4,2,2,2,1,1,2,3,5,581
"5bce2c5253de59000184642a",25,20,15,50,35,25,40,30,20,NA,NA,NA,NA,NA,NA,NA,NA,NA,NA,NA,NA,NA,NA,NA,NA,NA,NA,NA,NA,NA,NA,NA,NA,30,20,15,37,1,1,NA,NA,NA,NA,NA,NA,NA,NA,"",5,2,4,0,2,NA,15,1,1,1,4,1,"",1,1,NA,NA,NA,NA,NA,5,1,1,2,3,3,2,2,4,3,2,4,3,2,0,"",0,1,NA,NA,1,NA,NA,NA,1,NA,NA,"",3,4,4,3,4,2,4,4,2,3,2,3,3,551
"5c92aa671ce0cd00128c6c86",9.99,9.99,9.99,9.99,9.99,9.99,12.99,8.99,12.99,NA,NA,NA,NA,NA,NA,NA,NA,NA,NA,NA,NA,NA,NA,NA,NA,NA,NA,NA,NA,NA,NA,NA,NA,11.99,8.99,11.99,29,1,1,NA,NA,NA,NA,NA,NA,NA,NA,"",6,3,4,0,2,NA,14,1,1,0,3,1,"",1,NA,NA,NA,NA,NA,NA,4,1,1,0,2,1,1,1,4,3,4,2,3,1,2,"",0,1,NA,NA,1,NA,1,NA,NA,NA,NA,"",5,1,1,3,4,1,3,2,1,1,3,4,4,489
"5c59aecb6ca5e600017206de",20,15,10,30,20,15,25,20,15,NA,NA,NA,NA,NA,NA,NA,NA,NA,NA,NA,NA,NA,NA,NA,NA,NA,NA,NA,NA,NA,20,20,15,NA,NA,NA,24,1,1,NA,NA,NA,NA,NA,NA,NA,NA,"",5,3,1,0,2,NA,36,1,1,0,5,1,"",1,1,NA,NA,1,NA,NA,3,2,0,1,2,4,4,1,5,4,3,2,2,4,1,"",0,1,NA,NA,NA,NA,1,NA,1,NA,NA,"",4,2,1,3,4,1,2,1,1,1,5,5,4,416
"5c78d785da78bc0001257542",40,45,30,40,45,30,45,47,34,NA,NA,NA,NA,NA,NA,NA,NA,NA,45,47,34,NA,NA,NA,NA,NA,NA,NA,NA,NA,NA,NA,NA,NA,NA,NA,24,3,1,NA,NA,NA,NA,NA,NA,NA,NA,"",2,1,4,0,4,NA,6,0,0,0,4,1,"",1,NA,1,NA,NA,1,NA,1,0,1,0,3,1,1,1,4,4,4,3,4,2,0,"",0,1,NA,NA,1,NA,NA,NA,NA,NA,NA,"",4,3,2,3,3,2,2,1,1,1,5,5,5,622
"5d483bd31274770001916b96",10,10,10,10,10,10,10,10,10,10,10,10,NA,NA,NA,NA,NA,NA,NA,NA,NA,NA,NA,NA,NA,NA,NA,NA,NA,NA,NA,NA,NA,NA,NA,NA,51,1,1,NA,NA,NA,NA,NA,NA,NA,NA,"",2,2,1,0,2,NA,36,1,0,0,3,1,"",1,1,1,1,NA,1,NA,3,0,1,0,1,3,3,3,4,4,4,2,3,2,0,"",0,1,NA,1,1,NA,NA,NA,1,NA,NA,"",5,1,1,3,2,1,1,1,1,1,5,5,4,746
"5bdf6a82c787750001fce613",30,25,20,30,25,25,30,25,25,NA,NA,NA,NA,NA,NA,NA,NA,NA,NA,NA,NA,NA,NA,NA,NA,NA,NA,NA,NA,NA,32,28,28,NA,NA,NA,32,2,NA,NA,NA,NA,NA,1,NA,NA,NA,"",6,4,3,0,2,NA,38,1,1,0,5,1,"",1,NA,1,NA,1,NA,NA,5,4,1,3,4,4,4,3,4,4,3,4,3,0,1,"",0,1,1,NA,1,NA,1,NA,NA,NA,NA,"",4,3,3,3,2,1,4,4,4,4,2,3,3,524
"5d1a4200336108001758ede0",20,25,15,20,20,15,25,25,20,NA,NA,NA,25,25,20,NA,NA,NA,NA,NA,NA,NA,NA,NA,NA,NA,NA,NA,NA,NA,NA,NA,NA,NA,NA,NA,32,2,1,NA,NA,NA,NA,NA,NA,NA,NA,"",6,2,3,0,2,NA,7,0,1,0,3,1,"",1,1,NA,NA,NA,1,NA,3,0,1,2,3,2,1,1,3,3,3,2,3,0,0,"",0,1,NA,NA,NA,1,NA,NA,NA,NA,NA,"",4,2,3,4,4,2,1,1,1,4,1,3,4,587
"5c10724111fe9a00013cd815",25,30,20,30,25,20,35,40,25,NA,NA,NA,NA,NA,NA,45,40,35,NA,NA,NA,NA,NA,NA,NA,NA,NA,NA,NA,NA,NA,NA,NA,NA,NA,NA,54,2,NA,1,NA,NA,NA,NA,NA,NA,NA,"",3,1,4,0,2,NA,42,1,1,0,5,1,"",1,1,NA,1,1,NA,NA,6,5,1,2,3,4,3,3,5,5,5,3,3,2,2,"",1,1,1,1,1,1,1,NA,1,NA,NA,"",5,3,2,5,4,5,5,5,4,5,3,2,1,673
"5d48b53b0367350016e1f513",15,15,13.5,15,15,15,13,14,15,NA,NA,NA,NA,NA,NA,NA,NA,NA,NA,NA,NA,NA,NA,NA,NA,NA,NA,NA,NA,NA,NA,NA,NA,13.5,13.5,13.5,28,1,1,NA,NA,NA,NA,NA,NA,NA,NA,"",3,1,4,0,1,NA,51,1,1,0,3,1,"",1,1,1,1,NA,1,NA,2,1,0,2,2,2,1,1,5,4,3,2,3,1,0,"",0,1,1,NA,1,NA,NA,NA,1,NA,NA,"",4,2,2,4,3,2,2,2,1,1,2,5,4,567
"5d55845aa17f57001730662f",13,13,20,36,32,20,45,32,30,NA,NA,NA,NA,NA,NA,NA,NA,NA,NA,NA,NA,NA,NA,NA,NA,NA,NA,NA,NA,NA,NA,NA,NA,40,35,35,25,2,1,NA,NA,NA,NA,NA,NA,NA,NA,"",6,1,4,0,1,NA,33,1,1,0,4,1,"",1,1,1,NA,NA,NA,NA,3,0,2,1,2,NA,NA,1,4,4,4,2,2,0,2,"",0,1,NA,NA,NA,NA,NA,NA,NA,NA,NA,"",3,4,4,4,3,4,2,2,2,2,3,4,1,375
"5d58471ffe8768001a31d33a",22.99,14.99,18.99,19.99,12.99,13.99,22.99,14.99,17.99,NA,NA,NA,NA,NA,NA,NA,NA,NA,NA,NA,NA,NA,NA,NA,NA,NA,NA,22.99,12.99,17.99,NA,NA,NA,NA,NA,NA,49,2,1,NA,NA,NA,NA,NA,NA,NA,NA,"",5,3,1,1,4,NA,2,1,1,0,5,1,"",1,NA,NA,NA,NA,NA,NA,6,1,0,0,1,3,5,1,5,4,3,2,3,1,0,"",0,1,NA,NA,1,NA,NA,NA,NA,NA,NA,"",4,1,3,4,1,3,4,3,2,2,5,3,3,656
"5842d0961da592000101d18e",40,30,25,40,30,25,30,30,30,NA,NA,NA,NA,NA,NA,NA,NA,NA,NA,NA,NA,NA,NA,NA,25,30,25,NA,NA,NA,NA,NA,NA,NA,NA,NA,45,1,1,NA,NA,NA,NA,NA,NA,NA,NA,"",5,3,4,0,1,NA,5,1,1,0,3,4,"",1,1,NA,NA,NA,NA,NA,2,1,0,1,3,3,3,2,4,4,2,2,2,2,0,"",0,1,NA,NA,1,NA,NA,NA,NA,NA,NA,"",4,3,2,2,4,2,3,2,3,2,5,3,5,470
"5754701bae3fc40006e1d950",20,25,15,25,20,15,20,25,20,NA,NA,NA,NA,NA,NA,25,25,15,NA,NA,NA,NA,NA,NA,NA,NA,NA,NA,NA,NA,NA,NA,NA,NA,NA,NA,25,1,1,NA,NA,NA,NA,NA,NA,NA,NA,"",3,2,4,0,3,NA,23,1,1,0,3,1,"",1,NA,NA,NA,1,1,NA,2,2,2,0,4,3,3,3,3,3,3,3,3,2,1,"",0,1,NA,NA,NA,NA,NA,NA,NA,NA,NA,"",3,4,4,4,4,3,2,2,2,2,5,5,5,245
"5a7bcc66ae9a0b0001a995c3",25,25,15,40,35,20,25,25,20,NA,NA,NA,NA,NA,NA,NA,NA,NA,NA,NA,NA,NA,NA,NA,NA,NA,NA,20,20,20,NA,NA,NA,NA,NA,NA,39,2,1,NA,NA,NA,NA,NA,NA,NA,NA,"",3,4,1,1,5,NA,48,1,1,1,4,1,"",1,1,1,1,1,1,NA,5,3,1,0,3,1,1,3,3,3,3,4,3,2,0,"",1,1,1,NA,NA,NA,NA,NA,NA,NA,NA,"",3,4,1,3,3,1,3,2,1,1,4,3,4,703
"5c606dd8b327020001d5904b",22,23,22,32,32,30,24,26,22,NA,NA,NA,NA,NA,NA,NA,NA,NA,NA,NA,NA,NA,NA,NA,NA,NA,NA,NA,NA,NA,NA,NA,NA,27,27,26,22,2,1,NA,NA,1,NA,NA,NA,NA,NA,"",4,1,4,0,2,NA,33,1,1,1,4,1,"",1,NA,NA,1,NA,1,NA,5,1,2,2,2,3,2,2,4,3,3,1,4,0,0,"",0,1,1,NA,1,NA,1,NA,1,NA,NA,"",4,3,2,4,4,1,2,1,2,2,5,3,4,962
"5d2b8ddef7ef930017c5f65a",50,30,25,50,30,25,50,40,30,NA,NA,NA,NA,NA,NA,NA,NA,NA,50,40,40,NA,NA,NA,NA,NA,NA,NA,NA,NA,NA,NA,NA,NA,NA,NA,33,1,1,NA,NA,NA,NA,NA,NA,NA,NA,"",7,5,1,1,4,NA,28,1,1,0,5,1,"",1,1,1,1,1,NA,NA,3,3,1,2,4,3,3,1,5,4,2,4,4,1,0,"",0,1,NA,NA,1,1,NA,NA,1,NA,NA,"",3,4,2,4,4,2,1,1,1,1,5,4,5,395
"5c5aebc28348b50001fcb0c6",30,25,20,30,25,20,30,20,22,30,22,22,NA,NA,NA,NA,NA,NA,NA,NA,NA,NA,NA,NA,NA,NA,NA,NA,NA,NA,NA,NA,NA,NA,NA,NA,26,1,1,NA,NA,NA,NA,NA,NA,NA,NA,"",5,2,4,0,3,NA,11,1,1,0,3,1,"",1,1,NA,NA,NA,NA,NA,3,1,1,0,3,3,2,3,4,3,2,3,3,2,1,"",0,1,1,NA,1,NA,NA,1,NA,NA,NA,"",4,3,2,4,4,3,4,4,2,2,2,4,3,510
"5a0a49e05d06850001affa34",35,35,35,40,40,40,40,35,40,NA,NA,NA,NA,NA,NA,NA,NA,NA,40,35,40,NA,NA,NA,NA,NA,NA,NA,NA,NA,NA,NA,NA,NA,NA,NA,26,2,1,NA,NA,NA,NA,NA,NA,NA,NA,"",5,1,1,0,2,NA,44,1,1,0,3,1,"",NA,1,1,1,NA,1,NA,4,2,1,0,5,3,2,3,4,3,3,2,2,0,1,"",0,1,NA,NA,1,NA,NA,NA,NA,NA,NA,"",3,1,1,4,4,1,3,2,2,2,2,3,3,573
"5589568ffdf99b6be52eb041",22,20,25,22,20,25,26,19,30,NA,NA,NA,NA,NA,NA,NA,NA,NA,NA,NA,NA,NA,NA,NA,NA,NA,NA,NA,NA,NA,22,20,25,NA,NA,NA,40,2,1,NA,NA,NA,NA,NA,NA,NA,NA,"",5,2,1,1,3,NA,33,1,1,0,2,1,"",NA,1,1,1,1,1,NA,2,1,2,2,4,1,1,5,4,3,5,3,2,1,0,"",0,1,NA,NA,NA,NA,NA,NA,NA,NA,NA,"",3,4,1,1,1,NA,1,1,1,1,4,4,4,326
"5cbf5b488be75a0016b49758",18,15,16,19,14,16,22,16,18,NA,NA,NA,NA,NA,NA,NA,NA,NA,NA,NA,NA,NA,NA,NA,NA,NA,NA,NA,NA,NA,22,17,19,NA,NA,NA,41,1,1,NA,NA,NA,NA,NA,NA,NA,NA,"",5,4,1,1,3,NA,10,1,1,0,4,1,"",NA,NA,1,NA,NA,NA,NA,5,3,3,3,3,3,3,3,4,3,4,4,4,0,0,"",0,1,1,NA,1,1,NA,NA,NA,NA,NA,"",3,4,4,4,4,4,4,3,4,4,2,3,3,343
"5d56123417ee8d0001cd9e00",24,15,10,24,16,12,20,13,10,NA,NA,NA,NA,NA,NA,NA,NA,NA,26,15,13,NA,NA,NA,NA,NA,NA,NA,NA,NA,NA,NA,NA,NA,NA,NA,72,1,1,NA,NA,NA,NA,NA,NA,NA,NA,"",6,3,1,0,2,NA,33,0,0,1,5,1,"",1,NA,NA,NA,NA,NA,NA,6,1,2,3,2,3,3,3,5,5,3,1,4,2,0,"",0,1,1,NA,1,NA,1,1,NA,NA,NA,"",4,4,4,5,5,1,3,3,1,1,2,3,3,910
"5cc84fdfe72c19001476181b",50,15,10,25,15,10,15,15,15,NA,NA,NA,NA,NA,NA,NA,NA,NA,NA,NA,NA,NA,NA,NA,10,15,10,NA,NA,NA,NA,NA,NA,NA,NA,NA,29,1,NA,NA,NA,1,NA,NA,NA,NA,NA,"",6,1,4,0,3,NA,34,1,1,1,3,2,"",1,NA,1,NA,NA,NA,NA,1,0,0,0,1,1,1,1,3,3,2,2,3,0,0,"",0,1,NA,NA,NA,NA,NA,NA,1,NA,NA,"",5,1,1,3,3,2,1,1,1,1,5,5,1,359
"5d55c3010e1d240019ebb545",21,16,12,22,18,15,25,21,18,NA,NA,NA,NA,NA,NA,NA,NA,NA,NA,NA,NA,NA,NA,NA,20,20,17,NA,NA,NA,NA,NA,NA,NA,NA,NA,36,1,1,NA,NA,NA,NA,NA,NA,NA,NA,"",6,3,1,0,2,NA,24,1,1,0,5,1,"",1,1,1,NA,NA,NA,NA,3,1,0,1,2,4,4,2,5,5,3,3,3,0,0,"",0,1,NA,NA,1,NA,NA,NA,1,NA,NA,"",4,NA,2,4,3,1,4,3,1,1,5,3,4,563
"59dd8d01ae9f950001d83c4b",10,10,10,13,13,13,20,10,10,10,10,10,NA,NA,NA,NA,NA,NA,NA,NA,NA,NA,NA,NA,NA,NA,NA,NA,NA,NA,NA,NA,NA,NA,NA,NA,22,1,NA,NA,NA,1,NA,NA,NA,NA,NA,"",3,1,4,0,3,NA,29,0,1,0,4,1,"",1,NA,1,1,1,1,NA,3,0,0,0,2,1,1,1,3,3,3,3,4,0,0,"",0,NA,NA,NA,NA,NA,NA,1,NA,NA,NA,"",5,5,5,5,5,5,1,1,1,1,5,5,5,278
"5d32a3c09094e6001a565b1f",12,12,10,22,22,20,22,20,15,NA,NA,NA,NA,NA,NA,NA,NA,NA,NA,NA,NA,NA,NA,NA,NA,NA,NA,20,15,12,NA,NA,NA,NA,NA,NA,26,2,NA,NA,NA,1,NA,NA,NA,NA,NA,"",5,5,4,0,4,NA,5,0,0,0,2,1,"",1,1,NA,1,NA,NA,NA,3,1,0,2,2,3,3,1,4,3,2,2,4,0,0,"",0,1,NA,NA,1,NA,NA,NA,NA,NA,NA,"",4,3,3,4,3,1,1,1,1,1,5,3,5,333
"5c3e60aa38ac8200017b99a7",13.54,13.44,13.54,15.54,13.54,15.45,16.55,21.35,21.55,NA,NA,NA,NA,NA,NA,NA,NA,NA,NA,NA,NA,NA,NA,NA,NA,NA,NA,NA,NA,NA,13.55,15.32,13.12,NA,NA,NA,30,1,1,NA,NA,NA,NA,NA,NA,NA,NA,"",8,3,1,1,4,NA,5,1,1,0,5,1,"",1,1,1,1,1,1,NA,6,5,2,4,5,4,5,5,5,4,4,4,3,4,2,"",0,NA,NA,1,NA,NA,NA,1,NA,NA,NA,"",NA,5,4,4,5,4,2,4,5,4,3,2,1,813
"5c67338e7d17f800013f6176",25.99,23.99,23.99,34.99,32.99,32.99,39.99,45,42,NA,NA,NA,NA,NA,NA,40,38,36,NA,NA,NA,NA,NA,NA,NA,NA,NA,NA,NA,NA,NA,NA,NA,NA,NA,NA,22,1,NA,NA,NA,NA,NA,1,NA,NA,NA,"",3,1,4,0,2,NA,31,1,0,0,3,1,"",1,NA,NA,1,NA,1,NA,3,1,1,0,2,3,3,4,4,4,3,2,2,0,1,"",0,1,NA,NA,NA,1,NA,NA,1,NA,NA,"",4,2,3,4,4,3,2,1,1,1,2,3,3,330
"5b50881a59119400018abaf3",24,21,21,28,24,24,28,22,26,NA,NA,NA,NA,NA,NA,NA,NA,NA,NA,NA,NA,28,25,28,NA,NA,NA,NA,NA,NA,NA,NA,NA,NA,NA,NA,37,2,1,NA,NA,NA,NA,NA,NA,NA,NA,"",5,4,1,1,3,NA,31,1,1,0,4,1,"",1,1,1,NA,NA,NA,NA,5,1,2,1,3,4,2,3,4,3,3,3,3,1,2,"",0,1,1,NA,1,NA,NA,NA,1,NA,NA,"",4,3,1,4,5,3,4,4,4,4,2,3,3,500
"5a127fc7c259f30001766641",18,16,13,18,16,13,16,15,12,NA,NA,NA,NA,NA,NA,NA,NA,NA,NA,NA,NA,NA,NA,NA,15,18,13,NA,NA,NA,NA,NA,NA,NA,NA,NA,38,1,NA,NA,NA,NA,NA,1,NA,NA,NA,"",5,1,4,0,1,NA,45,1,1,0,5,2,"",1,NA,NA,NA,1,NA,NA,3,2,0,1,3,5,3,1,5,4,2,2,2,1,0,"",0,NA,NA,NA,NA,NA,NA,1,NA,NA,NA,"",5,4,3,4,4,3,4,3,2,3,2,3,3,339
"5c7abff3371d1d0016bcb54b",48,22,12.99,48,22,12.99,34,22,16.95,NA,NA,NA,NA,NA,NA,34,25,16.95,NA,NA,NA,NA,NA,NA,NA,NA,NA,NA,NA,NA,NA,NA,NA,NA,NA,NA,57,1,1,NA,NA,NA,NA,NA,NA,NA,NA,"",5,3,4,0,3,NA,48,0,0,0,5,1,"",1,NA,NA,NA,NA,NA,NA,5,1,0,0,3,3,3,1,5,4,2,1,4,0,2,"",0,1,1,NA,NA,NA,NA,NA,1,1,NA,"mail-order wine club reviews/recommendations",4,4,NA,3,1,1,4,4,1,1,4,3,4,911
"5d16674e0b1f87000115ee8a",20,20,15,20,20,15,20,20,20,NA,NA,NA,NA,NA,NA,NA,NA,NA,NA,NA,NA,NA,NA,NA,NA,NA,NA,NA,NA,NA,NA,NA,NA,15,15,15,28,2,1,NA,NA,NA,NA,NA,NA,NA,NA,"",2,2,1,0,2,NA,15,1,1,0,5,1,"",NA,1,1,1,NA,NA,NA,5,3,0,1,2,2,2,2,4,4,4,3,3,2,0,"",0,NA,NA,NA,1,NA,NA,NA,NA,NA,NA,"",2,4,4,2,2,2,2,4,1,2,5,5,3,678
"5c3514ab67013e0001eff762",40,12,9,40,12,9,20,9,6,NA,NA,NA,NA,NA,NA,NA,NA,NA,NA,NA,NA,NA,NA,NA,NA,NA,NA,NA,NA,NA,NA,NA,NA,15,9,7,26,2,1,NA,NA,NA,NA,NA,NA,NA,NA,"",6,3,1,0,2,NA,5,0,1,0,5,1,"",1,1,1,NA,NA,NA,NA,5,1,0,3,2,4,3,1,5,4,1,3,4,4,1,"",0,1,NA,NA,1,NA,NA,NA,1,NA,NA,"",5,5,4,4,3,1,4,5,2,1,1,3,3,657
"5d213e7bb134f70016d18ed1",5,10,10,5,10,10,20,15,20,NA,NA,NA,NA,NA,NA,NA,NA,NA,NA,NA,NA,5,15,15,NA,NA,NA,NA,NA,NA,NA,NA,NA,NA,NA,NA,26,2,1,NA,NA,NA,NA,NA,NA,NA,NA,"",3,2,4,0,3,NA,26,1,0,0,3,1,"",1,1,NA,NA,NA,NA,NA,3,1,1,0,2,1,1,1,3,4,4,2,1,1,0,"",0,1,NA,NA,1,NA,NA,NA,NA,NA,NA,"",4,2,2,3,3,3,2,2,3,2,5,5,5,448
"5c6bc8fa8563c900015e7dad",50,30,15,80,50,30,60,50,40,NA,NA,NA,NA,NA,NA,NA,NA,NA,NA,NA,NA,50,60,50,NA,NA,NA,NA,NA,NA,NA,NA,NA,NA,NA,NA,33,1,1,NA,NA,NA,NA,NA,NA,NA,NA,"",5,2,1,1,3,NA,38,1,1,0,5,1,"",1,1,NA,NA,1,1,NA,5,3,1,1,2,3,3,2,4,3,3,3,4,2,2,"",1,1,NA,1,1,NA,1,NA,1,NA,NA,"",3,4,2,4,3,2,3,2,1,2,5,2,3,784
"5d4f1741f20feb00190b6201",20,14,12,20,14,12,20,14,14,NA,NA,NA,18,18,15,NA,NA,NA,NA,NA,NA,NA,NA,NA,NA,NA,NA,NA,NA,NA,NA,NA,NA,NA,NA,NA,69,2,1,NA,NA,NA,NA,NA,NA,NA,NA,"",3,1,2,0,1,NA,48,1,1,0,4,1,"",1,NA,NA,NA,NA,NA,NA,6,2,0,0,2,3,3,1,4,4,3,2,3,2,3,"",0,1,NA,NA,NA,NA,1,NA,1,NA,NA,"",5,4,3,3,3,3,4,3,3,3,1,3,5,798
"5c0017c8f4fb890001d68650",40,40,35,45,45,40,50,60,50,NA,NA,NA,NA,NA,NA,NA,NA,NA,NA,NA,NA,NA,NA,NA,NA,NA,NA,55,50,50,NA,NA,NA,NA,NA,NA,59,2,NA,1,NA,NA,NA,NA,NA,NA,NA,"",3,1,2,0,2,NA,36,1,1,0,4,2,"",1,1,1,NA,1,NA,NA,3,1,1,1,3,2,2,2,5,5,4,2,3,2,0,"",0,1,1,NA,1,NA,NA,NA,1,NA,NA,"",3,2,3,3,4,2,2,3,1,1,5,3,5,984
"592f09f14217c40001a76e8e",20,15,10,20,15,10,20,15,10,NA,NA,NA,NA,NA,NA,20,15,10,NA,NA,NA,NA,NA,NA,NA,NA,NA,NA,NA,NA,NA,NA,NA,NA,NA,NA,40,1,1,NA,NA,NA,NA,NA,NA,NA,NA,"",2,1,4,0,3,NA,45,1,1,0,3,1,"",1,1,NA,1,1,NA,NA,1,1,0,0,2,1,1,1,4,3,2,2,2,0,0,"",0,1,NA,NA,NA,NA,NA,NA,NA,NA,NA,"",5,3,1,3,3,1,2,2,1,1,5,5,5,502
"5c5dce37fac6510001534800",40,25,15,40,25,15,40,25,15,40,30,20,NA,NA,NA,NA,NA,NA,NA,NA,NA,NA,NA,NA,NA,NA,NA,NA,NA,NA,NA,NA,NA,NA,NA,NA,37,2,1,NA,NA,NA,NA,NA,NA,NA,NA,"",6,3,4,0,1,NA,22,1,1,0,4,1,"",1,NA,1,NA,1,NA,NA,4,2,0,2,3,5,5,2,4,4,2,4,4,1,2,"",0,NA,1,NA,1,NA,1,NA,NA,NA,NA,"",4,4,2,3,3,1,4,4,2,4,4,3,4,334
"5d45bcac090549001a67b6f0",15,12,13,15,12,13,14,14,15,NA,NA,NA,NA,NA,NA,NA,NA,NA,NA,NA,NA,12,15,15,NA,NA,NA,NA,NA,NA,NA,NA,NA,NA,NA,NA,33,1,1,NA,NA,NA,NA,NA,NA,NA,NA,"",6,3,3,0,2,NA,45,1,1,0,5,1,"",1,1,NA,NA,1,NA,NA,4,2,1,2,2,4,3,4,4,3,3,2,3,2,2,"",0,1,NA,NA,NA,NA,1,NA,1,NA,NA,"",4,3,2,3,3,2,4,5,3,2,2,3,4,436
"5c91c693765dad0016f8495c",15,12,10,17,14,12,18,15,13,20,16,14,NA,NA,NA,NA,NA,NA,NA,NA,NA,NA,NA,NA,NA,NA,NA,NA,NA,NA,NA,NA,NA,NA,NA,NA,42,1,NA,NA,NA,NA,NA,NA,NA,1,NA,"West Indian",5,2,1,1,4,NA,44,1,1,0,4,1,"",1,1,NA,NA,1,NA,NA,3,1,0,0,2,5,3,1,5,3,3,2,3,1,0,"",0,1,NA,NA,NA,NA,NA,NA,1,NA,NA,"",4,4,4,4,4,1,4,4,3,2,5,5,5,444
"5d545d45b4851f001817799c",49.99,35.99,24.99,49.99,35.99,24.99,30,27,25,NA,NA,NA,NA,NA,NA,NA,NA,NA,NA,NA,NA,NA,NA,NA,NA,NA,NA,NA,NA,NA,NA,NA,NA,28,28,27,34,2,1,NA,NA,NA,NA,NA,NA,NA,NA,"",6,2,1,0,2,NA,46,1,1,0,4,1,"",1,1,1,NA,NA,NA,NA,4,1,0,1,2,4,4,1,4,4,3,3,3,1,0,"",0,1,NA,NA,1,NA,NA,NA,NA,NA,NA,"",4,3,1,2,3,1,2,1,1,1,5,3,4,418
"5b8e9747a862a6000120a050",35,30,20,35,15,12,35,20,15,NA,NA,NA,NA,NA,NA,NA,NA,NA,40,35,20,NA,NA,NA,NA,NA,NA,NA,NA,NA,NA,NA,NA,NA,NA,NA,32,1,1,NA,NA,NA,NA,NA,NA,NA,NA,"",6,3,3,0,2,NA,5,1,1,0,5,1,"",1,1,1,NA,1,NA,NA,5,4,1,3,4,4,4,1,5,4,2,3,4,2,0,"",0,1,NA,NA,1,1,1,1,1,NA,NA,"",4,5,2,3,4,1,4,5,2,2,2,5,5,360
"5d182b685aae4c000117d253",13,13,13,14,13,13,14,13,14,NA,NA,NA,14,14,16,NA,NA,NA,NA,NA,NA,NA,NA,NA,NA,NA,NA,NA,NA,NA,NA,NA,NA,NA,NA,NA,26,2,1,NA,NA,NA,NA,NA,NA,NA,NA,"",4,2,4,0,4,NA,7,0,1,0,4,2,"",1,1,NA,NA,NA,NA,NA,5,1,1,1,2,5,3,4,5,5,5,3,4,1,0,"",0,1,1,NA,1,NA,1,NA,NA,NA,NA,"",5,5,1,4,4,1,4,4,3,2,1,5,4,846
"5c3e82e91580e9000122d204",6,6,6,6,6,6,6,6,6.25,NA,NA,NA,NA,NA,NA,NA,NA,NA,6.25,6,6.25,NA,NA,NA,NA,NA,NA,NA,NA,NA,NA,NA,NA,NA,NA,NA,34,1,NA,NA,NA,1,NA,NA,NA,NA,NA,"",6,3,1,0,2,NA,36,1,1,0,5,1,"",1,NA,NA,NA,NA,NA,NA,5,1,1,1,1,2,1,1,4,3,3,2,3,0,0,"",0,NA,NA,NA,1,NA,NA,NA,NA,NA,NA,"",5,1,2,4,3,1,1,2,1,1,5,5,5,655
"5cc70e0861e0b90001c54b87",25,20,5,25,20,5,25,20,7,NA,NA,NA,NA,NA,NA,20,15,5,NA,NA,NA,NA,NA,NA,NA,NA,NA,NA,NA,NA,NA,NA,NA,NA,NA,NA,23,2,1,NA,NA,NA,NA,NA,NA,NA,NA,"",5,1,4,0,2,NA,26,1,1,1,5,4,"",NA,NA,1,1,1,1,NA,3,1,0,2,1,1,1,1,5,5,4,4,3,3,0,"",0,1,1,NA,1,NA,NA,NA,NA,NA,NA,"",5,3,1,2,2,2,1,5,1,1,2,3,4,403
"5d31f9161c1e8a001e520505",13,10,7,11,9,7.5,13,11,8.5,NA,NA,NA,NA,NA,NA,NA,NA,NA,NA,NA,NA,NA,NA,NA,NA,NA,NA,NA,NA,NA,NA,NA,NA,13,11,9,40,1,NA,NA,NA,NA,NA,1,NA,NA,NA,"",5,5,1,1,4,NA,5,1,1,0,5,1,"",1,1,NA,NA,1,NA,NA,3,1,0,1,2,3,2,2,5,4,3,4,3,2,1,"",0,1,NA,1,1,1,NA,1,1,NA,NA,"",4,3,1,2,4,3,2,2,2,1,5,2,5,491
"5d5606cd4171ec00182e2b15",24,20,14,20,12,12,28,14,12,NA,NA,NA,NA,NA,NA,NA,NA,NA,NA,NA,NA,NA,NA,NA,15,20,12,NA,NA,NA,NA,NA,NA,NA,NA,NA,29,1,1,NA,NA,NA,NA,NA,NA,NA,NA,"",3,1,1,0,3,NA,15,1,1,0,5,4,"",1,1,1,1,1,1,NA,3,2,1,2,3,3,3,3,4,2,4,2,1,0,1,"",0,1,1,NA,NA,NA,NA,NA,NA,NA,NA,"",4,3,1,2,4,4,3,1,1,1,5,5,5,398
"5d2dee49edefb800194f16d3",15,10,10,15,15,15,20,20,20,NA,NA,NA,NA,NA,NA,NA,NA,NA,NA,NA,NA,NA,NA,NA,NA,NA,NA,20,14,15,NA,NA,NA,NA,NA,NA,23,2,NA,1,NA,NA,NA,NA,NA,NA,NA,"",5,1,4,1,4,NA,9,1,1,0,5,4,"",NA,1,1,1,1,1,NA,3,2,1,1,2,1,1,1,3,3,3,3,4,4,0,"",0,1,NA,NA,NA,NA,NA,1,NA,NA,NA,"",4,1,1,1,4,3,1,1,1,1,5,5,5,446
"58043bb3bd8a970001fdef44",30,20,25,30,20,25,25,25,25,NA,NA,NA,NA,NA,NA,NA,NA,NA,NA,NA,NA,NA,NA,NA,NA,NA,NA,NA,NA,NA,25,25,25,NA,NA,NA,33,1,1,NA,NA,NA,NA,NA,NA,NA,NA,"",5,3,4,0,4,NA,36,1,1,0,3,1,"",NA,1,1,NA,1,NA,NA,3,2,0,2,2,3,1,1,5,3,3,2,2,0,0,"",0,NA,1,NA,1,NA,NA,NA,NA,NA,NA,"",4,2,1,2,3,1,2,3,1,1,2,3,4,368
"5bc9f91f418bad00016c6773",20,15,13,20,15,13,15,15,15,NA,NA,NA,13,13,15,NA,NA,NA,NA,NA,NA,NA,NA,NA,NA,NA,NA,NA,NA,NA,NA,NA,NA,NA,NA,NA,30,2,1,NA,NA,NA,NA,NA,NA,NA,NA,"",5,4,1,0,2,NA,7,1,1,1,3,2,"",1,1,NA,NA,NA,NA,NA,2,1,0,1,2,5,1,1,4,4,3,3,4,0,0,"",0,1,NA,NA,NA,NA,NA,NA,1,NA,NA,"",3,1,1,3,4,1,2,2,1,1,5,1,3,459
"5c6e2a782584880001b3c8cb",25,25,25,25,25,25,25,25,25,NA,NA,NA,NA,NA,NA,NA,NA,NA,NA,NA,NA,NA,NA,NA,NA,NA,NA,25,20,25,NA,NA,NA,NA,NA,NA,23,1,1,NA,NA,NA,NA,NA,NA,NA,NA,"",5,2,4,0,4,NA,33,1,1,0,5,3,"",1,1,1,1,1,1,NA,3,1,3,2,3,2,3,4,3,4,5,2,0,0,0,"",0,1,NA,NA,1,NA,NA,NA,NA,NA,NA,"",2,4,4,5,4,3,2,3,2,3,4,3,3,667
"5cd465fcb227d6001803fa49",15,12,10,16,13,11,15,15,15,NA,NA,NA,NA,NA,NA,NA,NA,NA,NA,NA,NA,10,15,15,NA,NA,NA,NA,NA,NA,NA,NA,NA,NA,NA,NA,25,2,1,NA,NA,NA,NA,NA,NA,NA,NA,"",5,1,4,0,4,NA,6,1,1,1,3,1,"",1,NA,NA,NA,NA,NA,NA,3,1,0,1,2,3,2,1,5,4,2,2,2,2,0,"",0,NA,NA,NA,1,NA,1,NA,NA,NA,NA,"",5,3,2,4,3,2,4,5,3,3,2,3,5,426
"5a233c5d7413810001521d8f",10,8,15,10,10,15,10,10,12,NA,NA,NA,NA,NA,NA,NA,NA,NA,NA,NA,NA,NA,NA,NA,NA,NA,NA,NA,NA,NA,NA,NA,NA,10,10,12,29,1,1,NA,NA,NA,NA,1,NA,NA,NA,"",5,2,1,1,3,NA,45,1,1,0,3,1,"",1,1,NA,NA,NA,NA,NA,5,1,1,0,2,2,1,2,3,3,3,1,4,2,0,"",0,1,NA,NA,1,1,NA,NA,1,NA,NA,"",4,2,2,1,2,1,3,4,2,3,5,4,3,346
"5cc344f6a187880001370d77",14.99,13.99,10.99,14.99,13.99,10.99,14.99,13.99,10.99,NA,NA,NA,NA,NA,NA,NA,NA,NA,NA,NA,NA,NA,NA,NA,14.99,13.99,10.99,NA,NA,NA,NA,NA,NA,NA,NA,NA,30,1,NA,NA,1,NA,NA,NA,NA,NA,NA,"",6,2,1,1,5,NA,39,1,1,0,4,1,"",1,1,NA,1,1,NA,NA,5,1,1,2,1,3,2,4,4,4,4,4,4,1,0,"",0,NA,1,NA,1,NA,NA,NA,NA,NA,NA,"",5,4,3,3,3,1,3,3,1,1,2,3,4,481
"5c40b97d4d5aa1000171a4ac",35,45,40,55,45,40,60,50,55,NA,NA,NA,NA,NA,NA,NA,NA,NA,60,45,45,NA,NA,NA,NA,NA,NA,NA,NA,NA,NA,NA,NA,NA,NA,NA,34,1,1,NA,NA,NA,NA,NA,NA,NA,NA,"",5,2,1,1,3,NA,5,1,1,0,5,3,"",1,1,1,1,1,1,NA,5,5,3,4,6,5,5,5,5,4,4,3,4,1,2,"",1,1,NA,NA,1,NA,1,1,1,NA,NA,"",5,5,5,5,5,5,4,4,1,4,5,5,4,1093
"5c366332bc64440001337688",25,30,20.99,25,30,20.99,25,30,20.99,NA,NA,NA,NA,NA,NA,25,30,20.99,NA,NA,NA,NA,NA,NA,NA,NA,NA,NA,NA,NA,NA,NA,NA,NA,NA,NA,33,1,1,NA,NA,NA,NA,NA,NA,NA,NA,"",3,3,1,1,4,NA,34,1,1,0,5,1,"",1,NA,NA,1,NA,1,NA,3,1,0,0,3,3,4,1,5,5,3,3,4,0,1,"",0,NA,NA,NA,NA,NA,NA,NA,1,NA,NA,"",2,4,1,1,5,1,3,3,3,3,4,4,4,1054
"5bf51921bf41e0000144c4a1",60,70,50,60,70,50,70,70,60,NA,NA,NA,60,60,70,NA,NA,NA,NA,NA,NA,NA,NA,NA,NA,NA,NA,NA,NA,NA,NA,NA,NA,NA,NA,NA,47,2,1,NA,NA,NA,NA,NA,NA,NA,NA,"",2,1,3,0,3,NA,39,1,1,0,4,1,"",NA,NA,1,NA,1,NA,NA,4,2,2,0,4,4,3,4,3,3,4,3,2,2,1,"",0,1,1,NA,1,1,NA,NA,NA,NA,NA,"",5,3,3,1,4,2,2,2,2,1,3,3,4,924
"5c84014bd34170000141b8d6",19.99,21.99,17.99,21.99,24.99,19.99,19.99,21.99,24.99,NA,NA,NA,NA,NA,NA,NA,NA,NA,NA,NA,NA,NA,NA,NA,NA,NA,NA,24.99,19.99,21.99,NA,NA,NA,NA,NA,NA,33,1,NA,NA,NA,1,NA,NA,NA,NA,NA,"",8,3,2,0,1,NA,22,1,1,0,4,1,"",1,1,1,1,1,NA,NA,5,2,1,1,2,3,4,3,5,4,4,4,4,3,0,"",0,1,NA,NA,NA,NA,NA,NA,NA,NA,NA,"",4,4,2,3,4,1,3,1,1,1,5,5,5,365
"5c6c666a4d4f48000122caf8",15,12,12,15,12,12,12,13,14,NA,NA,NA,NA,NA,NA,NA,NA,NA,15,13,13,NA,NA,NA,NA,NA,NA,NA,NA,NA,NA,NA,NA,NA,NA,NA,63,2,1,NA,NA,NA,NA,NA,NA,NA,NA,"",4,3,1,0,2,NA,36,1,1,0,5,4,"",1,1,NA,1,1,1,NA,3,1,1,2,3,5,3,5,4,4,4,2,4,1,0,"",0,NA,NA,NA,NA,NA,NA,NA,NA,1,NA,"wine tastings",3,1,1,2,1,1,4,3,4,4,2,3,3,459
"58a50aebbb9e0f0001aca2a7",30.5,20.25,15,25.75,18.25,12.5,21.25,20.75,20,NA,NA,NA,NA,NA,NA,NA,NA,NA,35.5,25.75,25.5,NA,NA,NA,NA,NA,NA,NA,NA,NA,NA,NA,NA,NA,NA,NA,41,1,NA,NA,NA,1,NA,NA,NA,NA,NA,"",8,2,4,0,1,NA,18,1,1,0,4,4,"",1,1,NA,NA,1,NA,NA,2,1,1,1,3,1,3,1,4,3,2,3,3,2,0,"",0,1,NA,NA,NA,NA,NA,NA,NA,NA,NA,"",2,3,2,3,4,1,2,2,1,2,5,4,5,684
"5b25a3b87f78160001460d60",10,10,10,12,12,12,12,10,12,NA,NA,NA,NA,NA,NA,NA,NA,NA,NA,NA,NA,NA,NA,NA,NA,NA,NA,NA,NA,NA,12,12,12,NA,NA,NA,26,2,1,NA,NA,NA,NA,NA,NA,NA,NA,"",3,2,1,1,4,NA,14,1,1,0,4,1,"",1,1,1,1,1,1,NA,1,1,0,1,2,1,1,1,4,4,4,2,4,2,0,"",0,1,NA,NA,NA,NA,NA,NA,NA,NA,NA,"",3,1,1,2,2,2,2,2,2,2,2,3,4,374
"5aa6e29435237b0001130d68",45,50,35,40,45,30,50,47,48,48,45,43,NA,NA,NA,NA,NA,NA,NA,NA,NA,NA,NA,NA,NA,NA,NA,NA,NA,NA,NA,NA,NA,NA,NA,NA,24,2,NA,NA,NA,1,NA,NA,NA,NA,NA,"",6,2,4,0,3,NA,48,0,1,0,2,4,"",1,1,1,1,NA,1,NA,5,1,1,3,4,1,1,1,4,4,4,1,4,1,0,"",0,1,NA,NA,1,1,NA,1,1,NA,NA,"",4,3,3,4,5,4,2,1,1,1,2,3,3,410
"5d3522b6eac3d50017df02cb",30,20,20,30,20,20,30,20,15,30,25,20,NA,NA,NA,NA,NA,NA,NA,NA,NA,NA,NA,NA,NA,NA,NA,NA,NA,NA,NA,NA,NA,NA,NA,NA,36,1,NA,NA,NA,1,NA,NA,NA,NA,NA,"",6,2,1,1,3,NA,39,0,1,0,4,1,"",1,NA,NA,1,NA,1,NA,2,1,1,1,4,3,2,3,5,4,4,3,3,1,1,"",0,1,NA,NA,1,NA,NA,1,NA,NA,NA,"",3,4,4,5,3,3,2,2,2,3,2,3,3,1084
"589ce4d65e63bf00013b3175",12,9,13,12,9,13,12,9,13,NA,NA,NA,NA,NA,NA,NA,NA,NA,NA,NA,NA,8,9,13,NA,NA,NA,NA,NA,NA,NA,NA,NA,NA,NA,NA,24,2,1,NA,NA,NA,NA,NA,NA,NA,NA,"",3,1,4,0,2,NA,10,1,1,0,5,1,"",1,1,1,NA,NA,NA,NA,3,1,1,0,1,3,1,1,4,3,3,2,3,2,0,"",0,1,NA,NA,1,NA,1,NA,1,NA,NA,"",2,2,2,2,3,2,2,2,2,2,5,4,1,541
"57e3fe4a813eb300018266eb",10,10,10,10,10,10,15,15,15,NA,NA,NA,NA,NA,NA,NA,NA,NA,NA,NA,NA,10,15,15,NA,NA,NA,NA,NA,NA,NA,NA,NA,NA,NA,NA,31,2,NA,NA,NA,1,NA,NA,NA,NA,NA,"",5,1,4,0,4,NA,5,0,1,0,2,1,"",1,NA,1,1,1,1,NA,1,1,0,0,1,1,1,1,3,3,3,0,3,2,0,"",0,NA,NA,NA,NA,NA,NA,1,NA,NA,NA,"",5,1,3,3,3,3,1,1,1,1,5,5,1,562
"5bc2c49f83f9420001011bf8",25,22,20,30,27,25,30,28,26,NA,NA,NA,NA,NA,NA,NA,NA,NA,NA,NA,NA,NA,NA,NA,NA,NA,NA,27,25,27,NA,NA,NA,NA,NA,NA,51,1,NA,NA,NA,1,NA,NA,NA,NA,NA,"",5,5,1,1,3,NA,5,1,0,0,3,1,"",NA,NA,NA,1,1,NA,NA,4,3,1,2,5,5,4,3,5,4,3,4,4,2,2,"",0,1,NA,NA,NA,NA,NA,NA,1,NA,NA,"",4,3,3,5,4,4,2,2,3,3,2,5,3,521
"5d390a3b3f2e1b0019a6083f",15,15,15,15,15,15,20,20,20,NA,NA,NA,NA,NA,NA,NA,NA,NA,NA,NA,NA,NA,NA,NA,20,25,20,NA,NA,NA,NA,NA,NA,NA,NA,NA,39,1,NA,NA,NA,NA,NA,1,NA,NA,NA,"",3,1,2,0,1,NA,10,1,1,0,5,1,"",1,NA,NA,NA,NA,NA,NA,4,1,1,1,2,2,4,3,4,4,4,2,2,2,0,"",0,NA,1,NA,1,NA,1,1,NA,NA,NA,"",4,4,3,4,4,4,3,3,3,2,5,5,3,506
"5d0836afc205fc001548cee9",15,17,12,15,17,12,14,13,14,12,14,13,NA,NA,NA,NA,NA,NA,NA,NA,NA,NA,NA,NA,NA,NA,NA,NA,NA,NA,NA,NA,NA,NA,NA,NA,38,2,1,NA,NA,NA,NA,NA,NA,NA,NA,"",5,3,1,0,2,NA,22,1,1,0,4,4,"",NA,1,1,NA,NA,NA,NA,1,1,0,0,2,3,3,4,3,3,2,3,3,0,0,"",0,NA,NA,NA,1,NA,NA,NA,NA,NA,NA,"",4,3,4,4,4,3,1,1,1,1,5,3,4,343
"5c85babf3cfc0d0016f526f4",50,25,20,50,25,15,30,18,15,NA,NA,NA,NA,NA,NA,NA,NA,NA,NA,NA,NA,NA,NA,NA,NA,NA,NA,NA,NA,NA,NA,NA,NA,30,18,15,42,2,1,NA,NA,NA,NA,NA,NA,NA,NA,"",6,2,4,0,1,NA,39,1,1,0,5,4,"",1,1,1,NA,1,NA,NA,2,1,0,2,5,5,5,3,5,4,3,2,3,0,2,"",1,1,NA,NA,NA,1,1,1,1,NA,NA,"",4,4,4,2,2,1,5,5,3,3,2,3,4,496
"564e93659b124900127eb55b",15.5,20,8.5,15.5,20,9.5,40.5,38.5,20,NA,NA,NA,NA,NA,NA,NA,NA,NA,NA,NA,NA,NA,NA,NA,NA,NA,NA,52.75,30,33,NA,NA,NA,NA,NA,NA,27,1,NA,NA,NA,1,NA,NA,NA,NA,NA,"",5,4,1,1,3,NA,21,1,1,0,4,1,"",1,1,1,NA,NA,1,NA,5,1,1,2,3,5,5,3,4,4,4,3,4,3,3,"",0,1,1,NA,1,NA,NA,NA,NA,NA,NA,"",4,5,3,5,5,3,4,4,4,4,1,5,5,553
"5d1406b25cc82a0001ef7533",21.99,9.99,15.99,23.99,13.99,16.99,23.99,14.99,17.99,NA,NA,NA,NA,NA,NA,NA,NA,NA,NA,NA,NA,NA,NA,NA,NA,NA,NA,NA,NA,NA,23.99,14.99,17.99,NA,NA,NA,22,2,1,NA,NA,NA,NA,NA,NA,NA,NA,"",6,2,4,0,3,NA,33,1,1,1,5,2,"",NA,1,1,1,1,1,NA,3,1,3,2,2,3,1,4,4,4,4,2,2,1,0,"",0,1,NA,NA,1,NA,NA,NA,NA,NA,NA,"",4,2,2,2,2,2,2,2,1,1,5,5,4,351
"5d0ea4017951f1001663d3f8",50,50,25,60,40,30,75,60,40,NA,NA,NA,60,60,75,NA,NA,NA,NA,NA,NA,NA,NA,NA,NA,NA,NA,NA,NA,NA,NA,NA,NA,NA,NA,NA,32,2,1,NA,NA,NA,NA,NA,NA,NA,NA,"",6,2,1,0,2,NA,10,1,1,0,4,1,"",1,1,NA,NA,NA,NA,NA,5,0,0,0,1,3,1,1,5,3,2,2,2,1,0,"",0,NA,NA,NA,1,NA,NA,NA,NA,NA,NA,"",5,2,2,2,2,1,3,4,2,2,5,4,4,495
"5d29346269a747001acdb205",12,8,10,12,8,10,9,11,10,NA,NA,NA,NA,NA,NA,NA,NA,NA,12,10,10,NA,NA,NA,NA,NA,NA,NA,NA,NA,NA,NA,NA,NA,NA,NA,38,2,1,NA,NA,NA,NA,NA,NA,NA,NA,"",6,5,3,0,2,NA,49,1,0,1,4,1,"",NA,1,NA,NA,NA,NA,NA,3,1,1,0,2,3,1,3,4,2,3,3,3,2,0,"",0,NA,1,NA,1,NA,NA,NA,NA,NA,NA,"",4,3,2,4,2,1,2,2,1,2,5,3,4,438
"5bca53b93d893f0001befb42",33,44,33,60,50,40,50,50,50,NA,NA,NA,NA,NA,NA,50,50,50,NA,NA,NA,NA,NA,NA,NA,NA,NA,NA,NA,NA,NA,NA,NA,NA,NA,NA,48,2,NA,NA,NA,1,NA,NA,NA,NA,NA,"",5,4,3,0,3,NA,45,1,1,0,4,1,"",1,1,1,NA,NA,NA,NA,4,3,2,1,3,4,4,3,3,3,3,3,3,2,0,"",0,1,1,NA,NA,NA,NA,NA,NA,NA,NA,"",3,3,3,3,3,3,3,3,3,3,3,4,2,213
"5c4f5aa38f125900017229da",25,25,18,25,25,18,22,22,15,NA,NA,NA,NA,NA,NA,NA,NA,NA,NA,NA,NA,NA,NA,NA,NA,NA,NA,17,16,16,NA,NA,NA,NA,NA,NA,46,2,1,NA,NA,NA,NA,NA,NA,NA,NA,"",6,5,1,1,3,NA,31,1,1,0,5,4,"",1,1,1,NA,1,NA,NA,3,2,0,1,2,5,5,2,5,5,2,3,2,1,0,"",0,NA,NA,NA,1,NA,1,NA,NA,NA,NA,"",4,3,2,3,3,2,4,3,2,2,2,3,4,372
"5c1ffe5295f978000173df84",40,30,20,40,30,20,40,30,20,NA,NA,NA,NA,NA,NA,NA,NA,NA,NA,NA,NA,NA,NA,NA,NA,NA,NA,NA,NA,NA,NA,NA,NA,40,30,20,60,1,1,NA,NA,NA,NA,NA,NA,NA,NA,"",3,2,2,0,1,NA,34,1,1,0,3,1,"",1,1,NA,NA,1,NA,NA,3,1,0,1,2,4,2,1,4,3,2,1,2,0,0,"",0,1,NA,NA,1,NA,NA,NA,NA,NA,NA,"",4,3,2,3,2,1,2,1,2,1,5,3,5,338
"5d41c7964904cc00015d6307",15,15,10,18,18,15,20,20,20,NA,NA,NA,18,18,20,NA,NA,NA,NA,NA,NA,NA,NA,NA,NA,NA,NA,NA,NA,NA,NA,NA,NA,NA,NA,NA,29,2,NA,1,NA,NA,NA,NA,NA,NA,NA,"",6,2,4,0,1,NA,11,1,1,0,5,1,"",1,1,NA,1,1,NA,NA,5,2,0,1,2,1,1,1,4,4,4,4,2,0,1,"",0,1,1,1,1,NA,NA,1,NA,NA,NA,"",4,2,1,4,4,4,2,2,1,2,5,5,5,695
"5d5acac599cf4c0016b8e25f",50,35,25,50,35,25,40,35,30,NA,NA,NA,38.5,28.5,32.5,NA,NA,NA,NA,NA,NA,NA,NA,NA,NA,NA,NA,NA,NA,NA,NA,NA,NA,NA,NA,NA,36,1,1,NA,NA,NA,NA,NA,NA,NA,NA,"",5,3,1,1,5,NA,28,1,1,0,4,1,"",1,1,1,NA,1,NA,NA,6,5,3,5,3,4,3,2,5,4,2,3,3,2,1,"",1,1,1,NA,1,1,NA,1,1,NA,NA,"",4,5,3,3,4,3,4,4,4,2,2,3,3,511
"5d4280fe1985380018375de0",10,8,5,10,10,10,8,5,10,NA,NA,NA,NA,NA,NA,10,10,5,NA,NA,NA,NA,NA,NA,NA,NA,NA,NA,NA,NA,NA,NA,NA,NA,NA,NA,24,2,NA,NA,NA,1,NA,NA,NA,NA,NA,"",5,1,4,0,4,NA,5,0,1,0,4,1,"",1,1,1,1,1,1,NA,3,3,0,1,2,4,1,1,4,3,3,2,4,1,0,"",0,1,NA,1,1,NA,NA,1,1,NA,NA,"",4,4,2,2,2,2,3,2,1,1,5,5,5,639
"5bdc8f8390edd30001c852eb",15,11,10,15,11,10,13,10,10,NA,NA,NA,NA,NA,NA,NA,NA,NA,NA,NA,NA,NA,NA,NA,NA,NA,NA,NA,NA,NA,NA,NA,NA,13,10,10,41,2,1,NA,NA,NA,NA,NA,NA,NA,NA,"",3,3,3,1,3,NA,39,1,1,0,2,1,"",NA,1,NA,NA,NA,NA,NA,4,1,0,0,1,2,1,1,5,3,3,2,3,0,0,"",0,1,NA,NA,NA,NA,NA,NA,NA,1,NA,"store employee's recommendation",5,3,1,1,1,1,1,1,1,1,5,3,5,480
"5ae25791af72e0000127b8f7",20,15,14,22,17,15,18,17,20,NA,NA,NA,NA,NA,NA,NA,NA,NA,NA,NA,NA,NA,NA,NA,NA,NA,NA,NA,NA,NA,22,20,18,NA,NA,NA,36,2,NA,1,NA,NA,NA,NA,NA,NA,NA,"",2,1,2,1,4,NA,34,1,1,0,2,1,"",1,1,NA,NA,NA,1,NA,3,1,0,0,2,3,2,2,4,3,3,2,3,0,0,"",0,1,1,1,NA,NA,NA,NA,NA,NA,NA,"",4,3,2,2,3,2,2,2,1,2,5,3,4,1126
"5d43cb05ea314c000122367e",35,30,25,40,35,30,30,30,25,35,30,25,NA,NA,NA,NA,NA,NA,NA,NA,NA,NA,NA,NA,NA,NA,NA,NA,NA,NA,NA,NA,NA,NA,NA,NA,33,2,1,NA,NA,NA,NA,NA,NA,NA,NA,"",2,2,1,1,7,8,46,1,1,0,5,1,"",1,NA,1,1,1,1,NA,3,2,1,1,4,3,3,1,4,4,4,4,4,2,0,"",0,1,1,NA,NA,NA,NA,NA,1,NA,NA,"",2,2,1,2,2,1,3,3,1,2,5,5,4,1496
"5d499dcb6980ff001725ae10",20,20,15,12,12,10,18,18,15,NA,NA,NA,22,22,18,NA,NA,NA,NA,NA,NA,NA,NA,NA,NA,NA,NA,NA,NA,NA,NA,NA,NA,NA,NA,NA,29,2,1,NA,NA,NA,NA,NA,NA,NA,NA,"",5,4,3,0,2,NA,1,1,1,0,5,1,"",1,1,1,1,1,NA,NA,5,5,3,1,3,1,1,1,3,4,4,0,0,1,0,"",0,1,NA,NA,1,NA,NA,NA,NA,NA,NA,"",3,2,2,2,2,3,2,2,1,2,2,4,5,330
"5c8699a5879a350016deeb06",15,15,10,15,15,10,15,10,12,NA,NA,NA,NA,NA,NA,NA,NA,NA,NA,NA,NA,15,10,12,NA,NA,NA,NA,NA,NA,NA,NA,NA,NA,NA,NA,24,2,NA,1,NA,NA,NA,NA,NA,NA,NA,"",5,1,4,0,4,NA,37,0,1,0,5,1,"",NA,1,1,1,1,1,NA,3,3,0,0,2,1,1,1,5,5,4,1,1,0,0,"",0,1,NA,NA,NA,NA,NA,NA,NA,NA,NA,"",4,3,1,3,2,1,3,4,2,1,4,4,5,437
"5d4611bb3c5a360001b1bb59",25,20,17,25,20,17,20,15,25,17,17,24,NA,NA,NA,NA,NA,NA,NA,NA,NA,NA,NA,NA,NA,NA,NA,NA,NA,NA,NA,NA,NA,NA,NA,NA,23,1,1,1,1,NA,NA,1,NA,NA,NA,"",3,1,4,0,3,NA,4,1,1,0,5,1,"",NA,NA,1,1,NA,1,NA,2,1,1,0,3,4,3,3,4,4,3,2,3,1,1,"",1,1,NA,NA,NA,1,NA,NA,1,NA,NA,"",4,3,2,3,4,1,2,3,2,1,5,5,4,582
"5786d6076475d400015a959e",30,20,5,35,20,7,30,25,10,NA,NA,NA,NA,NA,NA,NA,NA,NA,NA,NA,NA,NA,NA,NA,NA,NA,NA,NA,NA,NA,30,25,10,NA,NA,NA,34,1,1,NA,NA,NA,NA,NA,NA,NA,NA,"",3,2,4,0,1,NA,1,1,1,0,5,1,"",1,1,1,NA,NA,NA,NA,4,1,0,1,4,3,3,1,4,4,2,2,2,1,0,"",0,1,NA,NA,NA,1,NA,NA,1,NA,NA,"",1,3,1,3,4,2,2,2,1,1,5,5,5,534
"5c1116ab2b16ba0001c8885e",35,25,15,35,25,15,20,25,18,NA,NA,NA,20,25,18,NA,NA,NA,NA,NA,NA,NA,NA,NA,NA,NA,NA,NA,NA,NA,NA,NA,NA,NA,NA,NA,25,2,1,NA,1,NA,NA,NA,NA,NA,NA,"",5,1,4,0,3,NA,24,1,0,0,3,1,"",NA,1,NA,1,1,1,NA,2,2,0,0,2,3,5,2,4,5,3,2,4,2,2,"",0,1,NA,NA,NA,1,NA,1,1,NA,NA,"",5,3,1,5,3,2,1,1,3,3,2,3,4,432
"5af709b825561e00013acd7e",15,20,7,10,12,5,7,15,7,15,15,15,NA,NA,NA,NA,NA,NA,NA,NA,NA,NA,NA,NA,NA,NA,NA,NA,NA,NA,NA,NA,NA,NA,NA,NA,36,2,1,NA,NA,NA,NA,NA,NA,NA,NA,"",4,3,3,1,3,NA,45,1,1,0,5,1,"",1,1,NA,NA,NA,NA,NA,3,1,0,2,3,1,3,1,3,5,3,3,3,2,0,"",0,1,1,NA,1,NA,NA,1,NA,NA,NA,"",3,4,1,5,4,4,2,5,1,1,2,4,4,703
"5c796fe94660c40001bc3694",20,15,10,20,15,10,20,15,12,NA,NA,NA,NA,NA,NA,NA,NA,NA,25,15,12,NA,NA,NA,NA,NA,NA,NA,NA,NA,NA,NA,NA,NA,NA,NA,26,2,1,NA,NA,NA,NA,NA,NA,NA,NA,"",5,2,4,0,2,NA,34,1,1,0,4,1,"",1,1,1,1,1,1,NA,3,1,1,2,2,4,2,1,5,4,3,2,3,0,0,"",0,1,1,NA,1,NA,NA,1,1,NA,NA,"",4,2,2,2,3,3,3,2,2,2,5,3,5,407
"5b1487d330d562000155f1c7",10,10,10,10,10,10,10,10,10,NA,NA,NA,NA,NA,NA,NA,NA,NA,NA,NA,NA,9,10,10,NA,NA,NA,NA,NA,NA,NA,NA,NA,NA,NA,NA,35,1,1,NA,NA,NA,NA,NA,NA,NA,NA,"",5,1,4,0,1,NA,51,1,1,0,3,1,"",1,NA,NA,NA,NA,NA,NA,6,0,0,0,2,3,3,3,5,5,5,4,2,0,3,"",0,1,NA,NA,NA,NA,NA,NA,NA,NA,NA,"",5,1,1,1,5,1,4,4,3,4,2,5,3,571
"5cf6d8193a2aef0001b92166",20,20,15,20,20,20,14,14,14,NA,NA,NA,NA,NA,NA,14,14,10,NA,NA,NA,NA,NA,NA,NA,NA,NA,NA,NA,NA,NA,NA,NA,NA,NA,NA,23,2,NA,NA,NA,NA,NA,1,NA,NA,NA,"",5,1,4,0,1,NA,4,1,1,0,3,4,"",1,1,1,1,1,NA,NA,3,3,0,0,2,2,2,1,4,4,3,2,2,1,0,"",0,1,NA,NA,1,NA,NA,NA,NA,NA,NA,"",5,3,3,4,4,3,2,2,4,3,5,5,3,731
"5c50974bee5ae100010a4572",15,15,10,15,15,10,17,20,14,NA,NA,NA,NA,NA,NA,NA,NA,NA,NA,NA,NA,NA,NA,NA,18,25,17,NA,NA,NA,NA,NA,NA,NA,NA,NA,29,1,1,NA,NA,NA,NA,NA,NA,NA,NA,"",4,2,1,0,2,NA,34,1,0,0,4,1,"",1,NA,NA,NA,NA,NA,NA,2,1,1,0,2,2,1,1,3,3,3,2,3,1,0,"",0,NA,NA,NA,NA,NA,NA,NA,1,NA,NA,"",4,3,2,4,3,1,2,2,1,1,2,5,4,751
"5d548912e1c7130018e019dc",40,18,27,40,19,27,38,27,27,NA,NA,NA,NA,NA,NA,NA,NA,NA,NA,NA,NA,NA,NA,NA,27,38,27,NA,NA,NA,NA,NA,NA,NA,NA,NA,36,1,1,NA,NA,NA,NA,NA,NA,NA,NA,"",5,5,1,1,4,NA,14,1,1,0,3,2,"",1,1,1,NA,1,NA,NA,3,1,1,2,5,3,3,4,5,3,4,3,2,1,3,"",0,1,1,NA,NA,NA,NA,NA,NA,1,NA,"Tastings ",3,4,2,3,3,2,4,4,2,2,2,3,4,738
"5804236a07d709000141b8e0",50,30,20,50,30,30,40,30,30,NA,NA,NA,NA,NA,NA,NA,NA,NA,NA,NA,NA,NA,NA,NA,NA,NA,NA,NA,NA,NA,40,30,30,NA,NA,NA,47,2,NA,1,NA,NA,NA,NA,NA,NA,NA,"",5,4,1,0,4,NA,3,1,1,0,3,1,"",NA,NA,1,1,1,1,NA,3,3,1,0,3,5,3,3,5,5,NA,2,3,3,0,"",0,NA,1,NA,NA,NA,NA,NA,NA,NA,NA,"",3,3,1,3,4,2,4,4,1,1,4,5,4,417
"5c36c5a851707e0001cd533d",40,30,20,40,24,15,40,30,30,40,30,30,NA,NA,NA,NA,NA,NA,NA,NA,NA,NA,NA,NA,NA,NA,NA,NA,NA,NA,NA,NA,NA,NA,NA,NA,33,3,1,NA,NA,NA,NA,NA,NA,NA,NA,"",5,1,4,0,1,NA,26,1,1,1,4,4,"",NA,1,NA,1,1,NA,NA,3,3,1,1,3,3,3,2,5,4,2,3,4,0,0,"",0,1,1,NA,1,NA,NA,NA,NA,NA,NA,"",5,4,1,4,4,1,2,2,1,1,5,3,4,467
"5ba869c2e4d9160001f01fe8",15,12,10,16,13,11,10,12,12,NA,NA,NA,NA,NA,NA,NA,NA,NA,NA,NA,NA,NA,NA,NA,NA,NA,NA,NA,NA,NA,NA,NA,NA,13,13,13,21,3,1,NA,NA,1,NA,NA,NA,NA,NA,"",5,1,4,0,1,NA,5,1,1,0,3,4,"",NA,NA,1,1,1,NA,NA,5,3,1,0,1,3,2,2,4,3,2,3,2,0,0,"",0,1,NA,1,NA,NA,NA,NA,NA,NA,NA,"",5,1,1,3,3,1,2,2,2,2,5,5,5,231
"5c6b06511519ac0001668c26",25,20,20,25,20,20,30,25,25,NA,NA,NA,NA,NA,NA,NA,NA,NA,NA,NA,NA,NA,NA,NA,30,30,28,NA,NA,NA,NA,NA,NA,NA,NA,NA,27,1,1,NA,NA,NA,NA,NA,NA,NA,NA,"",5,2,3,0,2,NA,26,1,1,1,4,1,"",1,NA,NA,NA,NA,NA,NA,5,2,0,2,3,4,3,1,5,3,3,3,3,3,0,"",0,1,NA,NA,1,NA,1,1,1,1,NA,"From recommendations at restaurants ",3,4,4,4,4,1,4,5,2,3,2,3,3,664
"5d4b0d283daf2200011170a8",20,18,15,15,15,15,30,35,20,NA,NA,NA,NA,NA,NA,NA,NA,NA,NA,NA,NA,NA,NA,NA,NA,NA,NA,30,25,30,NA,NA,NA,NA,NA,NA,37,1,1,NA,NA,NA,NA,NA,NA,NA,NA,"",5,2,1,1,4,NA,24,1,1,0,3,1,"",1,NA,NA,NA,NA,NA,NA,4,1,1,2,2,2,2,2,5,5,2,3,4,2,1,"",0,1,NA,1,1,NA,1,NA,NA,NA,NA,"",3,3,3,4,4,3,2,3,1,1,5,5,5,514
"5809f556b869700001d71179",19,15,15,19,15,15,19,15,15,NA,NA,NA,NA,NA,NA,NA,NA,NA,NA,NA,NA,16,17,17,NA,NA,NA,NA,NA,NA,NA,NA,NA,NA,NA,NA,34,1,1,NA,NA,NA,NA,NA,NA,NA,NA,"",6,4,1,1,5,NA,23,1,1,0,3,1,"",1,NA,NA,NA,NA,NA,NA,2,1,0,0,2,3,4,1,4,3,3,3,2,2,0,"",0,1,NA,NA,1,NA,1,NA,NA,NA,NA,"",4,2,3,4,3,2,4,3,2,2,2,4,4,276
"5c1c174bbcc75f00016f7eb1",16,15,10,16,15,12,18,16,16,NA,NA,NA,NA,NA,NA,NA,NA,NA,NA,NA,NA,NA,NA,NA,NA,NA,NA,NA,NA,NA,NA,NA,NA,18,18,18,31,2,1,NA,NA,NA,NA,NA,NA,NA,NA,"",5,1,1,0,2,NA,44,1,1,0,3,1,"",NA,1,NA,1,NA,NA,NA,2,0,0,0,1,2,1,1,4,4,3,2,4,1,0,"",0,NA,NA,NA,1,NA,NA,NA,NA,NA,NA,"",5,3,2,3,3,2,1,1,1,1,5,3,5,756
"5b5a822e1ad8270001c4f28d",60,50,55,65,65,70,80,75,70,NA,NA,NA,NA,NA,NA,NA,NA,NA,NA,NA,NA,NA,NA,NA,NA,NA,NA,NA,NA,NA,70,80,65,NA,NA,NA,38,1,1,NA,NA,NA,NA,NA,NA,NA,NA,"",2,1,4,0,3,NA,5,1,1,0,5,1,"",1,1,1,1,1,1,NA,5,5,0,0,5,3,4,3,4,5,4,3,2,2,1,"",0,1,NA,NA,1,1,NA,1,1,NA,NA,"",2,3,3,5,4,3,3,3,3,3,5,4,3,568
"5c5c92070edbd90001e1e72d",49.99,38.99,29.99,38.99,35.99,35.99,56.99,35.99,32.99,NA,NA,NA,NA,NA,NA,NA,NA,NA,NA,NA,NA,38.99,42.99,41.99,NA,NA,NA,NA,NA,NA,NA,NA,NA,NA,NA,NA,36,1,1,NA,NA,NA,NA,NA,NA,NA,NA,"",5,2,1,1,3,NA,18,0,0,0,3,1,"",NA,NA,NA,NA,NA,1,NA,3,1,0,0,3,2,2,1,5,4,2,3,3,1,0,"",0,1,NA,NA,NA,NA,NA,NA,NA,NA,NA,"",4,1,2,2,4,3,2,1,1,1,5,4,4,458
"5ccf87bfb46c7000010d8428",39.99,35.99,19,39.99,42.99,19.99,45.99,48.99,25.99,NA,NA,NA,NA,NA,NA,NA,NA,NA,NA,NA,NA,NA,NA,NA,NA,NA,NA,NA,NA,NA,47.99,49.99,28.99,NA,NA,NA,24,1,1,NA,NA,NA,NA,NA,NA,NA,NA,"",5,1,4,0,2,NA,5,1,1,0,4,1,"",1,1,1,NA,1,NA,NA,4,4,2,2,3,3,2,1,4,4,2,3,2,0,0,"",0,NA,1,NA,NA,NA,NA,1,NA,NA,NA,"",5,4,3,4,4,3,4,4,2,2,5,4,5,318
"5b33b6702e8ac4000135ee25",15,10,8,15,10,8,15,12,9,NA,NA,NA,NA,NA,NA,15,14,8,NA,NA,NA,NA,NA,NA,NA,NA,NA,NA,NA,NA,NA,NA,NA,NA,NA,NA,36,2,1,NA,NA,NA,NA,NA,NA,NA,NA,"",3,3,1,1,4,NA,38,1,1,0,4,1,"",1,1,1,NA,1,NA,NA,5,2,0,2,1,4,4,1,5,4,3,3,3,0,0,"",0,1,1,NA,1,NA,NA,NA,NA,NA,NA,"",4,3,2,3,3,1,4,4,2,2,2,3,3,547
"5ce9c6df6b2b3d001a94b24f",17,16,15,17,16,15,18,17,17,NA,NA,NA,NA,NA,NA,18,17,15.5,NA,NA,NA,NA,NA,NA,NA,NA,NA,NA,NA,NA,NA,NA,NA,NA,NA,NA,44,1,1,NA,NA,NA,NA,NA,NA,NA,NA,"",3,2,4,0,1,NA,50,1,1,0,3,1,"",1,1,NA,NA,NA,NA,NA,3,1,1,1,2,3,3,3,4,4,4,2,2,0,0,"",0,1,NA,NA,NA,NA,NA,NA,NA,NA,NA,"",3,3,2,3,3,1,3,3,2,3,5,5,5,827
"5a81d301eea3d300016e4be0",7,7,5,10,10,7,10,10,7,NA,NA,NA,NA,NA,NA,NA,NA,NA,NA,NA,NA,NA,NA,NA,7,10,7,NA,NA,NA,NA,NA,NA,NA,NA,NA,54,2,1,NA,NA,NA,NA,NA,NA,NA,NA,"",6,1,1,0,2,NA,44,0,1,0,5,1,"",1,1,1,NA,NA,NA,NA,3,1,1,1,1,4,1,1,4,4,2,3,4,3,0,"",0,1,1,NA,1,NA,1,1,1,NA,NA,"",4,5,3,3,3,3,2,3,2,2,2,4,3,370
"5d42622d0ff61e0018ff1d2a",99,75,35,99,70,40,80,60,60,NA,NA,NA,NA,NA,NA,NA,NA,NA,90,60,60,NA,NA,NA,NA,NA,NA,NA,NA,NA,NA,NA,NA,NA,NA,NA,21,2,1,NA,NA,NA,NA,NA,NA,NA,NA,"",5,4,4,0,4,NA,30,0,0,1,4,4,"",NA,1,1,1,1,1,NA,3,2,1,0,4,4,1,1,5,4,3,2,4,0,0,"",0,1,NA,NA,1,NA,NA,1,NA,NA,NA,"",4,4,2,4,5,2,2,3,1,1,2,3,4,514
"5c576a2cf7e3d700016b7d45",50,50,50,50,50,50,50,50,50,NA,NA,NA,50,50,60,NA,NA,NA,NA,NA,NA,NA,NA,NA,NA,NA,NA,NA,NA,NA,NA,NA,NA,NA,NA,NA,36,1,1,NA,NA,NA,NA,1,NA,NA,NA,"",3,4,4,0,3,NA,5,1,1,0,5,1,"",1,1,1,1,1,1,NA,6,5,5,4,4,5,4,4,5,4,4,2,2,2,3,"",1,1,NA,NA,1,NA,NA,NA,NA,NA,NA,"",5,5,5,5,5,5,5,5,2,4,5,5,5,347
"5652916bfea9c60012c5cdc1",15,12,10,22,18,16,25,17,17,NA,NA,NA,25,20,23,NA,NA,NA,NA,NA,NA,NA,NA,NA,NA,NA,NA,NA,NA,NA,NA,NA,NA,NA,NA,NA,32,1,NA,NA,1,NA,NA,NA,NA,NA,NA,"",5,2,1,1,3,NA,45,1,1,0,4,1,"",NA,1,1,1,1,1,NA,4,3,1,2,3,5,3,2,5,4,3,4,4,4,2,"",1,1,NA,NA,1,NA,1,1,1,NA,NA,"",5,3,1,2,4,4,4,5,2,3,2,3,3,575
"5c095c8a217d6000011193b8",25,20,15,30,25,20,40,35,30,NA,NA,NA,NA,NA,NA,NA,NA,NA,NA,NA,NA,NA,NA,NA,NA,NA,NA,NA,NA,NA,NA,NA,NA,40,35,30,31,2,NA,1,NA,NA,NA,NA,NA,NA,NA,"",4,2,1,1,7,7,11,1,1,0,4,1,"",NA,1,1,1,1,1,NA,1,1,0,0,3,3,3,3,4,4,4,4,4,4,0,"",0,1,NA,NA,1,NA,NA,NA,NA,NA,NA,"",5,5,3,3,3,2,2,4,2,2,2,3,3,1170
"5bb9f9dad5330e000101a241",20,20,10,25,25,20,20,17,15,NA,NA,NA,NA,NA,NA,NA,NA,NA,NA,NA,NA,17,28,20,NA,NA,NA,NA,NA,NA,NA,NA,NA,NA,NA,NA,23,2,NA,NA,NA,1,NA,NA,NA,NA,NA,"",5,2,4,0,1,NA,24,1,1,0,4,1,"",1,NA,NA,NA,1,NA,NA,4,4,0,0,3,4,1,1,4,4,4,2,4,4,0,"",0,NA,NA,NA,NA,1,1,NA,NA,NA,NA,"",3,3,2,4,3,3,2,2,2,3,5,5,5,524
"5c8d552e1a9e6500160ebb8a",20,20,20,22,22,22,22,22,22,NA,NA,NA,NA,NA,NA,NA,NA,NA,NA,NA,NA,NA,NA,NA,22,22,22,NA,NA,NA,NA,NA,NA,NA,NA,NA,33,2,1,NA,NA,NA,NA,NA,NA,NA,NA,"",4,2,1,1,4,NA,24,1,1,0,4,4,"",NA,NA,NA,1,1,1,NA,1,1,0,0,4,2,1,1,4,4,3,3,4,2,0,"",0,1,1,NA,NA,NA,NA,NA,NA,NA,NA,"",4,1,1,2,4,2,1,1,1,1,5,5,5,546
"5b182365316c630001abff4f",18,18,15,15,15,15,18,18,15,NA,NA,NA,NA,NA,NA,NA,NA,NA,NA,NA,NA,NA,NA,NA,15,18,15,NA,NA,NA,NA,NA,NA,NA,NA,NA,30,2,1,NA,NA,NA,NA,NA,NA,NA,NA,"",6,2,4,0,2,NA,9,1,1,0,4,1,"",1,1,1,NA,1,NA,NA,3,2,1,1,2,3,2,1,5,5,3,3,4,2,0,"",0,1,NA,NA,1,NA,NA,1,1,NA,NA,"",4,5,2,4,4,3,2,1,1,1,5,4,3,968
"5d588f070569c500191eaaf1",25,20,15,40,30,25,40,12,25,NA,NA,NA,NA,NA,NA,NA,NA,NA,NA,NA,NA,NA,NA,NA,NA,NA,NA,40,14,30,NA,NA,NA,NA,NA,NA,24,2,1,NA,NA,NA,NA,NA,NA,NA,NA,"",3,2,3,1,3,NA,34,1,1,0,3,1,"",NA,1,NA,NA,1,1,NA,3,3,0,1,2,1,1,1,4,3,3,2,3,0,0,"",0,1,NA,NA,1,NA,NA,1,NA,NA,NA,"",5,2,3,3,4,2,2,1,1,1,5,5,4,667
"5cb0cfc643e80b00010a384b",21,14,12,21,16,14,24,10,16,NA,NA,NA,NA,NA,NA,NA,NA,NA,NA,NA,NA,NA,NA,NA,NA,NA,NA,24,10,16,NA,NA,NA,NA,NA,NA,36,2,1,NA,NA,NA,NA,NA,NA,NA,NA,"",6,2,4,1,3,NA,21,0,1,0,4,2,"",NA,1,1,NA,1,NA,NA,1,1,1,0,2,4,2,1,5,3,3,3,2,1,1,"",0,1,NA,NA,1,NA,NA,NA,NA,NA,NA,"",4,3,2,3,4,3,2,1,1,1,2,3,4,337
"5c47758c2381060001bf5b19",15,15,10,15,15,12,15,12,12,NA,NA,NA,NA,NA,NA,NA,NA,NA,NA,NA,NA,NA,NA,NA,NA,NA,NA,15,12,12,NA,NA,NA,NA,NA,NA,25,2,1,NA,NA,NA,NA,NA,NA,NA,NA,"",5,2,1,1,4,NA,28,1,1,0,3,4,"",NA,NA,1,1,1,NA,NA,3,2,0,1,2,1,1,1,4,4,3,3,2,1,0,"",0,1,NA,NA,NA,NA,NA,NA,NA,NA,NA,"",5,2,4,2,3,3,1,1,1,1,5,5,5,509
"5d4a35d65407dc001ab30a39",25,20,17,25,22,19,25,25,25,NA,NA,NA,NA,NA,NA,NA,NA,NA,25,22,22,NA,NA,NA,NA,NA,NA,NA,NA,NA,NA,NA,NA,NA,NA,NA,27,1,1,NA,NA,NA,NA,NA,NA,NA,NA,"",5,2,4,0,2,NA,11,1,1,0,4,1,"",1,1,1,1,1,1,NA,4,2,1,1,3,1,1,1,5,5,4,3,4,3,1,"",0,1,1,NA,1,NA,NA,1,1,NA,NA,"",4,3,2,4,4,2,1,2,1,1,5,5,5,421
"582afed4ce3a0e00010b3245",45,23,14,45,26,14,45,35,19,NA,NA,NA,45,35,29,NA,NA,NA,NA,NA,NA,NA,NA,NA,NA,NA,NA,NA,NA,NA,NA,NA,NA,NA,NA,NA,66,2,1,NA,NA,NA,NA,NA,NA,NA,NA,"",3,1,2,0,1,NA,39,1,1,0,4,4,"",1,NA,NA,NA,NA,NA,NA,2,0,1,3,3,4,2,2,5,4,3,3,4,0,0,"",0,1,NA,NA,1,NA,NA,NA,NA,1,NA,"google",4,3,2,3,4,2,4,1,1,2,2,3,3,656
"5b20c5e04c72120001f25dda",23,20,15,20,19,14,25,25,21,NA,NA,NA,NA,NA,NA,NA,NA,NA,NA,NA,NA,NA,NA,NA,NA,NA,NA,NA,NA,NA,27,26,25,NA,NA,NA,32,1,NA,NA,NA,NA,NA,1,NA,NA,NA,"",4,2,4,0,3,NA,10,1,1,0,4,1,"",1,NA,1,1,1,NA,NA,2,1,0,1,2,1,1,1,5,5,4,3,4,2,0,"",0,1,NA,NA,1,NA,NA,NA,NA,NA,NA,"",4,3,3,4,4,1,2,3,3,2,5,5,5,590
"5cbdb3c26641b000171636bf",20,15,18,20,17,18,25,19,20.99,NA,NA,NA,NA,NA,NA,NA,NA,NA,NA,NA,NA,NA,NA,NA,NA,NA,NA,NA,NA,NA,NA,NA,NA,19,14.99,15.99,23,2,NA,1,NA,NA,NA,NA,NA,NA,NA,"",5,4,4,0,3,NA,33,1,0,0,3,1,"",NA,NA,1,1,1,1,NA,4,2,3,0,2,4,2,5,5,3,4,4,4,0,0,"",0,1,NA,NA,1,NA,NA,NA,NA,NA,NA,"",4,3,2,3,2,1,2,1,2,1,2,3,3,638
"5cba6cba7b56420015438da9",20,17,15,25,19,17,25,19,17,NA,NA,NA,NA,NA,NA,NA,NA,NA,25,19,17,NA,NA,NA,NA,NA,NA,NA,NA,NA,NA,NA,NA,NA,NA,NA,25,2,1,NA,NA,NA,NA,NA,NA,NA,NA,"",6,1,4,0,2,NA,3,1,1,0,4,1,"",1,1,1,NA,1,1,NA,4,1,1,2,2,2,3,1,4,3,2,2,2,1,0,"",0,1,1,NA,1,NA,NA,NA,NA,NA,NA,"",5,2,3,2,3,2,1,2,1,1,4,3,5,626
"5d4b32eb4f41ff00174d5369",19,21,18,21,19,18,19,21,21,NA,NA,NA,NA,NA,NA,NA,NA,NA,NA,NA,NA,NA,NA,NA,18,21,19,NA,NA,NA,NA,NA,NA,NA,NA,NA,27,2,1,NA,NA,NA,NA,NA,NA,NA,NA,"",3,4,3,0,3,NA,46,1,1,0,5,2,"",1,1,1,1,1,NA,NA,4,3,1,0,3,3,2,3,3,3,3,2,4,1,0,"",0,1,NA,NA,1,NA,NA,NA,NA,NA,NA,"",4,1,3,5,2,1,4,3,2,3,5,5,5,401
"5cd36c1721248400012b15cf",10,8,12,12,10,14,8,10,16,10,12,18,NA,NA,NA,NA,NA,NA,NA,NA,NA,NA,NA,NA,NA,NA,NA,NA,NA,NA,NA,NA,NA,NA,NA,NA,24,2,1,NA,NA,NA,NA,NA,NA,NA,NA,"",6,2,3,0,2,NA,45,1,1,0,4,1,"",NA,1,NA,1,NA,1,NA,5,3,0,2,1,1,1,1,4,4,4,2,2,0,0,"",0,1,NA,NA,1,NA,NA,NA,NA,NA,NA,"",5,2,1,3,2,2,2,2,1,1,5,5,5,687
"5c89bfe95a10f700183b2e52",15,10,10,15,10,10,15,15,15,15,15,15,NA,NA,NA,NA,NA,NA,NA,NA,NA,NA,NA,NA,NA,NA,NA,NA,NA,NA,NA,NA,NA,NA,NA,NA,35,2,1,NA,NA,NA,NA,NA,NA,NA,NA,"",5,2,4,0,1,NA,10,1,1,0,4,1,"",1,1,NA,NA,NA,NA,NA,2,1,0,0,2,5,2,1,5,3,3,2,3,0,0,"",0,1,1,NA,1,NA,NA,NA,NA,NA,NA,"",4,3,3,4,2,1,2,2,2,2,2,4,4,446
"5c4a1a5e0bfde90001066947",15,12,17,17,15,20,16,14,21,16,14,21,NA,NA,NA,NA,NA,NA,NA,NA,NA,NA,NA,NA,NA,NA,NA,NA,NA,NA,NA,NA,NA,NA,NA,NA,61,1,1,NA,NA,NA,NA,NA,NA,NA,NA,"",5,3,1,0,2,NA,24,0,0,0,2,1,"",NA,NA,NA,NA,NA,1,NA,1,1,1,1,2,2,1,4,4,3,5,2,3,0,0,"",0,NA,NA,NA,NA,NA,NA,NA,NA,1,NA,"Visit wineries",3,1,1,1,1,1,1,1,1,1,5,4,4,446
"5bfd40608427ad000169962c",25,15,12,30,20,15,35,20,28,NA,NA,NA,NA,NA,NA,NA,NA,NA,40,25,25,NA,NA,NA,NA,NA,NA,NA,NA,NA,NA,NA,NA,NA,NA,NA,21,2,1,NA,NA,NA,NA,NA,NA,NA,NA,"",5,3,4,0,2,NA,45,1,1,0,4,1,"",NA,NA,1,NA,NA,NA,NA,4,4,3,2,2,3,1,2,5,3,3,2,3,2,0,"",1,1,NA,1,NA,NA,NA,1,NA,NA,NA,"",3,2,2,4,4,4,4,2,1,2,4,3,4,440
"5c2fd570e4dd550001e4aa9d",15,12,9,15,12,9,15,12,9,NA,NA,NA,NA,NA,NA,NA,NA,NA,NA,NA,NA,NA,NA,NA,NA,NA,NA,NA,NA,NA,NA,NA,NA,15,12,9,31,2,1,NA,NA,1,NA,1,NA,1,NA,"Mixed race",3,2,4,0,3,NA,11,0,1,0,3,1,"",1,NA,1,NA,NA,NA,NA,1,1,0,0,1,3,2,1,4,3,2,1,0,0,0,"",0,1,NA,NA,NA,1,1,NA,1,NA,NA,"",4,2,1,3,3,2,4,4,1,1,5,5,5,444
"5c1a85dcc8a84e0001a84370",25,19.5,15.25,25,18.75,15.25,19,18,15,NA,NA,NA,18,16,16,NA,NA,NA,NA,NA,NA,NA,NA,NA,NA,NA,NA,NA,NA,NA,NA,NA,NA,NA,NA,NA,44,1,1,NA,NA,NA,NA,NA,NA,NA,NA,"",5,5,1,1,4,NA,5,0,0,0,2,1,"",1,NA,NA,NA,NA,NA,NA,1,1,0,1,3,2,1,1,3,2,1,4,3,1,0,"",0,1,NA,NA,NA,1,NA,NA,NA,NA,NA,"",4,3,3,3,3,3,1,1,1,1,5,3,5,454
"5d3661a41af6d000013f95ae",9.99,9.99,7.99,9.99,9.99,7.99,9.99,9.99,7.99,NA,NA,NA,NA,NA,NA,NA,NA,NA,NA,NA,NA,NA,NA,NA,9.99,9.99,7.99,NA,NA,NA,NA,NA,NA,NA,NA,NA,49,1,1,NA,NA,NA,NA,NA,NA,NA,NA,"",2,1,2,0,1,NA,26,1,1,0,3,1,"",1,1,NA,1,NA,1,NA,3,1,0,0,1,4,1,1,4,NA,NA,3,4,2,4,"ordered once as a gift",0,1,NA,NA,NA,NA,1,NA,NA,NA,NA,"",5,3,2,1,3,1,3,4,2,1,5,3,4,1232
"5d51e2875a1cc40019a47a52",7,7,6,7,7,6,7,6,7,NA,NA,NA,NA,NA,NA,NA,NA,NA,NA,NA,NA,6,7,7,NA,NA,NA,NA,NA,NA,NA,NA,NA,NA,NA,NA,24,1,1,NA,NA,NA,NA,NA,NA,NA,NA,"",5,1,4,0,2,NA,45,1,1,0,4,1,"",NA,1,NA,1,NA,1,NA,3,0,0,1,1,3,1,1,4,3,2,3,3,2,0,"",0,1,NA,NA,1,NA,NA,NA,NA,NA,NA,"",5,3,2,2,4,3,2,2,1,1,5,3,5,502
"5cb40e0b717f4600015e7392",30,30,10,40,40,25,50,50,30,NA,NA,NA,NA,NA,NA,NA,NA,NA,NA,NA,NA,NA,NA,NA,NA,NA,NA,NA,NA,NA,50,50,30,NA,NA,NA,29,2,NA,NA,NA,NA,NA,1,NA,NA,NA,"",5,2,1,0,3,NA,45,1,1,0,3,2,"",1,1,NA,NA,NA,NA,NA,1,0,0,0,5,1,1,1,4,4,4,3,4,1,0,"",1,NA,NA,NA,1,NA,NA,1,1,NA,NA,"",3,1,1,1,5,2,4,5,2,3,1,5,5,1011
"5d029d00dc1d460001b0a4f8",10,10,10,9,9,9,12,11,12,NA,NA,NA,NA,NA,NA,NA,NA,NA,NA,NA,NA,NA,NA,NA,NA,NA,NA,NA,NA,NA,NA,NA,NA,12,10,12,35,2,1,NA,NA,NA,NA,NA,NA,NA,NA,"",7,3,1,1,4,NA,10,1,1,0,4,1,"",1,1,NA,NA,NA,NA,NA,2,0,0,0,2,2,1,1,3,3,3,2,3,0,0,"",0,1,NA,NA,1,NA,NA,NA,NA,NA,NA,"",4,2,1,4,3,1,2,1,1,1,5,5,5,476
"5d11103148ddca000180b737",40.99,40.99,25,50,45,24,50,46,40,NA,NA,NA,50,45,45,NA,NA,NA,NA,NA,NA,NA,NA,NA,NA,NA,NA,NA,NA,NA,NA,NA,NA,NA,NA,NA,23,1,1,NA,NA,NA,NA,NA,NA,NA,NA,"",3,2,4,0,2,NA,45,1,1,0,4,1,"",NA,1,NA,NA,NA,1,NA,3,2,0,1,4,4,3,3,4,4,3,2,3,1,0,"",0,1,1,NA,1,NA,NA,NA,NA,NA,NA,"",4,2,1,3,2,1,2,1,1,2,1,4,4,512
"5ce8430b3060280017a05dac",15,15,10,20,20,15,15,15,10,NA,NA,NA,NA,NA,NA,NA,NA,NA,NA,NA,NA,NA,NA,NA,NA,NA,NA,NA,NA,NA,20,20,20,NA,NA,NA,25,1,1,1,NA,NA,NA,1,NA,NA,NA,"",3,4,1,0,4,NA,14,1,1,1,3,1,"",1,1,1,NA,1,NA,NA,2,1,0,0,2,5,5,1,5,5,4,2,3,0,0,"",0,1,NA,NA,1,NA,NA,NA,NA,NA,NA,"",4,2,2,2,3,2,2,2,2,2,5,3,4,350
"5c918e5eb138fe0014e401e0",20,20,15,20,20,15,20,20,20,NA,NA,NA,NA,NA,NA,NA,NA,NA,NA,NA,NA,NA,NA,NA,NA,NA,NA,NA,NA,NA,20,20,20,NA,NA,NA,25,2,NA,NA,NA,NA,NA,NA,NA,1,NA,"mixed",5,1,4,0,1,NA,49,1,1,1,4,1,"",1,1,1,1,1,1,NA,1,1,1,0,2,4,1,1,3,3,3,4,4,2,0,"",0,NA,NA,NA,1,NA,NA,NA,1,NA,NA,"",4,3,1,4,4,2,2,2,2,2,4,3,5,306
"5ac61699e1546900019c0a9c",60,40,40,60,40,40,60,40,40,NA,NA,NA,NA,NA,NA,NA,NA,NA,NA,NA,NA,NA,NA,NA,NA,NA,NA,60,30,50,NA,NA,NA,NA,NA,NA,28,2,1,NA,NA,NA,NA,NA,NA,NA,NA,"",6,3,1,1,5,NA,17,1,1,0,5,1,"",1,NA,NA,1,NA,NA,NA,2,0,0,0,3,3,2,2,5,5,3,4,4,0,0,"",0,1,NA,NA,NA,NA,NA,NA,NA,NA,NA,"",3,3,2,1,5,4,2,1,1,1,5,5,5,235
"5c2c62542c45d400014a32e6",80,50,20,50,30,5,60,40,10,NA,NA,NA,NA,NA,NA,NA,NA,NA,NA,NA,NA,NA,NA,NA,50,50,10,NA,NA,NA,NA,NA,NA,NA,NA,NA,25,1,NA,NA,NA,1,NA,NA,NA,NA,NA,"",3,-1,4,0,3,NA,14,-1,0,0,1,4,"",1,NA,NA,NA,NA,NA,NA,1,0,0,0,-1,1,1,1,5,5,2,2,4,2,0,"",0,NA,NA,NA,NA,NA,NA,NA,NA,NA,1,"",5,5,1,5,5,1,1,1,1,1,5,5,5,561
"5c31d35ada51990001e4fd31",20,25,15,30,30,25,35,37,34,NA,NA,NA,NA,NA,NA,NA,NA,NA,38,37,34,NA,NA,NA,NA,NA,NA,NA,NA,NA,NA,NA,NA,NA,NA,NA,21,1,NA,1,NA,NA,NA,NA,NA,NA,NA,"",3,2,4,0,1,NA,34,1,1,0,3,1,"",1,NA,1,NA,NA,1,NA,2,4,2,1,3,2,2,3,4,4,4,2,2,1,1,"",1,NA,1,NA,NA,NA,1,NA,NA,NA,NA,"",2,4,3,5,4,3,3,2,4,3,5,5,5,375
"5c0eeebc65217a00014ef236",15,12,12,15,12,12,18,15,15,NA,NA,NA,NA,NA,NA,NA,NA,NA,NA,NA,NA,NA,NA,NA,NA,NA,NA,18,15,18,NA,NA,NA,NA,NA,NA,35,2,1,NA,NA,NA,NA,NA,NA,NA,NA,"",5,4,1,1,5,NA,38,1,1,0,5,1,"",1,1,1,NA,1,NA,NA,5,3,0,3,2,3,1,1,4,3,3,3,3,0,0,"",0,1,NA,NA,1,NA,NA,NA,NA,1,NA,"Wine Tastings",4,3,3,4,4,2,3,1,1,1,5,3,4,531
"5d0d16d991270800010b7dd7",22.99,22.99,20.99,22.5,22.5,21,22,22,21,NA,NA,NA,NA,NA,NA,NA,NA,NA,22.5,20.5,20,NA,NA,NA,NA,NA,NA,NA,NA,NA,NA,NA,NA,NA,NA,NA,35,1,1,NA,NA,NA,NA,NA,NA,NA,NA,"",6,3,1,1,4,NA,10,1,1,0,5,1,"",1,1,1,NA,1,NA,NA,6,5,4,1,3,4,3,3,4,3,4,3,2,2,2,"",1,1,NA,1,1,1,1,NA,1,NA,NA,"",3,3,2,3,3,2,4,4,2,3,4,3,3,1391
"5c796f4b4855980016a15557",19.99,12.99,15,19.99,14.99,16.99,15.99,13.99,19.99,NA,NA,NA,NA,NA,NA,18.99,16,14,NA,NA,NA,NA,NA,NA,NA,NA,NA,NA,NA,NA,NA,NA,NA,NA,NA,NA,43,2,1,NA,NA,NA,NA,NA,NA,NA,NA,"",5,2,1,1,4,NA,5,1,1,1,5,1,"",1,NA,NA,NA,NA,1,NA,4,0,0,2,3,1,1,1,4,3,3,3,4,2,0,"",1,NA,NA,NA,NA,NA,1,1,1,NA,NA,"",3,4,4,2,2,2,4,5,4,4,2,3,3,919
"59d1e366faf42e00012b6c1c",14,14,12,14,14,12,14,14,14,14,14,14,NA,NA,NA,NA,NA,NA,NA,NA,NA,NA,NA,NA,NA,NA,NA,NA,NA,NA,NA,NA,NA,NA,NA,NA,52,2,1,NA,NA,NA,NA,NA,NA,NA,NA,"",2,1,2,0,2,NA,34,1,1,0,5,1,"",NA,1,NA,NA,NA,NA,NA,3,2,2,0,2,1,1,1,3,3,3,2,2,1,0,"",0,1,NA,NA,1,NA,1,NA,NA,NA,NA,"",5,3,1,3,2,1,3,4,1,1,5,5,5,665
"58a623e90da7f10001de8553",12,10,10,12,10,10,13,11,11,NA,NA,NA,NA,NA,NA,NA,NA,NA,NA,NA,NA,NA,NA,NA,NA,NA,NA,NA,NA,NA,13,11,11,NA,NA,NA,53,2,1,NA,NA,NA,NA,NA,NA,NA,NA,"",3,2,1,1,3,NA,5,1,1,0,3,1,"",1,1,NA,NA,NA,NA,NA,4,1,0,0,1,5,1,3,5,3,3,2,3,0,0,"",0,NA,NA,NA,1,NA,NA,NA,NA,NA,NA,"",4,3,1,2,4,3,3,3,2,2,5,3,3,641
"5c4a428161c51f0001e96b3f",25,18,20,40,25,25,45,28,30,NA,NA,NA,NA,NA,NA,NA,NA,NA,42,32,36,NA,NA,NA,NA,NA,NA,NA,NA,NA,NA,NA,NA,NA,NA,NA,25,1,1,NA,NA,NA,NA,NA,NA,NA,NA,"",5,2,4,0,6,NA,45,1,1,0,3,1,"",1,1,1,NA,1,NA,NA,4,4,4,3,4,3,4,3,5,3,4,2,2,2,1,"",0,1,1,NA,NA,NA,NA,NA,NA,NA,NA,"",4,4,3,2,2,1,4,3,4,3,2,3,1,833
"5d2fb8f7034d7d000164bd18",15.99,20,12.99,16.99,21.99,13.99,25.99,21.99,15.99,NA,NA,NA,NA,NA,NA,NA,NA,NA,NA,NA,NA,NA,NA,NA,22.99,24.99,16.99,NA,NA,NA,NA,NA,NA,NA,NA,NA,32,2,1,NA,NA,NA,NA,NA,NA,NA,NA,"",6,4,4,0,1,NA,9,1,1,0,3,1,"",1,NA,NA,NA,NA,NA,NA,4,2,1,0,3,3,3,3,4,4,3,0,4,1,0,"",0,1,NA,NA,NA,NA,NA,NA,1,NA,NA,"",3,2,2,4,4,1,3,3,2,2,2,3,1,528
"5d14bf3449a18f0001e1e8dc",10,10,10,10,10,10,12,11,10,10,10,10,NA,NA,NA,NA,NA,NA,NA,NA,NA,NA,NA,NA,NA,NA,NA,NA,NA,NA,NA,NA,NA,NA,NA,NA,66,1,1,NA,NA,NA,NA,NA,NA,NA,NA,"",3,1,3,0,2,NA,45,1,1,0,3,1,"",1,1,NA,NA,NA,NA,NA,6,2,1,1,2,3,2,2,3,2,3,4,4,3,3,"",0,NA,NA,NA,NA,1,NA,NA,1,NA,NA,"",4,3,1,3,3,1,4,4,2,2,1,3,4,630
"5cd1bbc59e657600172becf0",35,30,25,35,30,25,40,30,30,NA,NA,NA,NA,NA,NA,NA,NA,NA,NA,NA,NA,40,30,30,NA,NA,NA,NA,NA,NA,NA,NA,NA,NA,NA,NA,65,2,1,NA,NA,NA,NA,NA,NA,NA,NA,"",6,1,2,1,2,NA,39,1,1,0,3,4,"",1,1,NA,NA,NA,NA,NA,2,1,1,1,3,3,1,2,5,4,3,4,3,2,1,"",-1,1,NA,NA,NA,NA,1,NA,NA,NA,NA,"",3,4,4,3,3,3,4,4,4,4,4,2,5,708
"5c5732a80a537a00019ea4eb",25,18,22,25,20,20,25,16,22,NA,NA,NA,NA,NA,NA,25,18,16,NA,NA,NA,NA,NA,NA,NA,NA,NA,NA,NA,NA,NA,NA,NA,NA,NA,NA,30,1,1,NA,NA,NA,NA,1,NA,NA,NA,"",3,2,4,1,2,NA,23,1,1,0,4,1,"",1,NA,NA,NA,NA,NA,NA,5,1,1,2,3,5,1,4,5,4,3,2,4,2,2,"",1,1,NA,NA,NA,NA,1,1,1,NA,NA,"",3,5,4,4,4,3,4,4,3,4,4,5,5,580
"55d234565bc5bc0005d90389",50,30,15,75,50,20,60,35,20,NA,NA,NA,70,50,35,NA,NA,NA,NA,NA,NA,NA,NA,NA,NA,NA,NA,NA,NA,NA,NA,NA,NA,NA,NA,NA,28,1,1,NA,NA,NA,NA,NA,NA,NA,NA,"",6,3,1,0,2,NA,16,1,0,0,5,1,"",1,1,1,NA,1,NA,NA,5,3,0,2,4,3,3,1,5,4,1,3,4,3,3,"",0,1,NA,NA,NA,1,1,1,NA,NA,NA,"",5,4,2,4,3,1,3,5,3,1,2,4,1,410
"5d4078cc738a5b001595f6ff",90,60,30,90,60,30,60,30,30,NA,NA,NA,NA,NA,NA,NA,NA,NA,NA,NA,NA,NA,NA,NA,NA,NA,NA,NA,NA,NA,60,60,60,NA,NA,NA,26,2,1,1,NA,NA,NA,NA,NA,NA,NA,"",2,2,4,1,5,NA,11,1,1,0,3,1,"",1,1,NA,1,NA,NA,NA,4,1,0,1,4,1,1,1,3,3,3,2,1,0,1,"",0,NA,NA,NA,1,1,NA,NA,NA,NA,NA,"",3,1,3,1,1,2,2,2,1,2,5,5,3,980
"5d1dd3126c07ef0015d8c375",40,25,20,45,30,20,45,35,35,NA,NA,NA,NA,NA,NA,50,45,30,NA,NA,NA,NA,NA,NA,NA,NA,NA,NA,NA,NA,NA,NA,NA,NA,NA,NA,27,2,NA,NA,NA,NA,NA,1,NA,1,NA,"Latina/white mix",2,2,4,0,3,NA,3,0,1,0,5,1,"",1,1,1,1,1,1,NA,4,3,0,0,3,3,5,1,5,4,3,2,3,0,0,"",1,NA,NA,NA,1,NA,NA,1,NA,NA,NA,"",4,3,2,2,2,2,3,2,3,2,5,3,1,903
"5cb7d9bfee1b040001e04fac",35,40,10,50,70,12,50,75,13,NA,NA,NA,NA,NA,NA,NA,NA,NA,NA,NA,NA,NA,NA,NA,NA,NA,NA,40,65,20,NA,NA,NA,NA,NA,NA,36,1,1,NA,NA,NA,NA,NA,NA,NA,NA,"",7,2,3,0,2,NA,39,0,1,0,3,2,"",1,NA,NA,NA,NA,NA,NA,1,1,1,0,4,2,4,1,4,4,2,4,3,3,0,"",0,1,NA,1,1,1,NA,1,1,NA,NA,"",4,4,3,3,4,2,4,5,2,2,2,3,3,287
"5d2c02fd68fe1f00010f84eb",20,20,14,25,25,20,27,30,20,NA,NA,NA,NA,NA,NA,NA,NA,NA,NA,NA,NA,NA,NA,NA,NA,NA,NA,NA,NA,NA,NA,NA,NA,27,25,22,27,2,1,NA,NA,NA,NA,NA,NA,NA,NA,"",5,1,1,1,3,NA,44,1,1,0,4,1,"",1,1,NA,NA,1,NA,NA,2,1,0,0,1,3,1,1,4,4,3,2,3,1,1,"",0,1,NA,NA,1,NA,NA,NA,NA,NA,NA,"",4,3,3,3,3,1,1,2,1,1,5,3,5,622
"57278d89e386b900093e7a60",14.99,10.99,9.99,14.99,10.99,9.99,12.99,9.99,8,13.5,10.25,9.5,NA,NA,NA,NA,NA,NA,NA,NA,NA,NA,NA,NA,NA,NA,NA,NA,NA,NA,NA,NA,NA,NA,NA,NA,37,1,1,NA,NA,NA,NA,NA,NA,NA,NA,"",6,1,4,0,3,NA,42,0,1,1,3,1,"",1,1,NA,NA,1,NA,NA,2,1,0,1,2,5,3,1,5,4,3,3,4,1,0,"",0,1,NA,NA,1,NA,NA,1,1,NA,NA,"",5,3,1,3,4,2,4,4,2,3,2,4,5,458
"5cdf7c56578f980015bc7c68",35,25,20,35,25,20,20,25,20,NA,NA,NA,NA,NA,NA,NA,NA,NA,NA,NA,NA,15,25,25,NA,NA,NA,NA,NA,NA,NA,NA,NA,NA,NA,NA,34,2,1,NA,NA,NA,NA,NA,NA,NA,NA,"",7,3,4,0,1,NA,33,1,1,0,5,1,"",1,NA,NA,NA,1,NA,NA,6,2,1,2,3,3,3,1,4,4,2,4,3,0,2,"",1,1,1,NA,1,NA,NA,NA,NA,1,NA,"travel",5,4,2,3,2,1,4,4,1,1,4,4,5,722
"5c0c5e04d56d2200015addcd",20,20,13.99,20,20,15,15,20,17,NA,NA,NA,NA,NA,NA,NA,NA,NA,25,20,17,NA,NA,NA,NA,NA,NA,NA,NA,NA,NA,NA,NA,NA,NA,NA,25,2,1,NA,NA,NA,NA,NA,NA,NA,NA,"",5,3,3,0,2,NA,34,1,1,0,5,1,"",NA,1,NA,1,NA,1,NA,3,1,1,2,4,2,3,1,4,4,3,2,3,1,2,"",0,1,NA,NA,NA,NA,NA,NA,1,NA,NA,"",4,3,1,3,2,3,2,1,1,2,5,5,3,463
"5c47cab451c26300012cdd41",25,25,15,30,30,25,20,25,15,NA,NA,NA,NA,NA,NA,NA,NA,NA,NA,NA,NA,20,25,15,NA,NA,NA,NA,NA,NA,NA,NA,NA,NA,NA,NA,41,2,1,NA,NA,NA,NA,NA,NA,NA,NA,"",3,3,1,1,6,NA,11,1,0,0,4,2,"",NA,1,NA,1,NA,NA,NA,2,1,1,1,3,3,1,1,4,4,3,3,4,2,0,"",0,1,1,NA,1,NA,NA,NA,NA,NA,NA,"",4,1,1,4,2,2,1,1,1,1,5,3,3,1521
"5c2fcf0aa945190001be8c68",20,18,14,17.5,16,15,18,17.5,17.5,NA,NA,NA,NA,NA,NA,NA,NA,NA,NA,NA,NA,14.5,18.5,18,NA,NA,NA,NA,NA,NA,NA,NA,NA,NA,NA,NA,25,1,NA,NA,NA,1,NA,NA,NA,NA,NA,"",5,5,4,0,4,NA,45,1,1,0,4,2,"",1,1,NA,NA,NA,NA,NA,4,1,0,1,2,4,3,1,5,4,3,2,4,2,0,"",0,1,NA,1,NA,NA,NA,NA,NA,NA,NA,"",4,5,2,5,5,4,4,4,3,4,1,1,3,562
"5d40ee5f4994c40015e4b8c9",99,75,50,99,75,50,99,40,50,NA,NA,NA,NA,NA,NA,NA,NA,NA,NA,NA,NA,NA,NA,NA,NA,NA,NA,NA,NA,NA,99,40,50,NA,NA,NA,30,1,NA,1,NA,NA,NA,NA,NA,NA,NA,"",4,2,4,0,3,NA,22,1,1,0,4,1,"",1,1,1,NA,1,NA,NA,4,3,1,1,4,5,1,3,5,3,3,3,4,2,1,"",0,1,1,NA,1,NA,NA,1,1,NA,NA,"",4,3,2,3,4,1,3,4,2,2,2,3,3,835
"590fd34212802600017e1150",20,15,20,20,15,20,15,15,20,NA,NA,NA,NA,NA,NA,NA,NA,NA,NA,NA,NA,NA,NA,NA,NA,NA,NA,NA,NA,NA,15,15,20,NA,NA,NA,31,2,1,NA,NA,NA,NA,NA,NA,NA,NA,"",4,2,3,1,3,NA,33,1,1,0,5,1,"",1,1,NA,NA,1,NA,NA,2,1,2,0,3,5,5,5,5,5,5,2,4,0,0,"",0,NA,NA,NA,NA,NA,NA,1,NA,NA,NA,"",5,3,3,3,4,4,1,1,1,1,5,5,5,428
"5c46540c4b9ebe00012eef7f",50,30,35,50,30,35,35,40,35,NA,NA,NA,NA,NA,NA,NA,NA,NA,NA,NA,NA,NA,NA,NA,NA,NA,NA,NA,NA,NA,NA,NA,NA,30,20,25,31,1,1,NA,NA,NA,NA,NA,NA,NA,NA,"",4,3,4,0,2,NA,10,1,1,0,5,1,"",1,1,NA,NA,1,NA,NA,3,2,1,2,4,4,2,4,4,3,4,3,3,1,0,"",1,1,NA,NA,NA,NA,NA,NA,NA,NA,NA,"",3,4,4,3,4,1,4,4,2,2,2,3,1,670
"55f244e632af740012170458",35,35,35,30,30,30,35,35,35,NA,NA,NA,NA,NA,NA,35,35,30,NA,NA,NA,NA,NA,NA,NA,NA,NA,NA,NA,NA,NA,NA,NA,NA,NA,NA,37,1,1,NA,NA,NA,NA,NA,NA,NA,NA,"",6,1,1,1,3,NA,14,1,1,0,5,1,"",1,1,NA,NA,NA,NA,NA,3,1,0,1,4,4,1,1,3,3,3,3,3,1,0,"",0,NA,NA,NA,1,NA,NA,NA,NA,NA,NA,"",5,2,1,2,2,2,1,1,1,1,3,3,1,665
"587c0271bcf74400012d5120",25,20,20,25,20,20,25,20,20,NA,NA,NA,NA,NA,NA,NA,NA,NA,NA,NA,NA,NA,NA,NA,NA,NA,NA,25,20,25,NA,NA,NA,NA,NA,NA,30,2,1,NA,NA,NA,NA,NA,NA,NA,NA,"",2,2,1,1,3,NA,1,1,1,0,4,1,"",1,NA,NA,NA,NA,1,NA,4,0,0,1,3,1,1,1,3,3,3,3,3,1,1,"",0,1,NA,NA,NA,NA,NA,NA,NA,NA,NA,"",5,3,2,3,3,3,1,1,1,1,5,5,3,706
"5be76e0505e5cd00017a1f8e",10,10,10,20,15,10,25,10,15,NA,NA,NA,NA,NA,NA,NA,NA,NA,NA,NA,NA,15,10,25,NA,NA,NA,NA,NA,NA,NA,NA,NA,NA,NA,NA,50,2,1,NA,NA,NA,NA,NA,NA,1,NA,"Human",4,2,3,1,3,NA,16,1,1,0,4,1,"",1,NA,NA,NA,NA,NA,NA,4,0,0,0,3,1,1,1,4,2,4,4,4,1,0,"",0,1,NA,NA,1,NA,NA,NA,NA,1,NA,"By reading the label.",3,2,2,2,2,2,2,2,1,1,5,5,5,601
"5cb568ebf0e31e0017d9bf32",30,25,15,35,25,15,30,22,15,NA,NA,NA,30,22,15,NA,NA,NA,NA,NA,NA,NA,NA,NA,NA,NA,NA,NA,NA,NA,NA,NA,NA,NA,NA,NA,34,2,1,NA,NA,NA,NA,NA,NA,NA,NA,"",4,2,2,0,2,NA,29,1,1,1,5,1,"",1,1,NA,NA,1,NA,NA,4,2,0,0,1,3,3,1,5,3,1,0,0,0,0,"",0,1,NA,NA,NA,NA,NA,NA,NA,NA,NA,"",5,4,2,2,2,2,2,1,1,1,5,4,3,1496
"5cbf729b09dc4a00011af73c",18,15,13,19,13,10,19,15,13,NA,NA,NA,NA,NA,NA,NA,NA,NA,NA,NA,NA,NA,NA,NA,NA,NA,NA,15,10,14,NA,NA,NA,NA,NA,NA,28,1,1,NA,NA,NA,NA,NA,NA,NA,NA,"",2,5,3,0,2,NA,48,1,1,0,5,1,"",1,NA,1,1,NA,NA,NA,3,1,1,2,2,3,2,1,4,3,3,3,4,1,0,"",0,1,1,NA,1,NA,NA,NA,NA,NA,NA,"",4,3,1,3,1,1,3,4,1,2,1,4,4,650
"5be2e7e491deed00015adcb0",15,12,10,15,12,10,15,12,10,NA,NA,NA,NA,NA,NA,20,20,10,NA,NA,NA,NA,NA,NA,NA,NA,NA,NA,NA,NA,NA,NA,NA,NA,NA,NA,65,1,1,NA,NA,NA,NA,NA,NA,NA,NA,"",5,1,4,0,1,NA,4,1,1,0,3,2,"",NA,1,NA,1,NA,NA,NA,3,1,0,0,2,3,1,1,4,3,3,3,3,0,0,"",1,NA,NA,1,NA,NA,NA,NA,1,NA,NA,"",5,2,2,3,4,1,1,1,1,1,5,3,5,389
"55b9a9b0fdf99b6906d2aba4",3.99,3.99,4.99,3.99,3.99,4.99,3.99,3.99,4.99,NA,NA,NA,3.99,3.99,4.99,NA,NA,NA,NA,NA,NA,NA,NA,NA,NA,NA,NA,NA,NA,NA,NA,NA,NA,NA,NA,NA,64,1,1,NA,NA,NA,NA,NA,NA,NA,NA,"",3,1,2,0,1,NA,15,1,1,0,2,1,"",1,NA,NA,1,NA,NA,NA,5,1,1,0,1,5,1,1,5,4,3,2,3,0,0,"",0,NA,NA,NA,NA,NA,NA,NA,1,NA,NA,"",5,4,1,2,2,1,2,1,1,1,5,5,5,998
"5d2e94c9106c1a0015955db8",15.6,10.99,18.75,16.12,12.99,21.33,16.99,14.17,20.99,NA,NA,NA,NA,NA,NA,NA,NA,NA,17.15,15.2,19.99,NA,NA,NA,NA,NA,NA,NA,NA,NA,NA,NA,NA,NA,NA,NA,21,2,NA,NA,NA,1,NA,NA,NA,NA,NA,"",3,2,1,1,3,NA,21,1,1,1,5,1,"",1,NA,1,NA,1,1,NA,5,5,4,4,4,5,5,5,5,5,5,3,4,4,2,"",1,1,NA,NA,NA,NA,1,NA,1,NA,NA,"",5,5,5,5,5,5,5,5,5,5,3,4,4,692
"5d28e765ebdfd5000127cfdb",99,50,20,75,50,20,75,40,20,NA,NA,NA,30,30,30,NA,NA,NA,NA,NA,NA,NA,NA,NA,NA,NA,NA,NA,NA,NA,NA,NA,NA,NA,NA,NA,33,2,1,NA,NA,NA,NA,NA,NA,NA,NA,"",5,2,1,1,5,NA,50,1,1,0,3,1,"",NA,1,NA,NA,1,1,NA,2,2,1,0,2,2,2,2,3,3,3,2,2,2,0,"",0,NA,NA,NA,1,NA,NA,NA,NA,NA,NA,"",3,2,2,2,2,1,2,2,2,2,2,5,3,509
"5c804f4092ad770015846011",50.19,80,90.49,50,70,79,90,80,60,NA,NA,NA,NA,NA,NA,NA,NA,NA,NA,NA,NA,NA,NA,NA,NA,NA,NA,89,50,90,NA,NA,NA,NA,NA,NA,54,2,NA,NA,NA,1,NA,NA,NA,NA,NA,"",5,2,1,0,3,NA,6,1,1,0,4,1,"",1,NA,NA,NA,NA,NA,NA,6,1,1,0,2,4,3,3,3,3,3,2,3,1,0,"",1,1,NA,NA,1,NA,NA,NA,NA,NA,NA,"",5,4,4,4,4,3,3,3,3,3,3,3,1,1441
"5c395df5f5ebd50001850900",50,40,10,100,60,10,30,30,10,NA,NA,NA,NA,NA,NA,40,40,10,NA,NA,NA,NA,NA,NA,NA,NA,NA,NA,NA,NA,NA,NA,NA,NA,NA,NA,24,1,NA,NA,NA,1,NA,NA,NA,NA,NA,"",3,1,4,0,6,NA,5,1,1,0,3,1,"",1,1,1,1,1,NA,NA,3,2,0,1,4,5,3,1,4,4,1,2,4,2,2,"",0,1,NA,NA,NA,NA,NA,1,1,NA,NA,"",4,5,1,4,4,3,1,1,1,1,5,5,5,354
"5c2d187569ceff00011417de",14.99,12,9,14.99,12,9,14.99,12,9,NA,NA,NA,NA,NA,NA,NA,NA,NA,NA,NA,NA,NA,NA,NA,14.99,12.5,9,NA,NA,NA,NA,NA,NA,NA,NA,NA,32,2,1,NA,NA,NA,NA,NA,NA,NA,NA,"",2,1,3,1,5,NA,34,1,1,0,4,1,"",1,NA,NA,NA,NA,NA,NA,3,1,1,1,2,4,1,1,4,3,3,2,2,1,1,"",0,1,NA,NA,1,NA,NA,NA,NA,NA,NA,"",4,2,2,2,2,1,1,1,1,1,5,5,5,737
"55d7e6f669dbc30012b6826e",20,15,15,22,20,20,20,20,20,20,20,17,NA,NA,NA,NA,NA,NA,NA,NA,NA,NA,NA,NA,NA,NA,NA,NA,NA,NA,NA,NA,NA,NA,NA,NA,62,2,1,NA,NA,NA,NA,NA,NA,NA,NA,"",3,1,2,0,2,NA,36,1,1,0,3,1,"",1,1,NA,1,1,1,NA,4,2,1,1,1,3,1,3,4,4,4,2,3,0,0,"",0,1,NA,NA,NA,NA,NA,NA,NA,NA,NA,"",4,3,3,3,3,2,3,2,2,2,5,4,4,503
"5ccae27b356f2400199dc533",40,60,100,60,40,100,80,60,80,NA,NA,NA,NA,NA,NA,NA,NA,NA,NA,NA,NA,NA,NA,NA,60,60,80,NA,NA,NA,NA,NA,NA,NA,NA,NA,30,2,1,1,NA,NA,NA,NA,NA,NA,NA,"",4,3,3,1,3,NA,42,1,1,0,5,1,"",1,1,1,1,1,1,NA,3,3,1,0,6,3,1,1,4,4,4,3,4,2,1,"",0,1,NA,NA,1,NA,1,NA,NA,NA,NA,"",2,4,1,4,3,1,3,4,1,2,2,3,3,886
"562a4f41c8ffc20005513ca6",30,25,25,35,30,30,25,30,30,NA,NA,NA,NA,NA,NA,NA,NA,NA,NA,NA,NA,20,30,30,NA,NA,NA,NA,NA,NA,NA,NA,NA,NA,NA,NA,24,1,1,NA,NA,NA,NA,NA,NA,NA,NA,"",4,3,4,0,2,NA,23,1,0,0,3,3,"",NA,1,NA,NA,1,1,NA,3,2,2,3,4,3,1,3,4,3,3,3,4,2,1,"",0,1,NA,NA,NA,1,NA,NA,NA,NA,NA,"",3,3,3,4,4,2,2,2,2,2,5,5,5,544
"5d18251e19c4900016c01035",24.99,19.99,29.99,25,25,36,25,25,29.99,NA,NA,NA,NA,NA,NA,26.99,21.99,20,NA,NA,NA,NA,NA,NA,NA,NA,NA,NA,NA,NA,NA,NA,NA,NA,NA,NA,33,2,1,NA,NA,NA,NA,NA,NA,NA,NA,"",3,2,2,0,2,NA,29,1,1,0,3,3,"",NA,1,1,1,1,1,NA,3,1,1,1,4,2,4,1,4,3,2,4,3,1,0,"",0,1,1,1,1,1,NA,NA,1,NA,NA,"",4,3,2,3,3,1,2,1,1,1,5,4,5,944
"537d1b9ffdf99b2275a4019c",25,18,10,25,18,10,30,20,17.5,NA,NA,NA,NA,NA,NA,NA,NA,NA,NA,NA,NA,NA,NA,NA,NA,NA,NA,NA,NA,NA,NA,NA,NA,30,22.5,18.5,26,1,NA,NA,NA,NA,NA,NA,NA,NA,1,"",5,2,4,0,1,NA,9,1,1,0,3,1,"",1,1,1,NA,NA,NA,NA,3,1,0,3,3,3,4,1,4,4,2,3,3,1,1,"",0,1,1,NA,1,NA,NA,1,NA,1,NA,"Wine tastings",5,3,2,3,2,2,2,2,1,1,5,3,5,522
"5d37c1724803980016b2207e",90,50,20,90,50,50,70,70,70,NA,NA,NA,NA,NA,NA,NA,NA,NA,NA,NA,NA,NA,NA,NA,NA,NA,NA,NA,NA,NA,70,70,70,NA,NA,NA,24,2,NA,NA,NA,1,NA,NA,NA,NA,NA,"",5,3,4,0,4,NA,31,1,1,0,3,4,"",NA,NA,1,NA,NA,NA,NA,2,3,1,2,5,4,2,2,4,4,3,2,2,1,0,"",0,1,1,NA,NA,NA,NA,NA,NA,NA,NA,"",3,4,3,4,3,2,3,3,3,3,5,5,5,429
"5bf7511b0b616400019c7415",13.99,12.99,14.99,10.99,9.99,11.99,12.99,12,11.99,NA,NA,NA,NA,NA,NA,12.99,12.99,11,NA,NA,NA,NA,NA,NA,NA,NA,NA,NA,NA,NA,NA,NA,NA,NA,NA,NA,42,1,1,NA,NA,NA,NA,NA,NA,NA,NA,"",6,5,1,1,3,NA,21,1,1,0,4,1,"",1,1,NA,1,NA,1,NA,5,4,3,4,3,5,5,4,5,5,4,2,3,2,2,"",1,NA,NA,1,1,NA,1,1,NA,NA,NA,"",4,5,4,2,3,4,4,5,1,4,3,4,4,1386
"5c7db6caaaf8870001c86058",20.99,15.99,12.99,20.99,15.99,12.99,15.99,18.99,12.99,NA,NA,NA,NA,NA,NA,NA,NA,NA,NA,NA,NA,NA,NA,NA,NA,NA,NA,NA,NA,NA,NA,NA,NA,18.99,16.99,15.99,30,1,NA,NA,NA,1,NA,NA,NA,NA,NA,"",5,3,1,1,3,NA,5,1,1,0,4,1,"",1,NA,NA,NA,NA,NA,NA,2,1,0,2,2,4,3,2,4,3,2,4,4,4,1,"",0,1,NA,NA,1,NA,NA,NA,NA,NA,NA,"",4,4,2,4,4,3,4,4,3,3,2,4,4,568
"5d409e7913864b0015b14915",20,10,15,20,10,15,20,8,17,NA,NA,NA,NA,NA,NA,NA,NA,NA,NA,NA,NA,17,14,17,NA,NA,NA,NA,NA,NA,NA,NA,NA,NA,NA,NA,34,1,1,NA,NA,NA,NA,NA,NA,NA,NA,"",8,3,1,1,4,NA,45,0,1,0,4,1,"",1,NA,NA,NA,NA,1,NA,5,1,0,1,2,3,1,1,4,3,3,2,3,0,0,"",0,1,NA,NA,1,NA,1,NA,1,NA,NA,"",4,3,3,3,2,1,3,2,1,1,2,3,4,430
"5c12b788e658ce00017e29d4",30,30,30,30,30,30,30,30,30,NA,NA,NA,NA,NA,NA,35,40,33,NA,NA,NA,NA,NA,NA,NA,NA,NA,NA,NA,NA,NA,NA,NA,NA,NA,NA,27,2,1,NA,NA,NA,NA,NA,NA,NA,NA,"",4,2,4,0,1,NA,35,1,1,0,4,4,"",NA,1,1,1,1,1,NA,1,1,0,0,3,1,1,1,3,3,3,1,2,0,0,"",0,1,NA,NA,NA,NA,NA,NA,NA,NA,NA,"",4,2,1,2,1,1,1,1,1,1,5,5,5,266
"5c92a055886f470015b76c5b",30,25,20,30,25,20,30,25,40,NA,NA,NA,NA,NA,NA,NA,NA,NA,40,25,35,NA,NA,NA,NA,NA,NA,NA,NA,NA,NA,NA,NA,NA,NA,NA,31,2,1,NA,NA,NA,NA,NA,NA,NA,NA,"",5,2,1,1,4,NA,39,1,1,0,2,1,"",NA,1,NA,1,NA,NA,NA,4,0,0,0,3,2,2,2,4,3,3,3,4,0,0,"",0,1,NA,NA,1,NA,NA,1,NA,NA,NA,"",4,2,2,3,5,3,4,3,2,2,5,3,4,770
"5bdc96a7ba6cc10001854ac8",12.5,12.5,10,13,13,11,13.5,11.5,10,NA,NA,NA,NA,NA,NA,NA,NA,NA,NA,NA,NA,NA,NA,NA,12.5,13.5,10,NA,NA,NA,NA,NA,NA,NA,NA,NA,30,2,NA,1,NA,NA,NA,NA,NA,NA,NA,"",6,1,4,0,1,NA,33,1,1,0,2,1,"",NA,1,NA,1,1,NA,NA,1,1,0,0,2,1,1,1,5,5,4,3,2,1,0,"",0,NA,NA,NA,NA,NA,NA,NA,1,NA,NA,"",4,1,1,4,3,4,1,1,1,2,5,3,3,440
"5c57022635a46a0001682961",25,25,25,30,30,30,35,35,35,NA,NA,NA,NA,NA,NA,NA,NA,NA,NA,NA,NA,NA,NA,NA,NA,NA,NA,35,35,35,NA,NA,NA,NA,NA,NA,48,2,1,NA,NA,NA,NA,NA,NA,NA,NA,"",4,1,2,1,2,NA,45,1,1,0,4,1,"",1,1,NA,NA,NA,NA,NA,4,1,1,0,3,3,3,3,3,3,3,3,4,3,0,"",0,NA,NA,1,1,NA,NA,1,1,NA,NA,"",4,4,3,4,4,3,3,2,2,2,2,3,4,444
"58ae45f35e63bf00013b530e",37.5,28,15,38,30,17,33,25,18,NA,NA,NA,NA,NA,NA,42,35,28,NA,NA,NA,NA,NA,NA,NA,NA,NA,NA,NA,NA,NA,NA,NA,NA,NA,NA,25,2,1,NA,NA,1,NA,NA,NA,NA,NA,"",3,3,3,1,3,NA,29,1,1,1,4,2,"",1,1,1,1,1,1,NA,2,2,1,0,2,1,1,1,4,4,3,3,4,1,1,"",0,1,NA,1,1,1,NA,NA,1,NA,NA,"",4,3,2,5,5,3,1,4,1,1,2,4,3,1262
"5d045502bdeaa5000165e935",29,27,19,31,29,20,21,20,20,NA,NA,NA,NA,NA,NA,24,24,17,NA,NA,NA,NA,NA,NA,NA,NA,NA,NA,NA,NA,NA,NA,NA,NA,NA,NA,23,2,1,NA,NA,NA,NA,NA,NA,NA,NA,"",2,1,4,0,4,NA,14,0,0,0,3,2,"",1,NA,NA,NA,NA,NA,NA,3,1,0,0,3,3,2,1,3,3,3,4,3,3,0,"",0,1,NA,NA,NA,NA,NA,NA,NA,NA,NA,"",4,4,3,4,4,2,2,2,1,2,5,3,3,359
"5d31dc30c1624a00013e4ad0",45,37,20,54,48,23,50,45,25,NA,NA,NA,NA,NA,NA,NA,NA,NA,NA,NA,NA,NA,NA,NA,NA,NA,NA,NA,NA,NA,48,43,30,NA,NA,NA,27,2,1,NA,NA,NA,NA,NA,NA,NA,NA,"",5,2,1,0,2,NA,14,1,1,0,4,1,"",NA,1,1,1,1,NA,NA,3,1,0,1,4,4,2,1,4,3,2,2,3,0,0,"",0,1,1,NA,NA,NA,NA,NA,NA,NA,NA,"",3,2,1,3,3,2,1,1,2,2,5,4,5,353
"5ca5aa9bc0cee300162da6ce",15,25,12.99,26,28,20,27,29,26,30,30,27,NA,NA,NA,NA,NA,NA,NA,NA,NA,NA,NA,NA,NA,NA,NA,NA,NA,NA,NA,NA,NA,NA,NA,NA,72,2,1,NA,NA,NA,NA,NA,NA,NA,NA,"",3,2,2,0,2,NA,49,1,0,1,5,1,"",NA,1,NA,NA,1,1,NA,5,5,0,0,4,1,1,5,5,5,5,4,4,0,0,"",0,NA,NA,NA,1,NA,NA,NA,NA,NA,NA,"",4,4,4,4,1,1,3,1,1,1,5,5,5,978
"5cd062370081a60017789079",80,35,10,80,35,10,80,35,10,NA,NA,NA,NA,NA,NA,NA,NA,NA,NA,NA,NA,NA,NA,NA,NA,NA,NA,80,33,10,NA,NA,NA,NA,NA,NA,59,2,1,NA,NA,NA,NA,NA,NA,NA,NA,"",5,2,4,0,1,NA,26,1,1,0,4,1,"",1,NA,NA,NA,NA,NA,NA,5,1,0,0,3,4,5,1,5,4,1,2,3,2,0,"",0,1,NA,NA,NA,NA,NA,NA,NA,NA,NA,"",3,3,3,3,4,2,4,2,2,2,1,3,3,521
"56ab103610b779000bcb4cb5",20,18,15,20,20,18,18,20,20,30,25,25,NA,NA,NA,NA,NA,NA,NA,NA,NA,NA,NA,NA,NA,NA,NA,NA,NA,NA,NA,NA,NA,NA,NA,NA,48,2,1,NA,NA,NA,NA,NA,NA,NA,NA,"",5,2,3,0,2,NA,18,1,1,0,3,2,"",1,NA,NA,NA,NA,NA,NA,3,1,0,2,2,4,3,1,5,4,3,3,4,1,4,"I cannot have wine delivered by mail in my state",0,1,NA,NA,NA,1,NA,NA,1,NA,NA,"",4,3,3,4,5,3,3,2,4,3,2,3,5,467
"5a2df028edcbca00015f3b35",20,15,10,20,15,10,20,25,20,NA,NA,NA,NA,NA,NA,NA,NA,NA,NA,NA,NA,NA,NA,NA,NA,NA,NA,20,20,20,NA,NA,NA,NA,NA,NA,28,1,1,NA,NA,NA,NA,NA,NA,NA,NA,"",8,2,1,0,2,NA,5,1,1,0,4,1,"",1,NA,NA,NA,NA,NA,NA,4,1,1,1,1,3,4,1,5,5,3,2,3,2,0,"",0,1,NA,NA,1,NA,NA,NA,NA,NA,NA,"",5,3,2,4,3,2,2,1,1,1,5,5,5,392
"5a6c076fd5d4cb0001d65a17",30,25,20,30,25,20,30,25,20,NA,NA,NA,NA,NA,NA,NA,NA,NA,NA,NA,NA,NA,NA,NA,30,27,20,NA,NA,NA,NA,NA,NA,NA,NA,NA,47,2,1,NA,NA,NA,NA,NA,NA,1,NA,"greek italian",3,4,3,0,2,NA,5,1,1,0,5,2,"",1,NA,1,NA,1,NA,NA,3,3,0,1,3,3,1,1,4,3,2,2,3,0,0,"",0,1,1,NA,1,1,NA,1,1,NA,NA,"",5,4,3,2,3,1,2,1,1,1,5,3,4,898
"5cd3d5760b858f0016ccd823",40,40,30,40,40,30,45,35,15,NA,NA,NA,NA,NA,NA,NA,NA,NA,NA,NA,NA,NA,NA,NA,NA,NA,NA,NA,NA,NA,40,40,30,NA,NA,NA,28,2,1,NA,NA,NA,NA,NA,NA,NA,NA,"",3,1,4,0,4,NA,39,-1,1,0,3,1,"",NA,1,1,NA,1,1,NA,2,1,0,1,4,4,3,2,4,4,3,3,2,2,0,"",0,1,1,NA,NA,NA,NA,NA,NA,NA,NA,"",3,3,1,3,4,1,3,3,2,1,1,1,1,619
"5bcf5784c9efd400015e6c41",20,15,18,20,18,18,15,15,15,NA,NA,NA,NA,NA,NA,NA,NA,NA,NA,NA,NA,NA,NA,NA,NA,NA,NA,NA,NA,NA,17,17,17,NA,NA,NA,49,2,1,NA,NA,NA,NA,NA,NA,NA,NA,"",7,5,1,0,2,NA,41,1,1,0,3,3,"",NA,1,NA,NA,NA,NA,NA,2,2,1,1,3,5,1,3,5,4,5,3,4,0,0,"",0,1,NA,1,1,NA,NA,NA,1,NA,NA,"",3,3,3,3,4,3,3,3,3,3,5,5,5,338
"594425f07ccfd00001d3f462",30,25,25,40,35,35,45,40,42,NA,NA,NA,NA,NA,NA,NA,NA,NA,45,40,42,NA,NA,NA,NA,NA,NA,NA,NA,NA,NA,NA,NA,NA,NA,NA,23,1,NA,1,NA,NA,NA,NA,NA,NA,NA,"",5,1,4,0,2,NA,11,1,1,0,3,1,"",1,1,NA,NA,1,NA,NA,3,1,2,0,2,4,2,4,4,4,4,2,2,1,1,"",0,1,NA,NA,NA,1,NA,1,NA,NA,NA,"",5,3,3,4,4,4,2,1,1,1,5,4,5,331
"5d4a00936952cd00153619fd",25.99,25.99,19.99,34.99,34.99,24.99,39.99,39.99,34.99,NA,NA,NA,NA,NA,NA,NA,NA,NA,NA,NA,NA,39.99,39.99,35.99,NA,NA,NA,NA,NA,NA,NA,NA,NA,NA,NA,NA,42,1,1,NA,NA,NA,NA,NA,NA,NA,NA,"",4,1,1,1,7,8,14,1,1,0,4,1,"",1,NA,NA,1,NA,1,NA,5,1,0,1,2,2,2,1,4,4,3,3,3,3,0,"",0,1,1,NA,NA,NA,NA,1,NA,1,NA,"Sales",4,3,4,3,4,4,4,5,2,2,5,5,5,676
"5c199f1c6a41750001e7b70d",30,25,20,50,50,50,35,25,20,35,25,25,NA,NA,NA,NA,NA,NA,NA,NA,NA,NA,NA,NA,NA,NA,NA,NA,NA,NA,NA,NA,NA,NA,NA,NA,30,1,1,NA,NA,NA,NA,NA,NA,NA,NA,"",5,3,1,1,4,NA,10,1,1,0,4,1,"",1,1,NA,1,1,NA,NA,4,3,1,2,4,3,2,2,4,3,3,2,3,0,0,"",0,1,NA,NA,1,NA,NA,1,NA,NA,NA,"",5,2,2,3,5,3,4,4,3,3,2,4,3,666
"5c59e93c96c50e00018936c3",20,20,20,20,20,20,20,15,18,NA,NA,NA,NA,NA,NA,20,15,10,NA,NA,NA,NA,NA,NA,NA,NA,NA,NA,NA,NA,NA,NA,NA,NA,NA,NA,21,2,1,NA,NA,NA,NA,NA,NA,NA,NA,"",3,3,4,0,3,NA,14,0,0,1,4,1,"",1,1,1,1,1,1,NA,3,3,1,1,1,4,1,1,4,5,1,3,4,2,0,"",0,1,NA,NA,1,NA,NA,1,NA,NA,NA,"",5,3,1,2,4,4,2,4,3,2,1,4,4,383
"5cdb4dcfcc071e001a1cbea9",15,12,12,15,15,15,20,20,18,NA,NA,NA,15,15,18,NA,NA,NA,NA,NA,NA,NA,NA,NA,NA,NA,NA,NA,NA,NA,NA,NA,NA,NA,NA,NA,31,2,1,NA,NA,NA,NA,NA,NA,NA,NA,"",3,1,2,1,2,NA,24,1,1,1,3,1,"",NA,1,NA,NA,1,NA,NA,5,3,1,0,1,1,1,1,3,3,4,4,3,1,0,"",0,1,1,NA,1,NA,NA,NA,NA,NA,NA,"",4,1,1,2,4,1,2,1,1,1,1,4,1,701
"5bf412a805d7260001f5247f",25,10,20,20,15,20,25,25,30,NA,NA,NA,25,25,30,NA,NA,NA,NA,NA,NA,NA,NA,NA,NA,NA,NA,NA,NA,NA,NA,NA,NA,NA,NA,NA,72,1,1,NA,NA,NA,NA,NA,NA,NA,NA,"",4,1,1,0,2,NA,11,0,1,0,4,1,"",1,1,NA,NA,1,NA,NA,6,4,0,0,2,3,1,1,4,3,4,3,3,2,1,"",0,1,NA,NA,1,NA,NA,NA,1,NA,NA,"",4,3,3,4,4,2,3,1,1,1,2,4,5,1043
"5d4686c336bf400015d3fd14",16,15,8,20,20,15,20,17,10,NA,NA,NA,NA,NA,NA,NA,NA,NA,NA,NA,NA,17,20,15,NA,NA,NA,NA,NA,NA,NA,NA,NA,NA,NA,NA,29,2,1,NA,NA,NA,NA,NA,NA,NA,NA,"",2,1,1,1,4,NA,5,1,1,0,5,1,"",1,1,NA,1,NA,NA,NA,5,1,1,0,1,2,2,2,4,4,3,2,3,1,0,"",0,1,NA,1,NA,NA,NA,1,NA,1,NA,"Billboards",5,1,2,3,4,4,2,2,1,1,5,5,3,618
"5c5cb505ced0b900018ca3a3",20,17,5,20,17,5,20,15,5,NA,NA,NA,20,18,10,NA,NA,NA,NA,NA,NA,NA,NA,NA,NA,NA,NA,NA,NA,NA,NA,NA,NA,NA,NA,NA,45,1,1,NA,NA,NA,NA,NA,NA,NA,NA,"",5,2,3,0,3,NA,5,1,1,0,3,4,"",1,NA,1,NA,1,NA,NA,3,3,0,2,2,5,5,1,5,4,1,2,3,1,0,"",0,1,NA,NA,NA,NA,NA,1,NA,NA,NA,"",4,5,1,3,3,3,4,3,1,1,1,4,1,607
"59877315f8b162000167a2c6",30,25,20,30,25,20,30,30,30,NA,NA,NA,30,30,30,NA,NA,NA,NA,NA,NA,NA,NA,NA,NA,NA,NA,NA,NA,NA,NA,NA,NA,NA,NA,NA,30,1,1,NA,NA,NA,NA,NA,NA,NA,NA,"",5,2,4,0,1,NA,33,1,1,0,5,3,"",1,1,1,NA,1,NA,NA,5,2,2,2,3,5,4,3,5,4,3,3,2,1,0,"",0,1,1,NA,1,1,NA,NA,NA,NA,NA,"",4,3,3,4,NA,2,3,2,2,2,1,3,3,1466
"5c7010404a99c6000139851e",20,20,20,25,25,25,25,25,25,NA,NA,NA,NA,NA,NA,NA,NA,NA,NA,NA,NA,NA,NA,NA,NA,NA,NA,25,25,25,NA,NA,NA,NA,NA,NA,37,2,1,NA,NA,NA,NA,1,NA,NA,NA,"",5,4,1,1,4,NA,10,1,1,0,4,1,"",NA,1,1,1,1,NA,NA,5,3,3,2,4,4,3,3,3,3,3,3,2,2,1,"",0,1,NA,NA,NA,NA,NA,NA,1,NA,NA,"",3,3,3,3,3,1,4,3,3,3,5,5,5,260
"56bb6812bf2129000b53ce26",50,40,30,60,50,40,60,50,40,50,40,30,NA,NA,NA,NA,NA,NA,NA,NA,NA,NA,NA,NA,NA,NA,NA,NA,NA,NA,NA,NA,NA,NA,NA,NA,43,2,1,NA,NA,NA,NA,NA,NA,NA,NA,"",5,3,1,0,2,NA,10,1,1,0,5,1,"",1,1,NA,NA,1,NA,NA,3,3,1,2,4,5,5,5,5,4,4,3,3,3,0,"",0,NA,NA,NA,1,NA,1,NA,NA,NA,NA,"",4,5,3,4,3,1,4,4,2,2,1,3,3,571
"5c3aaa1a60fde1000172f3e1",23,17.65,12,27.99,30,22,32,31.78,26.89,NA,NA,NA,NA,NA,NA,NA,NA,NA,NA,NA,NA,NA,NA,NA,28.99,36.99,32,NA,NA,NA,NA,NA,NA,NA,NA,NA,33,1,NA,1,NA,NA,NA,NA,NA,NA,NA,"",6,2,3,1,3,NA,36,0,1,0,5,1,"",1,NA,NA,1,1,NA,NA,3,3,2,0,4,3,2,5,4,4,4,2,3,0,1,"",0,NA,NA,NA,NA,NA,1,1,1,NA,NA,"",4,4,2,5,4,1,5,4,2,2,5,4,3,801
"5c2c6e432c45d400014a35e3",20,20,20,20,20,20,20,20,20,NA,NA,NA,NA,NA,NA,NA,NA,NA,NA,NA,NA,NA,NA,NA,NA,NA,NA,NA,NA,NA,NA,NA,NA,20,20,20,36,1,1,NA,NA,NA,NA,NA,NA,NA,NA,"",5,1,4,0,2,NA,10,1,1,0,3,1,"",1,1,NA,NA,NA,NA,NA,3,1,1,1,2,3,2,2,3,3,3,0,0,0,0,"",0,NA,NA,NA,1,NA,NA,NA,NA,NA,NA,"",3,3,2,2,2,1,3,4,2,3,2,3,4,622
"5a5e8efcac562400015424ba",9,8,7,9,8,7,8,7,7,NA,NA,NA,NA,NA,NA,NA,NA,NA,NA,NA,NA,6.5,7.5,7.5,NA,NA,NA,NA,NA,NA,NA,NA,NA,NA,NA,NA,30,2,1,NA,NA,NA,NA,NA,NA,NA,NA,"",3,1,3,0,2,NA,10,1,1,0,4,1,"",1,1,1,1,1,1,NA,4,1,1,1,1,3,3,2,4,3,2,2,3,2,0,"",0,NA,NA,NA,NA,NA,NA,NA,1,NA,NA,"",4,3,3,3,3,3,3,3,2,2,5,5,4,419
"5a72630c6923df0001efbe1e",18,16,10,18,16,12,22,22,18,NA,NA,NA,NA,NA,NA,NA,NA,NA,25,21,21,NA,NA,NA,NA,NA,NA,NA,NA,NA,NA,NA,NA,NA,NA,NA,43,2,1,NA,NA,NA,NA,NA,NA,NA,NA,"",3,1,3,0,3,NA,18,1,1,0,5,1,"",NA,1,NA,NA,NA,NA,NA,2,0,0,0,3,4,2,1,5,4,4,2,2,2,0,"",0,1,NA,1,NA,NA,NA,1,NA,NA,NA,"",4,2,1,2,3,3,1,1,2,1,5,4,5,928
"5d49c461bf980d001b8d599e",20,20,20,25,20,20,25,30,30,NA,NA,NA,NA,NA,NA,NA,NA,NA,30,25,20,NA,NA,NA,NA,NA,NA,NA,NA,NA,NA,NA,NA,NA,NA,NA,22,2,1,NA,NA,NA,NA,NA,NA,NA,NA,"",2,1,4,0,4,NA,14,1,1,0,3,1,"",NA,1,1,1,1,NA,NA,3,3,0,1,1,1,1,1,4,4,4,3,4,2,0,"",0,1,NA,NA,NA,NA,NA,1,1,NA,NA,"",4,2,1,3,4,3,2,2,2,3,5,5,1,431
"57dd1a741334540001170404",20,15,10,25,20,15,25,20,15,25,20,15,NA,NA,NA,NA,NA,NA,NA,NA,NA,NA,NA,NA,NA,NA,NA,NA,NA,NA,NA,NA,NA,NA,NA,NA,42,1,1,NA,NA,NA,NA,NA,NA,NA,NA,"",4,1,1,1,2,NA,45,1,1,0,3,1,"",NA,1,NA,1,NA,NA,NA,3,1,1,0,1,3,1,1,5,4,3,2,3,2,0,"",0,1,NA,NA,1,NA,NA,NA,NA,NA,NA,"",4,3,1,1,3,2,2,2,2,2,5,3,5,302
"5d4c92d7c6a3d60001173022",99,70,50,99,70,50,70,70,40,NA,NA,NA,NA,NA,NA,NA,NA,NA,NA,NA,NA,50,60,40,NA,NA,NA,NA,NA,NA,NA,NA,NA,NA,NA,NA,33,2,1,NA,NA,NA,NA,NA,NA,NA,NA,"",5,3,3,0,2,NA,51,1,1,1,3,1,"",1,1,NA,NA,1,NA,NA,3,2,1,1,4,4,3,2,4,4,2,2,3,1,0,"",0,1,1,1,1,NA,NA,1,1,NA,NA,"",4,2,3,5,4,2,2,2,1,2,5,3,1,709
"5c1d9f0415a94b00018d7907",35,25,20,35,25,20,35,20,25,NA,NA,NA,NA,NA,NA,NA,NA,NA,NA,NA,NA,NA,NA,NA,NA,NA,NA,NA,NA,NA,NA,NA,NA,35,20,25,38,2,1,NA,NA,NA,NA,NA,NA,NA,NA,"",2,2,3,0,5,NA,11,1,1,0,4,1,"",NA,1,1,1,1,NA,NA,3,3,1,0,3,5,3,2,5,4,4,3,3,2,0,"",0,1,1,NA,1,NA,NA,NA,NA,NA,NA,"",4,5,2,4,4,3,4,3,2,2,2,3,4,391
"5ca24d9d6e2fef0016945d13",25,20,20,25,20,20,20,20,20,NA,NA,NA,NA,NA,NA,NA,NA,NA,22,20,20,NA,NA,NA,NA,NA,NA,NA,NA,NA,NA,NA,NA,NA,NA,NA,56,2,1,NA,NA,NA,NA,NA,NA,NA,NA,"",6,1,2,0,1,NA,4,1,1,0,3,1,"",NA,NA,NA,1,NA,NA,NA,3,1,1,0,3,3,1,1,5,3,3,4,4,0,0,"",0,1,NA,NA,NA,NA,NA,NA,NA,NA,NA,"",4,3,4,4,2,2,1,1,1,1,3,4,5,742
"5d23a47cd8324d0016efe8e3",25,25,25,35,35,35,35,30,30,NA,NA,NA,NA,NA,NA,NA,NA,NA,NA,NA,NA,NA,NA,NA,NA,NA,NA,NA,NA,NA,35,30,30,NA,NA,NA,30,2,1,NA,NA,NA,NA,NA,NA,NA,NA,"",5,3,3,1,3,NA,36,1,1,0,3,1,"",NA,1,NA,1,1,NA,NA,3,2,0,0,3,2,2,2,4,3,3,3,4,1,0,"",0,NA,NA,NA,NA,NA,NA,1,1,NA,NA,"",3,1,3,1,5,4,2,2,1,1,5,5,5,437
"5d07ce1342a8400018a27494",20,30,15,30,30,30,30,30,30,30,30,30,NA,NA,NA,NA,NA,NA,NA,NA,NA,NA,NA,NA,NA,NA,NA,NA,NA,NA,NA,NA,NA,NA,NA,NA,21,2,1,NA,NA,NA,NA,NA,NA,NA,NA,"",3,1,4,0,2,NA,50,1,1,0,5,1,"",1,NA,NA,NA,NA,1,NA,6,3,2,1,3,3,3,3,3,3,3,4,4,4,2,"",1,1,NA,NA,NA,NA,NA,1,NA,NA,NA,"",3,3,3,3,4,4,4,3,1,3,4,4,3,275
"5d2a3561d3edf900018016a1",50,45,45,25,35,25,25,25,25,NA,NA,NA,NA,NA,NA,NA,NA,NA,NA,NA,NA,NA,NA,NA,NA,NA,NA,NA,NA,NA,NA,NA,NA,25,25,25,32,1,1,NA,NA,NA,NA,NA,NA,NA,NA,"",5,3,1,1,4,NA,15,1,1,0,5,1,"",1,1,1,NA,1,NA,NA,5,5,1,3,4,2,4,2,5,5,3,0,2,0,0,"",0,NA,1,NA,NA,NA,1,NA,1,NA,NA,"",2,4,3,4,5,3,3,4,3,3,4,4,2,686
"5c6f006a95d02a0001528154",35,35,25,35,35,25,35,35,20,NA,NA,NA,NA,NA,NA,NA,NA,NA,NA,NA,NA,NA,NA,NA,NA,NA,NA,35,30,35,NA,NA,NA,NA,NA,NA,32,2,1,NA,NA,NA,NA,NA,NA,NA,NA,"",6,1,4,0,3,NA,5,1,1,0,4,4,"",1,1,1,NA,1,NA,NA,2,1,1,1,3,3,3,2,4,4,3,2,3,2,0,"",0,1,NA,NA,NA,NA,NA,1,NA,NA,NA,"",5,2,2,5,5,2,1,1,1,1,5,3,5,690
"5589cf61fdf99b18bd86d076",90,60,75,95,60,75,95,75,75,NA,NA,NA,80,80,95,NA,NA,NA,NA,NA,NA,NA,NA,NA,NA,NA,NA,NA,NA,NA,NA,NA,NA,NA,NA,NA,61,2,1,NA,NA,NA,NA,NA,NA,NA,NA,"",4,1,2,0,1,NA,46,1,1,0,3,1,"",1,NA,NA,NA,NA,NA,NA,4,1,1,0,2,4,1,2,5,4,4,0,3,0,0,"",0,NA,1,NA,NA,NA,NA,NA,NA,NA,NA,"",3,3,3,3,2,1,2,2,1,1,5,3,5,683
"5d45ba3c99f83a00152ba8a8",25,20,15,25,20,15,20,25,15,NA,NA,NA,NA,NA,NA,NA,NA,NA,NA,NA,NA,NA,NA,NA,NA,NA,NA,NA,NA,NA,20,25,15,NA,NA,NA,35,2,NA,NA,NA,1,NA,NA,NA,NA,NA,"",5,4,1,1,3,NA,5,1,1,0,3,1,"",NA,NA,NA,1,NA,NA,NA,2,1,0,1,2,3,2,1,4,4,3,2,2,0,1,"",0,1,NA,NA,NA,NA,1,NA,1,NA,NA,"",4,2,2,3,4,2,2,2,1,1,3,3,4,363
"5c2cdb4e213a1a0001b9c475",20,20,12,20,25,15,25,18,18,NA,NA,NA,NA,NA,NA,NA,NA,NA,NA,NA,NA,NA,NA,NA,NA,NA,NA,25,15,20,NA,NA,NA,NA,NA,NA,41,2,1,NA,NA,NA,NA,NA,NA,NA,NA,"",3,3,3,0,2,NA,48,1,1,0,5,1,"",1,1,NA,NA,1,NA,NA,3,2,0,2,3,4,4,2,4,4,3,4,4,2,0,"",0,1,NA,NA,NA,NA,NA,NA,NA,1,NA,"my cousin is a wine buyer",3,4,3,4,4,1,3,2,2,2,4,3,5,512
"5bd8fabf544d4f000141d94d",50,10,10,50,10,10,40,15,15,NA,NA,NA,45,18,20,NA,NA,NA,NA,NA,NA,NA,NA,NA,NA,NA,NA,NA,NA,NA,NA,NA,NA,NA,NA,NA,68,1,1,NA,NA,NA,NA,NA,NA,NA,NA,"",6,2,2,0,1,NA,33,1,1,0,4,2,"",NA,1,1,NA,NA,NA,NA,5,1,0,0,2,4,1,1,4,2,2,2,2,0,1,"",0,1,NA,NA,1,NA,NA,NA,NA,NA,NA,"",4,4,2,4,2,1,1,1,1,1,5,3,4,618
"5d58d481f693040001b77445",30,20,20,30,20,20,25,25,25,30,30,30,NA,NA,NA,NA,NA,NA,NA,NA,NA,NA,NA,NA,NA,NA,NA,NA,NA,NA,NA,NA,NA,NA,NA,NA,28,2,NA,1,NA,NA,NA,NA,NA,NA,NA,"",5,1,3,0,2,NA,45,0,1,0,5,1,"",1,NA,NA,NA,NA,NA,NA,3,1,0,0,3,5,1,1,4,3,3,3,3,1,0,"",0,1,1,NA,NA,NA,NA,NA,NA,NA,NA,"",4,3,1,3,3,3,2,3,1,1,2,5,5,605
"5b2890f10ec82d0001d24b61",25,15,20,25,20,20,20,25,15,NA,NA,NA,NA,NA,NA,20,25,15,NA,NA,NA,NA,NA,NA,NA,NA,NA,NA,NA,NA,NA,NA,NA,NA,NA,NA,52,2,1,NA,NA,NA,NA,NA,NA,NA,NA,"",3,2,1,0,2,NA,33,1,1,0,4,1,"",NA,1,NA,NA,1,NA,NA,5,5,1,2,6,4,4,4,3,3,3,2,4,1,0,"",0,1,NA,NA,NA,NA,NA,NA,NA,NA,NA,"",3,1,1,2,3,2,3,2,2,3,4,5,5,495
"5c815569803d2300010af49b",25,15,10,25,15,12,25,15,15,NA,NA,NA,NA,NA,NA,25,18,10,NA,NA,NA,NA,NA,NA,NA,NA,NA,NA,NA,NA,NA,NA,NA,NA,NA,NA,38,2,NA,NA,NA,1,NA,NA,NA,NA,NA,"",3,4,1,0,2,NA,49,1,1,0,3,1,"",NA,1,NA,NA,1,NA,NA,2,1,0,0,2,3,1,1,4,3,2,2,4,0,0,"",0,1,NA,NA,1,NA,NA,NA,NA,NA,NA,"",3,4,2,3,2,1,2,1,1,1,2,3,4,426
"5a454e442f91ec0001dcb66c",35,25,19.99,40,30,24.99,30,22.5,24.99,NA,NA,NA,NA,NA,NA,NA,NA,NA,35,20,24.99,NA,NA,NA,NA,NA,NA,NA,NA,NA,NA,NA,NA,NA,NA,NA,47,2,1,NA,NA,NA,NA,NA,NA,NA,NA,"",5,3,1,1,4,NA,3,1,1,0,4,1,"",1,1,1,NA,NA,1,NA,4,1,1,3,4,3,2,2,5,4,3,2,3,2,0,"",1,1,NA,NA,1,NA,NA,1,1,NA,NA,"",3,1,2,1,4,3,4,3,2,2,2,3,4,516
"58d9a79c33fef3000118abdf",8,8,6,8,8,6,10,10,7,NA,NA,NA,NA,NA,NA,NA,NA,NA,NA,NA,NA,NA,NA,NA,NA,NA,NA,NA,NA,NA,10,10,7.5,NA,NA,NA,30,1,1,NA,NA,NA,NA,NA,NA,NA,NA,"",2,2,4,0,4,NA,14,0,0,0,3,1,"",1,NA,NA,NA,NA,NA,NA,2,1,0,0,1,2,1,1,4,3,3,3,2,0,0,"",0,NA,NA,NA,1,NA,NA,NA,NA,NA,NA,"",5,3,2,3,3,1,1,1,1,1,5,5,5,621
"5ca229d63861e700154363bd",20,20,15,25,25,17.5,20,20,17.5,NA,NA,NA,NA,NA,NA,NA,NA,NA,NA,NA,NA,NA,NA,NA,NA,NA,NA,NA,NA,NA,25,25,20,NA,NA,NA,36,1,1,NA,NA,NA,NA,NA,NA,NA,NA,"",7,4,1,1,4,NA,14,0,0,0,2,2,"",1,NA,NA,NA,NA,NA,NA,2,1,0,0,3,3,3,1,4,3,2,3,2,1,0,"",0,1,1,NA,NA,NA,NA,NA,NA,NA,NA,"",4,3,2,2,3,1,1,NA,1,1,5,5,5,351
"5b9ed139cbabef00011756d3",30,29,25,50,45,35,35,30,25,NA,NA,NA,NA,NA,NA,NA,NA,NA,NA,NA,NA,25,30,25,NA,NA,NA,NA,NA,NA,NA,NA,NA,NA,NA,NA,25,2,NA,NA,1,1,NA,NA,NA,NA,NA,"",5,2,4,1,2,NA,36,1,1,-1,5,4,"",1,1,1,1,1,1,NA,5,4,4,3,5,5,5,5,4,4,4,4,3,3,3,"",1,1,NA,NA,NA,1,1,1,1,NA,NA,"",2,4,2,5,3,2,4,3,4,4,2,3,3,953
"5c0f1cf4f3027300014b606f",22,22,22,22,22,22,16,16,16,NA,NA,NA,NA,NA,NA,NA,NA,NA,NA,NA,NA,NA,NA,NA,16,18,16,NA,NA,NA,NA,NA,NA,NA,NA,NA,37,1,1,NA,NA,NA,NA,NA,NA,NA,NA,"",8,1,3,0,2,NA,21,0,0,0,3,1,"",1,1,1,NA,1,NA,NA,6,5,1,5,3,3,3,3,4,4,3,2,3,3,1,"",0,1,1,NA,1,NA,NA,NA,NA,NA,NA,"",4,1,2,3,1,1,4,4,2,2,4,3,3,815
"5acacdcd0527ba0001c24bad",14.5,14.5,14.5,14.5,14.5,14.5,14.5,14.5,14.5,NA,NA,NA,NA,NA,NA,NA,NA,NA,15,14,14,NA,NA,NA,NA,NA,NA,NA,NA,NA,NA,NA,NA,NA,NA,NA,27,1,1,NA,NA,NA,NA,NA,NA,NA,NA,"",5,4,3,0,2,NA,31,1,1,0,5,1,"",1,1,NA,NA,NA,NA,NA,3,1,1,2,2,3,2,4,4,3,3,2,2,0,1,"",0,NA,NA,NA,NA,NA,NA,NA,1,NA,NA,"",5,2,2,4,4,2,3,3,1,1,4,3,4,363
"570b7f8fb9b52b00102d9723",12.99,12.99,9.99,12.99,12.99,9.99,19.99,19.99,19.99,NA,NA,NA,NA,NA,NA,19.99,19.99,14.99,NA,NA,NA,NA,NA,NA,NA,NA,NA,NA,NA,NA,NA,NA,NA,NA,NA,NA,51,2,1,NA,NA,NA,NA,NA,NA,NA,NA,"",4,2,3,0,2,NA,33,1,1,0,5,1,"",NA,1,NA,1,1,1,NA,6,6,6,0,1,2,2,5,4,4,4,2,2,2,0,"",0,1,NA,1,1,NA,NA,1,1,NA,NA,"",4,5,5,3,4,5,2,2,1,1,3,3,3,591
"5d3b4bffef91a70001163806",20,15,15,40,20,20,40,30,10,NA,NA,NA,NA,NA,NA,NA,NA,NA,NA,NA,NA,NA,NA,NA,NA,NA,NA,NA,NA,NA,NA,NA,NA,40,30,10,28,2,1,NA,NA,NA,NA,NA,NA,NA,NA,"",8,4,1,0,2,NA,5,1,1,1,5,1,"",NA,1,1,NA,1,NA,NA,5,3,0,1,1,5,5,3,5,3,3,2,3,1,1,"",0,1,1,NA,1,NA,NA,1,NA,NA,NA,"",5,3,3,3,2,1,4,4,1,1,2,3,5,417
"5c57631a47a04100010da795",25,20,12,25,20,12,18,15,15,NA,NA,NA,NA,NA,NA,NA,NA,NA,16,14,14,NA,NA,NA,NA,NA,NA,NA,NA,NA,NA,NA,NA,NA,NA,NA,30,1,1,NA,NA,NA,NA,NA,NA,NA,NA,"",6,3,1,0,2,NA,24,0,0,0,5,1,"",1,1,1,NA,1,NA,NA,3,3,0,1,2,5,5,1,5,4,1,2,4,0,0,"",0,1,1,NA,NA,NA,NA,NA,NA,NA,NA,"",4,4,3,4,1,1,4,3,1,1,2,3,4,391
"5ca8e07d4311a70016cfce70",24,20,18,25,26,15,100,15,10,45,24,23,NA,NA,NA,NA,NA,NA,NA,NA,NA,NA,NA,NA,NA,NA,NA,NA,NA,NA,NA,NA,NA,NA,NA,NA,36,1,1,NA,NA,NA,NA,NA,NA,NA,NA,"",5,5,1,0,2,NA,10,1,1,1,3,1,"",1,NA,NA,NA,NA,NA,NA,3,1,0,0,3,5,3,3,3,2,2,2,2,2,0,"",1,NA,NA,NA,NA,NA,NA,1,NA,NA,NA,"",3,3,3,3,4,3,4,3,3,3,2,4,3,615
"5c9bc47135cde70001837b95",15.99,15.99,14.99,15.99,15.99,14.99,12.99,12.99,12.99,NA,NA,NA,NA,NA,NA,13.99,12.99,10.99,NA,NA,NA,NA,NA,NA,NA,NA,NA,NA,NA,NA,NA,NA,NA,NA,NA,NA,28,2,1,NA,NA,NA,NA,1,NA,NA,NA,"",3,2,1,0,2,NA,24,1,1,0,4,1,"",1,NA,NA,NA,NA,NA,NA,5,1,1,1,2,3,2,1,4,3,2,3,3,2,1,"",0,1,NA,NA,1,NA,NA,NA,NA,NA,NA,"",3,2,1,2,3,2,3,4,3,3,5,3,4,354
"5a6f1ccade1f390001dbd8b7",25,20,20,30,25,25,30,25,25,NA,NA,NA,NA,NA,NA,NA,NA,NA,NA,NA,NA,NA,NA,NA,NA,NA,NA,30,25,30,NA,NA,NA,NA,NA,NA,36,1,1,NA,NA,NA,NA,NA,NA,NA,NA,"",3,2,2,1,2,NA,3,1,1,0,5,1,"",1,1,1,1,1,1,NA,3,2,0,0,3,5,2,2,5,4,4,2,2,0,0,"",0,1,NA,1,1,NA,NA,1,1,NA,NA,"",5,5,2,2,3,3,4,4,2,4,5,4,1,686
"5c6ef060f9ff2700016f0f6c",65,50,40,70,60,50,75,65,60,NA,NA,NA,NA,NA,NA,NA,NA,NA,NA,NA,NA,NA,NA,NA,NA,NA,NA,NA,NA,NA,NA,NA,NA,70,65,60,38,1,1,NA,NA,NA,NA,NA,NA,NA,NA,"",6,3,1,1,4,NA,6,1,0,1,5,1,"",1,1,NA,NA,1,NA,NA,2,2,1,0,2,2,4,2,5,5,4,2,3,1,0,"",0,1,1,NA,1,NA,NA,NA,NA,NA,NA,"",3,4,1,2,3,3,3,2,1,1,5,5,5,370
"5c140765afe26c00014d933a",25,20,15,25,20,15,20,20,20,NA,NA,NA,NA,NA,NA,NA,NA,NA,NA,NA,NA,15,20,25,NA,NA,NA,NA,NA,NA,NA,NA,NA,NA,NA,NA,35,2,1,NA,NA,NA,NA,NA,NA,NA,NA,"",3,2,3,1,6,NA,15,1,1,0,5,1,"",1,1,NA,NA,1,NA,NA,3,3,0,0,1,3,1,1,5,4,4,2,4,2,0,"",0,1,NA,NA,1,NA,NA,NA,NA,NA,NA,"",2,4,1,4,3,2,2,2,2,2,5,3,5,443
"5d16dd184c7891001601bdcf",16.99,12.99,15.99,19.99,14.99,18.99,24.99,14.99,24.99,NA,NA,NA,NA,NA,NA,NA,NA,NA,NA,NA,NA,NA,NA,NA,NA,NA,NA,NA,NA,NA,NA,NA,NA,18.99,14.99,17.99,29,1,1,NA,NA,NA,NA,NA,NA,NA,NA,"",5,2,4,0,1,NA,26,1,1,0,4,1,"",1,1,NA,1,1,1,NA,4,3,1,2,3,3,1,3,4,2,3,2,3,1,1,"",0,1,1,1,1,1,NA,1,1,NA,NA,"",4,2,1,3,4,2,2,2,1,1,2,3,5,720
"5d49edc1b1b6770016498a4e",20,20,20,20,20,20,25,20,20.5,NA,NA,NA,NA,NA,NA,NA,NA,NA,NA,NA,NA,NA,NA,NA,20,25,20,NA,NA,NA,NA,NA,NA,NA,NA,NA,35,1,1,NA,NA,NA,NA,NA,NA,NA,NA,"",7,3,4,0,3,NA,33,0,1,0,4,1,"",1,1,1,NA,NA,1,NA,5,1,3,1,3,4,2,2,5,3,3,3,3,3,0,"",0,1,1,NA,1,NA,NA,NA,NA,NA,NA,"",4,2,1,3,4,3,2,2,1,2,2,4,5,848
"5bf31fbe3968ce00018ea5ea",20,15,15,20,18,18,20,20,20,NA,NA,NA,NA,NA,NA,NA,NA,NA,NA,NA,NA,NA,NA,NA,18,20,15,NA,NA,NA,NA,NA,NA,NA,NA,NA,40,2,1,NA,NA,NA,NA,NA,NA,NA,NA,"",6,3,1,1,4,NA,10,1,1,0,5,1,"",NA,1,NA,NA,NA,NA,NA,4,1,1,1,1,3,2,3,5,4,4,2,4,1,0,"",0,1,NA,1,1,NA,NA,NA,NA,NA,NA,"",5,2,1,2,3,2,1,1,1,1,5,3,4,730
"5cf23ddd385815001d9551f0",12.99,9.99,8.99,14.99,12.99,9.99,14.99,14.99,14.99,NA,NA,NA,NA,NA,NA,NA,NA,NA,18.99,14.99,14.99,NA,NA,NA,NA,NA,NA,NA,NA,NA,NA,NA,NA,NA,NA,NA,55,2,1,NA,NA,NA,NA,1,NA,NA,NA,"",3,1,2,0,1,NA,5,1,1,1,3,1,"",1,1,1,1,1,NA,NA,3,1,1,1,1,2,1,1,5,4,4,3,4,0,2,"",0,1,NA,1,NA,NA,NA,NA,NA,NA,NA,"",4,3,3,3,4,3,3,3,2,2,2,3,3,1070
"57597452e8feea0006ef8805",0,0,0,0,0,0,0,0,0,NA,NA,NA,NA,NA,NA,NA,NA,NA,NA,NA,NA,NA,NA,NA,NA,NA,NA,0,0,0,NA,NA,NA,NA,NA,NA,26,3,1,NA,NA,NA,NA,NA,NA,NA,NA,"",5,1,-1,0,1,NA,36,1,1,0,5,1,"",1,NA,NA,1,NA,NA,NA,2,1,1,0,2,2,3,2,3,3,3,2,4,2,0,"",0,1,NA,NA,1,NA,NA,NA,NA,1,NA,"walking down the wine aisle and seeing what's on sale",5,3,3,3,3,3,4,5,2,3,2,4,3,296
"5cdf61a0c663fb001ae27aaa",50,20,20,50,20,20,50,25,25,50,25,25,NA,NA,NA,NA,NA,NA,NA,NA,NA,NA,NA,NA,NA,NA,NA,NA,NA,NA,NA,NA,NA,NA,NA,NA,29,2,1,NA,NA,NA,NA,NA,NA,NA,NA,"",6,2,4,0,1,NA,38,1,1,0,4,1,"",1,1,1,NA,1,1,NA,4,2,1,2,3,5,5,1,5,4,3,2,3,1,1,"",0,1,1,NA,1,NA,NA,NA,NA,NA,NA,"",5,2,2,3,4,1,4,4,2,1,2,3,4,321
"5a6d3a19e6cc4a0001b6c47a",12,14.5,10,12.5,15,11,14.75,15,13.75,NA,NA,NA,NA,NA,NA,NA,NA,NA,NA,NA,NA,14.75,16.5,14,NA,NA,NA,NA,NA,NA,NA,NA,NA,NA,NA,NA,50,1,1,NA,NA,NA,NA,NA,NA,NA,NA,"",3,2,1,0,2,NA,33,1,1,0,3,1,"",NA,1,1,NA,1,NA,NA,3,2,3,2,2,4,4,5,4,5,4,2,3,2,0,"",0,1,NA,1,NA,NA,NA,NA,NA,NA,NA,"",4,4,3,2,2,2,4,3,2,2,3,3,3,608
"5d2a4737affa880017f562ea",40,60,30,60,80,50,70,90,60,NA,NA,NA,NA,NA,NA,NA,NA,NA,NA,NA,NA,NA,NA,NA,NA,NA,NA,75,50,60,NA,NA,NA,NA,NA,NA,22,1,1,NA,NA,NA,NA,1,NA,NA,NA,"",3,2,4,0,4,NA,7,0,1,0,5,2,"",NA,1,1,1,NA,NA,NA,3,1,1,1,3,1,1,1,3,3,3,3,4,3,1,"",0,1,NA,NA,1,NA,NA,1,1,NA,NA,"",5,3,3,3,2,1,3,3,1,2,2,4,3,515
"5c4353f41ddd660001c9c4e2",100,100,50,100,100,50,70,70,65,NA,NA,NA,NA,NA,NA,NA,NA,NA,NA,NA,NA,NA,NA,NA,60,70,60,NA,NA,NA,NA,NA,NA,NA,NA,NA,29,1,1,NA,NA,NA,NA,NA,NA,NA,NA,"",5,3,3,0,2,NA,9,1,1,0,5,1,"",1,NA,NA,NA,NA,NA,NA,3,1,0,1,3,4,3,1,5,5,2,2,3,1,0,"",0,1,1,NA,NA,1,NA,NA,NA,NA,NA,"",4,2,1,5,4,1,3,2,2,2,2,3,4,427
"5d55449b00f7c60001abe155",12,9,11,12,11,15,9,12,15,NA,NA,NA,NA,NA,NA,NA,NA,NA,NA,NA,NA,NA,NA,NA,9,15,14,NA,NA,NA,NA,NA,NA,NA,NA,NA,28,1,1,NA,NA,NA,NA,NA,NA,NA,NA,"",5,3,4,0,3,NA,23,0,1,0,2,1,"",NA,1,NA,1,1,1,NA,4,1,0,2,2,1,1,1,2,4,3,4,4,3,0,"",0,1,NA,NA,1,NA,NA,NA,NA,1,NA,"Tastings/Samples",5,3,3,1,2,1,3,2,1,1,5,4,3,725
"5d2f98b94fc1dd0017fe48d5",20,25,21,20,25,21,20,25,21,NA,NA,NA,NA,NA,NA,NA,NA,NA,NA,NA,NA,NA,NA,NA,NA,NA,NA,NA,NA,NA,NA,NA,NA,18,21,19,35,1,NA,NA,NA,NA,NA,1,NA,NA,NA,"",2,1,4,0,2,NA,5,1,1,0,3,4,"",1,1,1,NA,1,1,NA,2,1,0,0,4,3,3,1,4,4,3,3,2,2,0,"",0,1,NA,1,1,1,NA,1,NA,NA,NA,"",4,4,4,2,2,2,3,2,1,1,2,3,3,492
"5d4624b686382b000157afbd",11,10,8,11,10,8,11,10,8,NA,NA,NA,NA,NA,NA,NA,NA,NA,11,10,8,NA,NA,NA,NA,NA,NA,NA,NA,NA,NA,NA,NA,NA,NA,NA,40,1,1,NA,NA,NA,NA,NA,NA,NA,NA,"",3,5,1,1,3,NA,12,1,1,0,3,1,"",1,1,NA,NA,NA,NA,NA,4,1,0,2,1,5,5,1,5,5,3,3,2,2,0,"",0,1,NA,NA,1,NA,NA,NA,NA,1,NA,"Random chance at Costco",5,2,2,3,3,2,2,1,2,1,2,3,4,432
"5afa5252672ea800010d97e6",60,40,35,60,50,40,60,45,35,NA,NA,NA,NA,NA,NA,NA,NA,NA,NA,NA,NA,NA,NA,NA,NA,NA,NA,60,45,40,NA,NA,NA,NA,NA,NA,32,2,1,NA,NA,NA,NA,NA,NA,NA,NA,"",6,4,3,0,2,NA,5,1,0,0,5,1,"",1,1,NA,NA,1,NA,NA,3,2,0,1,6,3,3,1,5,4,3,2,4,0,0,"",0,1,NA,NA,NA,NA,1,NA,1,NA,NA,"",4,3,1,3,2,2,2,1,2,1,2,3,4,443
"5d22a0930a59e300199957e1",12,15,10,10,9,7,11,11,10,NA,NA,NA,NA,NA,NA,NA,NA,NA,NA,NA,NA,NA,NA,NA,NA,NA,NA,NA,NA,NA,12,12,10,NA,NA,NA,35,1,1,NA,NA,NA,NA,NA,NA,NA,NA,"",5,3,1,1,4,NA,19,1,1,0,5,1,"",1,1,1,1,NA,NA,NA,1,1,2,0,1,1,1,1,3,3,2,3,2,1,0,"",0,NA,NA,NA,NA,NA,NA,NA,NA,NA,1,"",4,2,2,2,4,1,1,1,1,1,5,5,5,244
"5c03df12d183df00014241c3",25,20,19,30,28,20,30,28,24,NA,NA,NA,NA,NA,NA,28,24,20,NA,NA,NA,NA,NA,NA,NA,NA,NA,NA,NA,NA,NA,NA,NA,NA,NA,NA,31,2,1,NA,NA,NA,NA,NA,NA,NA,NA,"",6,3,1,0,2,NA,39,1,1,0,4,1,"",1,NA,NA,NA,NA,NA,NA,4,2,0,2,4,3,2,2,4,3,2,0,0,0,0,"",0,1,NA,NA,1,NA,NA,NA,NA,NA,NA,"",4,3,2,2,2,1,4,4,2,3,2,3,3,242
"5a2111b5bf56cc000176feb5",18,18,12.99,14.5,14.5,12.99,12,17,15,NA,NA,NA,NA,NA,NA,18,18,12.99,NA,NA,NA,NA,NA,NA,NA,NA,NA,NA,NA,NA,NA,NA,NA,NA,NA,NA,35,2,NA,1,NA,NA,NA,NA,NA,NA,NA,"",4,2,3,0,2,NA,34,1,1,0,3,1,"",NA,1,1,NA,NA,NA,NA,5,3,2,2,1,2,2,1,4,3,2,3,2,0,1,"",0,1,1,NA,1,NA,NA,NA,NA,NA,NA,"",4,3,1,2,3,1,3,4,2,2,1,5,3,875
"5bc8897f462bdb0001a61426",45,40,25,75,45,35,75,40,40,75,65,50,NA,NA,NA,NA,NA,NA,NA,NA,NA,NA,NA,NA,NA,NA,NA,NA,NA,NA,NA,NA,NA,NA,NA,NA,37,1,1,NA,NA,NA,NA,NA,NA,NA,NA,"",3,3,4,0,2,NA,34,1,1,0,4,1,"",1,1,1,1,1,1,NA,5,3,1,1,3,5,3,2,4,3,3,2,2,2,1,"",0,1,NA,NA,1,1,NA,NA,1,NA,NA,"",4,3,1,4,5,2,2,2,2,3,5,5,5,441
"5c1e1e172c45d4000147645f",10,10,9,11,11,10,8,9,11,NA,NA,NA,NA,NA,NA,NA,NA,NA,NA,NA,NA,NA,NA,NA,9,10,9,NA,NA,NA,NA,NA,NA,NA,NA,NA,24,2,1,NA,NA,NA,NA,NA,NA,NA,NA,"",5,2,3,0,3,NA,5,0,0,0,5,1,"",1,1,NA,NA,1,NA,NA,4,2,1,1,1,3,1,1,3,4,3,3,3,3,0,"",0,1,NA,NA,1,NA,NA,NA,1,1,NA,"Exploring new flavors",4,2,1,3,3,1,3,4,2,1,2,3,3,799
"5849751351f36f0001df75e5",15,15,12.5,15,15,12.5,20,10,15,NA,NA,NA,NA,NA,NA,NA,NA,NA,NA,NA,NA,NA,NA,NA,NA,NA,NA,20,10,15,NA,NA,NA,NA,NA,NA,37,1,1,NA,NA,NA,NA,NA,NA,NA,NA,"",5,2,1,1,5,NA,51,1,1,0,2,1,"",NA,1,1,1,1,1,NA,3,1,0,1,2,1,1,1,5,4,3,2,3,1,0,"",0,1,NA,1,NA,NA,NA,1,1,NA,NA,"",4,3,3,3,4,3,3,2,1,2,2,4,4,742
"543bfd18fdf99b7356901fe0",23,17,17,25,20,20,20,20,20,25,25,25,NA,NA,NA,NA,NA,NA,NA,NA,NA,NA,NA,NA,NA,NA,NA,NA,NA,NA,NA,NA,NA,NA,NA,NA,23,1,1,NA,NA,NA,NA,NA,NA,NA,NA,"",5,2,3,0,2,NA,36,1,1,0,4,1,"",1,NA,NA,NA,1,1,NA,5,3,2,2,2,4,3,3,4,4,4,3,1,4,0,"",0,NA,NA,NA,1,1,NA,NA,NA,NA,NA,"",5,4,2,3,4,2,4,3,1,1,2,3,1,1029
"5d3923f8bdcf76001924f57e",35,20,20,50,25,25,50,30,25,NA,NA,NA,65,38,35,NA,NA,NA,NA,NA,NA,NA,NA,NA,NA,NA,NA,NA,NA,NA,NA,NA,NA,NA,NA,NA,58,1,1,NA,NA,NA,NA,NA,NA,NA,NA,"",4,2,2,0,2,NA,3,1,1,0,4,1,"",1,1,NA,NA,NA,NA,NA,6,1,0,2,2,4,1,1,4,3,3,2,2,3,0,"",0,NA,NA,NA,NA,NA,NA,NA,NA,1,NA,"Reading the label, knowing my taste preference, taking a chance. ",4,5,1,3,2,2,4,4,1,1,2,4,3,1064
"5be74b8dd153f500019a6ace",14.99,12.99,12.99,16.99,14.99,14.99,12.99,16.99,13.99,15.99,16.99,15.99,NA,NA,NA,NA,NA,NA,NA,NA,NA,NA,NA,NA,NA,NA,NA,NA,NA,NA,NA,NA,NA,NA,NA,NA,40,2,1,NA,NA,NA,NA,NA,NA,NA,NA,"",6,3,1,0,2,NA,5,1,1,0,4,4,"",1,NA,NA,1,1,NA,NA,3,2,1,1,1,4,3,1,5,5,4,3,3,2,0,"",0,1,NA,NA,1,NA,NA,NA,1,1,NA,"shelf labels in store",4,3,2,5,4,1,2,2,3,3,5,3,5,481
"5d30c417667c4e0001ccc1e2",22,18,16,22,18,16,26,22,20,NA,NA,NA,NA,NA,NA,NA,NA,NA,NA,NA,NA,26,26,24,NA,NA,NA,NA,NA,NA,NA,NA,NA,NA,NA,NA,28,2,NA,NA,NA,NA,NA,1,NA,NA,NA,"",5,1,4,0,1,NA,33,1,1,0,5,2,"",NA,NA,1,NA,1,NA,NA,3,2,0,1,3,3,3,1,5,4,3,2,2,0,0,"",0,1,NA,NA,1,NA,NA,NA,NA,NA,NA,"",5,3,3,2,3,1,2,1,1,1,5,5,5,677
"5c3282eb47817b0001581512",50,25,40,50,30,45,45,25,50,45,25,50,NA,NA,NA,NA,NA,NA,NA,NA,NA,NA,NA,NA,NA,NA,NA,NA,NA,NA,NA,NA,NA,NA,NA,NA,31,1,NA,1,NA,NA,NA,NA,NA,NA,NA,"",3,1,4,0,1,NA,39,1,1,0,4,1,"",NA,1,1,NA,1,NA,NA,1,1,1,0,4,3,1,3,5,3,3,2,2,1,0,"",0,NA,NA,1,1,NA,NA,NA,NA,NA,NA,"",4,4,3,3,4,3,2,2,2,4,3,3,3,2910
"5d1114ecdab73d001665ff33",45,40,35,45,45,35,35,35,25,NA,NA,NA,NA,NA,NA,NA,NA,NA,NA,NA,NA,NA,NA,NA,NA,NA,NA,NA,NA,NA,NA,NA,NA,35,35,25,49,2,1,NA,NA,NA,NA,NA,NA,NA,NA,"",5,3,1,1,3,NA,38,0,1,0,5,1,"",1,NA,NA,NA,NA,NA,NA,5,1,0,1,1,5,4,1,5,5,1,2,2,0,0,"",0,1,1,NA,1,NA,NA,NA,NA,NA,NA,"",4,3,1,2,2,2,4,3,3,3,3,3,3,1116
"5cc5e72ce3c44e0015fdf990",40,40,35,40,40,35,40,30,35,NA,NA,NA,NA,NA,NA,NA,NA,NA,NA,NA,NA,40,30,35,NA,NA,NA,NA,NA,NA,NA,NA,NA,NA,NA,NA,25,1,1,NA,NA,NA,NA,NA,NA,NA,NA,"",4,1,4,0,4,NA,23,1,1,0,4,1,"",1,1,NA,NA,1,NA,NA,3,3,0,3,4,4,2,3,5,4,3,2,1,1,1,"",0,1,NA,NA,NA,NA,NA,NA,NA,NA,NA,"",4,4,2,1,1,2,5,3,1,1,2,5,4,592
"57d70b2247180e0001f100e3",35,40,30,50,55,40,55,45,35,NA,NA,NA,NA,NA,NA,NA,NA,NA,NA,NA,NA,NA,NA,NA,NA,NA,NA,NA,NA,NA,NA,NA,NA,40,40,40,37,1,1,NA,NA,NA,NA,NA,NA,NA,NA,"",3,2,4,1,2,NA,45,1,1,0,5,1,"",1,1,1,NA,1,1,NA,5,3,3,2,3,3,3,3,4,4,4,2,3,2,1,"",0,1,NA,NA,1,NA,NA,NA,1,NA,NA,"",5,4,3,4,5,3,4,4,2,2,2,5,3,547
"5d5464629b7c4e000188782d",55.99,30,25,55.99,45,39.98,50,45,40,NA,NA,NA,45,40,55,NA,NA,NA,NA,NA,NA,NA,NA,NA,NA,NA,NA,NA,NA,NA,NA,NA,NA,NA,NA,NA,36,2,1,NA,NA,NA,NA,NA,NA,NA,NA,"",5,3,1,1,4,NA,45,1,1,0,5,1,"",1,1,NA,NA,1,NA,NA,5,1,0,2,4,3,2,1,4,3,3,2,2,1,1,"",0,NA,NA,NA,1,NA,NA,NA,NA,NA,NA,"",2,3,1,4,3,1,4,4,2,3,3,4,5,710
"5cf8823e5c147c0019d3374f",40,36,38,56,30,60,70,50,65,NA,NA,NA,NA,NA,NA,NA,NA,NA,NA,NA,NA,NA,NA,NA,NA,NA,NA,NA,NA,NA,NA,NA,NA,56,36,45,34,2,NA,1,NA,NA,NA,NA,NA,NA,NA,"",6,3,4,1,3,NA,45,1,1,0,4,4,"",1,NA,1,1,1,NA,NA,3,5,4,3,6,3,5,5,3,5,4,3,4,2,0,"",0,NA,1,1,NA,NA,1,NA,NA,NA,NA,"",4,4,4,5,5,4,4,5,4,4,5,2,3,514
"5b2557ac8b4002000106cb20",15,12,20,15,12,20,15,12,20,NA,NA,NA,13,10,21,NA,NA,NA,NA,NA,NA,NA,NA,NA,NA,NA,NA,NA,NA,NA,NA,NA,NA,NA,NA,NA,45,1,1,NA,NA,NA,NA,NA,NA,NA,NA,"",5,3,1,1,4,NA,24,1,1,0,5,1,"",1,1,NA,NA,1,NA,NA,4,2,1,0,3,4,1,1,5,3,4,4,1,1,0,"",0,NA,NA,1,1,NA,NA,NA,NA,1,NA,"Twin Cities Live wine guy Ted's  recommendations",4,5,1,5,2,1,2,2,1,1,5,4,4,571
"5d42eb0db3dfc40018ab2c36",20,14,12,20,15,14,17,16,15,NA,NA,NA,NA,NA,NA,NA,NA,NA,NA,NA,NA,NA,NA,NA,19,20,12,NA,NA,NA,NA,NA,NA,NA,NA,NA,63,1,1,NA,NA,1,NA,NA,NA,NA,NA,"",7,3,1,0,3,NA,26,1,1,0,4,1,"",1,NA,NA,1,NA,NA,NA,3,1,0,2,2,5,2,3,4,3,2,2,3,2,0,"",0,1,NA,NA,NA,NA,NA,1,NA,1,NA,"winery visit",4,2,1,4,5,3,4,4,5,2,5,3,3,461
"5c1a4d7d1aea120001fdd685",25,25,20,30,30,20,30,20,15,NA,NA,NA,NA,NA,NA,NA,NA,NA,30,25,20,NA,NA,NA,NA,NA,NA,NA,NA,NA,NA,NA,NA,NA,NA,NA,57,2,1,NA,NA,NA,NA,NA,NA,NA,NA,"",3,3,1,1,6,NA,14,0,1,0,3,1,"",NA,NA,NA,1,NA,NA,NA,3,1,2,2,1,3,1,2,5,4,3,4,3,1,0,"",0,1,NA,NA,NA,NA,NA,NA,NA,NA,NA,"",5,2,2,3,3,3,1,1,1,1,5,3,5,667
"57575e876200e3000656b41e",10,10,7,10,10,7,10,10,7,NA,NA,NA,NA,NA,NA,NA,NA,NA,NA,NA,NA,NA,NA,NA,NA,NA,NA,10,8,9,NA,NA,NA,NA,NA,NA,31,1,1,NA,NA,NA,NA,NA,NA,NA,NA,"",5,1,3,0,2,NA,34,1,1,0,4,2,"",1,NA,1,NA,NA,NA,NA,5,1,0,1,1,2,2,2,4,4,3,2,3,1,0,"",0,NA,NA,NA,1,NA,NA,NA,NA,NA,NA,"",5,3,3,4,4,2,3,3,1,1,2,5,5,284
"5c671f12a26a8500014431e7",25,25,20,25,25,20,25,25,20,NA,NA,NA,NA,NA,NA,NA,NA,NA,NA,NA,NA,NA,NA,NA,NA,NA,NA,NA,NA,NA,NA,NA,NA,25,25,25,39,2,1,NA,NA,NA,NA,NA,NA,NA,NA,"",3,2,1,0,2,NA,45,1,1,0,3,1,"",NA,1,NA,NA,NA,NA,NA,5,1,1,1,1,2,3,2,5,5,4,2,3,1,0,"",0,1,NA,1,1,NA,NA,1,NA,NA,NA,"",4,2,1,4,4,3,4,2,1,2,2,5,5,417
"5d337586669d96001cbbb059",100,80,70,40,30,30,60,40,60,NA,NA,NA,NA,NA,NA,NA,NA,NA,NA,NA,NA,NA,NA,NA,60,50,60,NA,NA,NA,NA,NA,NA,NA,NA,NA,25,1,1,NA,NA,NA,NA,NA,NA,NA,NA,"",2,1,4,0,1,NA,50,1,1,0,5,1,"",1,1,NA,NA,NA,1,NA,1,2,1,1,5,2,2,2,3,3,3,2,2,2,2,"",1,1,NA,NA,1,NA,NA,1,NA,NA,NA,"",4,3,2,3,3,4,4,3,2,2,2,3,3,456
"5d406d4b800eb70019d7e2c0",25,20,20,25,20,20,25,20,20,NA,NA,NA,NA,NA,NA,25,20,18,NA,NA,NA,NA,NA,NA,NA,NA,NA,NA,NA,NA,NA,NA,NA,NA,NA,NA,61,2,1,NA,NA,NA,NA,NA,NA,NA,NA,"",6,3,1,0,2,NA,48,1,1,0,4,1,"",1,1,1,NA,NA,NA,NA,5,1,0,3,2,3,3,1,4,4,3,3,3,1,0,"",0,1,1,NA,NA,NA,NA,1,NA,1,NA,"we often visit local wineries",4,4,4,2,2,2,4,4,2,1,2,3,4,627
"55beeed7fdf99b6b6709230f",15,20,25,5,5,5,20,20,24,NA,NA,NA,NA,NA,NA,12,14,13,NA,NA,NA,NA,NA,NA,NA,NA,NA,NA,NA,NA,NA,NA,NA,NA,NA,NA,31,1,1,NA,NA,NA,NA,NA,NA,NA,NA,"",5,1,4,1,4,NA,20,1,1,0,5,1,"",1,1,1,NA,1,NA,NA,5,5,1,4,4,4,4,5,4,4,5,3,3,3,0,"",0,1,NA,NA,1,NA,NA,NA,NA,NA,NA,"",5,5,5,5,5,5,5,5,4,5,5,5,4,325
"5cb8cffaf162a30001e60d45",20,17,15,20,15,15,17,10,13,NA,NA,NA,20,15,17,NA,NA,NA,NA,NA,NA,NA,NA,NA,NA,NA,NA,NA,NA,NA,NA,NA,NA,NA,NA,NA,37,2,1,NA,NA,NA,NA,NA,NA,NA,NA,"",5,2,1,1,5,NA,10,1,1,0,5,1,"",1,1,1,1,1,1,NA,5,5,3,2,2,5,2,2,5,3,3,2,2,1,2,"",0,1,1,1,1,1,NA,1,1,NA,NA,"",4,3,2,3,3,2,4,4,2,2,2,3,3,660
"5c72efa770d5a200018028f1",12,13,11,20,14,12,25,20,18,NA,NA,NA,NA,NA,NA,NA,NA,NA,30,25,23,NA,NA,NA,NA,NA,NA,NA,NA,NA,NA,NA,NA,NA,NA,NA,70,1,1,NA,NA,NA,NA,NA,NA,NA,NA,"",5,1,1,0,2,NA,5,1,1,0,3,2,"",1,1,NA,NA,NA,NA,NA,2,1,1,1,2,3,2,1,4,4,3,0,2,0,0,"",0,NA,NA,NA,NA,1,1,NA,1,NA,NA,"",5,4,3,4,3,2,3,3,2,NA,4,3,4,437
"5c8ec999bb6a3c00014acf5f",9,9,9,11,11,11,12,12,12,NA,NA,NA,NA,NA,NA,NA,NA,NA,NA,NA,NA,NA,NA,NA,15,15,15,NA,NA,NA,NA,NA,NA,NA,NA,NA,51,2,NA,NA,NA,NA,NA,1,NA,NA,NA,"",3,2,1,0,3,NA,5,0,1,0,4,1,"",1,NA,NA,NA,NA,NA,NA,6,0,0,2,2,1,1,1,3,3,3,3,3,1,0,"",0,1,NA,NA,NA,NA,NA,1,NA,1,NA,"browsing the wine aisle",4,3,4,2,2,2,3,4,1,1,2,5,5,758
"55b645b1fdf99b1c02906872",45,25,20,60,25,20,65,25,20,NA,NA,NA,NA,NA,NA,65,25,20,NA,NA,NA,NA,NA,NA,NA,NA,NA,NA,NA,NA,NA,NA,NA,NA,NA,NA,55,2,1,NA,NA,NA,NA,NA,NA,NA,NA,"",5,4,1,0,3,NA,39,1,1,0,5,1,"",1,1,NA,NA,1,NA,NA,5,3,1,0,2,3,1,1,5,3,2,2,3,1,1,"",0,NA,NA,NA,1,NA,NA,NA,NA,NA,NA,"",5,4,1,3,1,1,2,1,1,1,4,3,4,384
"5ac50d5ea3ba7a0001b4a4be",25,20,25,50,25,30,50,30,35,50,30,35,NA,NA,NA,NA,NA,NA,NA,NA,NA,NA,NA,NA,NA,NA,NA,NA,NA,NA,NA,NA,NA,NA,NA,NA,73,1,1,NA,NA,NA,NA,NA,NA,NA,NA,"",5,3,1,0,2,NA,32,0,1,0,5,1,"",1,NA,NA,NA,NA,NA,NA,3,1,0,2,2,3,3,3,4,4,4,2,3,2,0,"",0,1,NA,1,1,1,1,1,1,NA,NA,"",3,3,3,3,4,2,3,2,2,2,2,3,3,517
"5d27dd89b5c5f40001a91b0e",24.99,15,11,24.99,15,11.99,24.99,15,11.99,NA,NA,NA,NA,NA,NA,NA,NA,NA,NA,NA,NA,20.99,15,11.99,NA,NA,NA,NA,NA,NA,NA,NA,NA,NA,NA,NA,24,2,1,NA,NA,NA,NA,NA,NA,NA,NA,"",5,1,4,0,2,NA,45,0,1,1,3,1,"",1,NA,1,NA,1,1,NA,5,4,0,2,2,4,4,1,5,3,2,3,4,1,0,"",0,1,NA,NA,NA,NA,NA,NA,NA,NA,NA,"",2,4,2,4,4,1,4,5,3,3,2,3,3,498
"5d24bb643e29d0001ab3ba63",13.99,11.99,9.99,13.99,9.99,6.99,14.99,10,6.99,NA,NA,NA,NA,NA,NA,NA,NA,NA,14.99,9.99,6.99,NA,NA,NA,NA,NA,NA,NA,NA,NA,NA,NA,NA,NA,NA,NA,30,2,1,NA,NA,NA,NA,NA,NA,NA,NA,"",5,3,1,0,2,NA,37,1,1,0,2,1,"",1,1,NA,NA,NA,NA,NA,3,1,0,1,1,3,2,1,4,4,3,2,2,0,0,"",0,1,NA,NA,1,NA,NA,NA,NA,NA,NA,"",5,2,1,2,3,2,2,2,1,1,2,5,3,805
"5caea4ebc66aca0016da3cd3",25,20,15,25,20,15,25,23,20,NA,NA,NA,NA,NA,NA,NA,NA,NA,NA,NA,NA,NA,NA,NA,NA,NA,NA,NA,NA,NA,NA,NA,NA,20,20,20,26,2,1,NA,NA,NA,NA,NA,NA,NA,NA,"",5,3,4,0,1,NA,11,1,1,0,4,1,"",1,1,1,1,1,1,NA,5,5,1,2,3,4,4,1,4,4,2,3,3,1,0,"",0,NA,NA,NA,NA,NA,NA,NA,1,NA,NA,"",3,3,3,3,1,1,2,2,2,2,2,3,3,967
"5d260e7b59235a001672fa1c",19.99,16.99,15.99,22.99,20.99,21.99,23.99,22.99,22.99,NA,NA,NA,NA,NA,NA,NA,NA,NA,NA,NA,NA,NA,NA,NA,26.99,23.99,25.99,NA,NA,NA,NA,NA,NA,NA,NA,NA,25,2,1,NA,NA,NA,NA,NA,NA,NA,NA,"",5,1,3,0,2,NA,16,1,1,0,3,1,"",1,NA,1,NA,NA,NA,NA,5,1,3,1,3,3,2,2,5,3,4,4,3,2,0,"",0,NA,NA,NA,NA,NA,1,1,NA,NA,NA,"",4,2,1,3,4,4,3,4,2,3,5,5,5,317
"5d42dcd59cc9a30001e721f9",40,30,30,40,30,30,45,30,35,NA,NA,NA,40,30,40,NA,NA,NA,NA,NA,NA,NA,NA,NA,NA,NA,NA,NA,NA,NA,NA,NA,NA,NA,NA,NA,35,1,1,NA,NA,NA,NA,NA,NA,NA,NA,"",5,5,1,0,2,NA,39,0,1,0,5,1,"",1,NA,NA,NA,NA,NA,NA,5,2,3,2,4,3,2,2,5,4,4,2,2,1,0,"",0,1,1,NA,1,NA,NA,NA,NA,NA,NA,"",3,4,3,5,4,3,3,4,2,2,2,3,4,697
"5ba2f8b8f074140001060372",50,10,25,70,20,40,70,45,25,NA,NA,NA,NA,NA,NA,NA,NA,NA,NA,NA,NA,NA,NA,NA,NA,NA,NA,60,40,60,NA,NA,NA,NA,NA,NA,23,1,1,NA,NA,NA,NA,NA,NA,NA,NA,"",5,2,1,0,2,NA,10,1,0,0,4,1,"",1,NA,NA,1,NA,NA,NA,3,3,2,3,2,3,1,4,5,3,4,2,4,1,0,"",0,1,NA,NA,1,NA,NA,NA,NA,NA,NA,"",5,3,3,1,1,1,1,1,1,1,5,5,5,398
"56547b0d042127000d4a1111",35,15,25,35,15,25,35,15,25,35,15,25,NA,NA,NA,NA,NA,NA,NA,NA,NA,NA,NA,NA,NA,NA,NA,NA,NA,NA,NA,NA,NA,NA,NA,NA,41,1,1,NA,NA,NA,NA,NA,NA,NA,NA,"",5,5,1,0,2,NA,36,1,1,0,3,1,"",NA,NA,NA,1,NA,1,NA,3,1,1,2,3,3,2,2,4,2,3,3,2,1,0,"",0,1,NA,NA,NA,NA,NA,NA,NA,NA,NA,"",4,3,1,2,1,1,3,2,1,1,5,3,3,449
"5ba13af0c3daf0000140b697",12,12,5,0,0,0,15,0,2,NA,NA,NA,NA,NA,NA,NA,NA,NA,NA,NA,NA,NA,NA,NA,NA,NA,NA,NA,NA,NA,12,5,0,NA,NA,NA,24,2,1,NA,NA,NA,NA,NA,NA,NA,NA,"",6,2,4,0,1,NA,34,1,1,0,4,2,"",1,1,NA,NA,NA,1,NA,5,2,0,1,3,2,2,1,4,3,1,4,3,1,0,"",1,1,NA,NA,NA,NA,NA,1,NA,NA,NA,"",4,4,2,4,4,4,2,2,1,1,2,4,3,414
"5d48a33bbe0cc900179c594a",25,20,15,75,60,50,90,80,75,NA,NA,NA,NA,NA,NA,NA,NA,NA,NA,NA,NA,NA,NA,NA,NA,NA,NA,NA,NA,NA,90,80,75,NA,NA,NA,32,2,NA,1,NA,NA,NA,NA,NA,NA,NA,"",4,3,3,0,5,NA,33,1,1,0,3,1,"",1,1,1,1,1,1,NA,5,5,1,1,1,3,3,3,5,4,3,4,4,4,3,"",0,1,NA,NA,NA,NA,NA,NA,NA,NA,NA,"",5,4,2,3,5,5,3,3,3,3,2,3,4,1230
"595d0331d8bd8d000154e148",15,12,12,18,15,15,18,15,15,NA,NA,NA,15,15,18,NA,NA,NA,NA,NA,NA,NA,NA,NA,NA,NA,NA,NA,NA,NA,NA,NA,NA,NA,NA,NA,34,1,1,NA,NA,NA,NA,NA,NA,NA,NA,"",6,2,1,0,1,NA,38,1,1,1,2,4,"",1,NA,NA,NA,1,NA,NA,1,1,0,0,3,3,3,1,5,4,3,3,2,0,0,"",0,1,NA,NA,NA,NA,NA,NA,1,NA,NA,"",4,4,3,4,3,1,1,1,1,1,5,5,5,1379
"5d092069fb1a540001dd5028",30,30,30,30,30,30,30,40,40,NA,NA,NA,NA,NA,NA,NA,NA,NA,NA,NA,NA,NA,NA,NA,NA,NA,NA,NA,NA,NA,NA,NA,NA,25,30,30,24,2,1,NA,NA,NA,NA,NA,NA,NA,NA,"",5,3,3,0,2,NA,49,1,1,0,4,1,"",1,1,NA,NA,NA,NA,NA,3,1,1,1,1,3,2,2,4,4,4,2,3,2,0,"",0,1,NA,NA,1,NA,NA,NA,NA,NA,NA,"",5,2,2,2,3,1,3,3,2,2,2,5,5,1631
"5c84002036f2450001c86167",70,40,50,50,60,70,60,80,90,NA,NA,NA,NA,NA,NA,NA,NA,NA,NA,NA,NA,50,80,90,NA,NA,NA,NA,NA,NA,NA,NA,NA,NA,NA,NA,23,2,1,NA,NA,NA,NA,1,NA,NA,NA,"",5,3,4,0,5,NA,31,0,1,-1,4,1,"",1,1,1,1,1,1,NA,4,3,1,2,3,4,3,3,4,3,4,4,4,2,1,"",0,1,NA,NA,1,NA,NA,1,1,NA,NA,"",3,4,4,5,4,3,4,3,3,3,5,4,3,477
"5d55b829984a680019dae891",20,18,14,24,20,16,20,18,16,20,18,16,NA,NA,NA,NA,NA,NA,NA,NA,NA,NA,NA,NA,NA,NA,NA,NA,NA,NA,NA,NA,NA,NA,NA,NA,26,1,1,NA,NA,NA,NA,NA,NA,NA,NA,"",5,1,4,0,1,NA,39,1,1,0,5,1,"",1,1,NA,NA,1,NA,NA,2,2,1,1,2,3,2,5,4,4,4,2,3,0,0,"",0,NA,NA,NA,1,1,NA,NA,NA,NA,NA,"",3,3,1,2,3,1,4,2,1,2,5,3,4,555
"5c0fff76e6eb4e0001b27f20",10.5,9,8.5,11,10.5,9,10.5,8,9,NA,NA,NA,NA,NA,NA,NA,NA,NA,NA,NA,NA,10,9.5,9.5,NA,NA,NA,NA,NA,NA,NA,NA,NA,NA,NA,NA,26,2,1,NA,NA,NA,NA,NA,NA,NA,NA,"",4,1,4,0,1,NA,34,1,1,0,4,1,"",1,1,1,NA,1,NA,NA,4,2,1,2,2,4,2,1,4,3,3,2,2,0,3,"",0,1,NA,NA,1,NA,NA,NA,NA,NA,NA,"",2,3,2,3,2,1,2,2,1,1,5,5,3,489
"5ce58ec29c40b2001b3a00d4",9,6,5,9,8,7,9,9,9,NA,NA,NA,7,7,10,NA,NA,NA,NA,NA,NA,NA,NA,NA,NA,NA,NA,NA,NA,NA,NA,NA,NA,NA,NA,NA,32,1,1,NA,NA,NA,NA,NA,NA,NA,NA,"",5,2,3,0,2,NA,10,1,1,0,4,2,"",1,1,NA,NA,1,NA,NA,3,2,1,1,2,4,3,3,4,3,4,3,2,3,2,"",1,1,NA,NA,1,NA,1,1,NA,NA,NA,"",4,3,4,4,5,4,4,3,5,4,1,4,3,627
"5d1cc8c3baf85a0001fcd973",48,18,12,48,18,12,32,18,12,NA,NA,NA,NA,NA,NA,NA,NA,NA,32,18,14,NA,NA,NA,NA,NA,NA,NA,NA,NA,NA,NA,NA,NA,NA,NA,49,2,NA,NA,NA,1,NA,NA,NA,NA,NA,"",7,4,1,0,2,NA,10,1,1,0,5,1,"",1,1,1,NA,1,NA,NA,4,3,4,0,3,4,5,1,5,5,4,2,2,1,1,"",0,1,1,NA,NA,NA,NA,NA,NA,NA,NA,"",3,4,4,4,3,1,4,3,2,3,3,3,3,451
"5bdcb92b91fcc00001668d6c",15,15,15,20,20,20,20,20,20,NA,NA,NA,NA,NA,NA,NA,NA,NA,NA,NA,NA,NA,NA,NA,NA,NA,NA,20,15,20,NA,NA,NA,NA,NA,NA,25,2,1,NA,NA,NA,NA,NA,NA,NA,NA,"",5,2,3,0,1,NA,28,1,1,0,4,1,"",1,1,1,1,1,1,NA,3,2,0,0,1,3,1,1,5,5,5,2,3,0,0,"",0,NA,NA,NA,1,NA,NA,NA,NA,NA,NA,"",5,1,1,1,1,1,2,3,2,2,2,5,4,499
"5a5a31b88e6259000175f6ae",20,20,10,20,20,10,20,20,10,NA,NA,NA,20,20,10,NA,NA,NA,NA,NA,NA,NA,NA,NA,NA,NA,NA,NA,NA,NA,NA,NA,NA,NA,NA,NA,52,2,1,NA,NA,NA,NA,NA,NA,NA,NA,"",3,2,1,0,3,NA,10,1,1,0,3,1,"",NA,1,NA,NA,NA,NA,NA,1,0,0,0,2,1,1,1,3,3,3,3,2,0,0,"",1,NA,NA,NA,1,NA,NA,NA,NA,NA,NA,"",2,1,1,1,1,1,2,2,1,1,5,5,5,457
"5d14c08b63f5660018e9c499",50,60,50,70,70,90,90,100,100,NA,NA,NA,NA,NA,NA,NA,NA,NA,NA,NA,NA,NA,NA,NA,NA,NA,NA,NA,NA,NA,90,90,90,NA,NA,NA,45,1,1,NA,NA,NA,NA,NA,NA,NA,NA,"",2,3,1,1,3,NA,10,1,1,0,4,1,"",1,1,NA,NA,NA,NA,NA,5,3,1,2,5,3,3,2,5,4,4,3,3,2,0,"",0,1,NA,NA,1,NA,NA,1,NA,NA,NA,"",3,4,4,4,4,3,4,3,3,4,5,4,5,678
"5a04869ff2e3460001edad2e",12.99,5.99,8.99,12.99,5.99,8.99,15.99,9.99,9.99,NA,NA,NA,15.99,9.99,9.99,NA,NA,NA,NA,NA,NA,NA,NA,NA,NA,NA,NA,NA,NA,NA,NA,NA,NA,NA,NA,NA,28,1,1,NA,NA,NA,NA,NA,NA,NA,NA,"",2,2,4,0,4,NA,44,0,0,0,5,1,"",1,1,NA,NA,NA,1,NA,2,0,0,0,2,3,1,1,4,2,3,0,0,0,0,"",0,1,NA,NA,NA,NA,NA,NA,NA,NA,NA,"",4,3,1,1,1,1,2,1,1,1,5,5,5,1303
"58d069219dbe3f0001258793",20,16,14,20,16,12,24,16,20,NA,NA,NA,NA,NA,NA,NA,NA,NA,NA,NA,NA,22,16,22,NA,NA,NA,NA,NA,NA,NA,NA,NA,NA,NA,NA,40,1,1,NA,NA,NA,NA,NA,NA,NA,NA,"",3,2,1,1,5,NA,36,1,1,0,5,1,"",1,1,1,1,1,1,NA,1,1,1,0,3,3,2,3,4,3,4,3,4,2,0,"",0,1,NA,NA,NA,NA,NA,NA,NA,NA,NA,"",5,2,1,3,3,1,2,1,1,1,5,5,4,793
"5d03b7a5a75cc90016dfa2c5",30,25,23,30,27,26,30,25,25,NA,NA,NA,NA,NA,NA,NA,NA,NA,NA,NA,NA,NA,NA,NA,30,35,30,NA,NA,NA,NA,NA,NA,NA,NA,NA,33,1,1,NA,NA,NA,NA,NA,NA,NA,NA,"",5,2,1,0,2,NA,39,1,0,0,3,3,"",1,1,NA,NA,NA,NA,NA,1,2,1,2,3,4,3,4,4,3,4,2,3,2,2,"",0,NA,NA,1,1,NA,1,NA,1,NA,NA,"",3,3,4,3,3,4,2,2,5,4,3,1,3,700
"5ce9ba477d69950001cd9938",20,15,15,25,20,20,20,15,15,NA,NA,NA,NA,NA,NA,NA,NA,NA,25,20,20,NA,NA,NA,NA,NA,NA,NA,NA,NA,NA,NA,NA,NA,NA,NA,33,2,NA,1,NA,NA,NA,NA,NA,NA,NA,"",6,2,1,1,3,NA,48,1,1,0,3,1,"",1,NA,NA,NA,NA,NA,NA,3,1,1,0,3,5,3,2,5,3,3,3,4,2,0,"",0,1,NA,NA,NA,NA,NA,NA,1,NA,NA,"",4,5,4,3,2,3,3,3,3,2,1,5,5,761
"59ffb939517dfb00013dadda",50,40,30,60,50,40,60,50,40,NA,NA,NA,NA,NA,NA,60,60,30,NA,NA,NA,NA,NA,NA,NA,NA,NA,NA,NA,NA,NA,NA,NA,NA,NA,NA,31,1,1,NA,NA,NA,NA,NA,NA,NA,NA,"",6,2,4,0,1,NA,3,1,1,0,4,1,"",1,1,1,1,1,1,NA,3,2,2,2,6,4,4,5,5,5,3,4,3,1,3,"",0,1,NA,NA,1,NA,1,NA,NA,NA,NA,"",3,5,4,5,5,4,5,3,3,3,5,5,5,510
"569298838d93fe000dfa033c",20,8,8,20,8,8,20,8,8,NA,NA,NA,NA,NA,NA,NA,NA,NA,NA,NA,NA,NA,NA,NA,NA,NA,NA,20,8,15,NA,NA,NA,NA,NA,NA,68,2,1,NA,NA,NA,NA,NA,NA,NA,NA,"",5,1,2,0,1,NA,10,1,1,0,4,1,"",1,NA,NA,NA,NA,NA,NA,5,0,2,0,1,3,1,1,5,3,3,2,4,3,0,"",0,1,NA,NA,NA,NA,NA,NA,NA,NA,NA,"",4,1,1,1,3,1,1,1,1,1,5,3,5,889
"5bd47734506cd3000101d181",18.99,18.99,12.99,16.99,16.99,10.99,17.99,17.99,11.99,NA,NA,NA,NA,NA,NA,NA,NA,NA,NA,NA,NA,NA,NA,NA,NA,NA,NA,NA,NA,NA,NA,NA,NA,19.99,19.99,15.99,29,1,1,NA,NA,NA,NA,NA,NA,NA,NA,"",3,1,4,0,1,NA,42,1,1,0,4,1,"",1,1,NA,1,NA,1,NA,1,1,1,0,2,2,2,2,4,5,3,3,2,2,0,"",0,NA,NA,NA,NA,NA,NA,NA,NA,NA,1,"",4,4,2,3,3,2,2,2,1,2,2,4,4,669
"5cab944b41de360017e2c3db",25,25,18,30,30,25,35,30,25,NA,NA,NA,NA,NA,NA,NA,NA,NA,NA,NA,NA,NA,NA,NA,NA,NA,NA,NA,NA,NA,35,35,20,NA,NA,NA,26,2,NA,NA,1,NA,NA,NA,NA,NA,NA,"",5,1,4,0,4,NA,51,1,1,1,3,4,"",1,NA,1,NA,1,1,NA,3,3,1,1,4,4,3,4,5,4,4,3,4,2,1,"",0,1,NA,NA,NA,NA,1,NA,NA,NA,NA,"",3,4,1,4,2,2,3,2,2,2,2,3,3,727
"5bc2bad68e4b150001fda946",25,18,17,25,18,17,25,18,16,25,18,16,NA,NA,NA,NA,NA,NA,NA,NA,NA,NA,NA,NA,NA,NA,NA,NA,NA,NA,NA,NA,NA,NA,NA,NA,36,2,1,NA,NA,NA,NA,NA,NA,NA,NA,"",6,2,4,0,1,NA,5,1,1,0,4,1,"",NA,1,1,NA,1,NA,NA,5,2,0,1,2,4,2,1,5,3,3,2,2,1,0,"",0,1,1,NA,1,NA,NA,NA,NA,NA,NA,"",4,3,2,3,3,1,4,5,2,3,2,3,3,704
"5d1b81f48155e00001252f19",29.99,20,17.99,36,28,22,36,32,30,NA,NA,NA,NA,NA,NA,40,38,20,NA,NA,NA,NA,NA,NA,NA,NA,NA,NA,NA,NA,NA,NA,NA,NA,NA,NA,27,1,1,NA,NA,NA,NA,NA,NA,NA,NA,"",5,2,4,0,2,NA,10,1,1,0,5,2,"",1,1,NA,NA,NA,NA,NA,4,1,1,1,4,3,2,2,5,4,2,3,2,0,1,"",0,1,NA,NA,1,NA,NA,NA,1,NA,NA,"",4,3,2,4,4,2,2,1,2,2,4,4,3,869
"5bcc1fce4249b20001bc99f1",20,20,15,25,25,20,25,20,25,NA,NA,NA,NA,NA,NA,NA,NA,NA,NA,NA,NA,NA,NA,NA,NA,NA,NA,NA,NA,NA,NA,NA,NA,20,20,20,36,2,1,NA,NA,NA,NA,NA,NA,NA,NA,"",3,1,1,1,5,NA,1,1,1,0,5,1,"",NA,1,1,1,1,1,NA,3,3,1,0,4,3,3,3,3,3,3,3,4,1,0,"",0,1,1,NA,NA,NA,NA,1,NA,NA,NA,"",4,1,1,2,2,3,4,2,4,4,5,5,4,765
"5c7ef355e11d170001b0e281",30,30,15,50,50,30,45,50,25,NA,NA,NA,NA,NA,NA,NA,NA,NA,NA,NA,NA,NA,NA,NA,NA,NA,NA,NA,NA,NA,35,35,25,NA,NA,NA,27,2,1,NA,NA,NA,NA,NA,NA,NA,NA,"",3,2,3,0,2,NA,44,1,1,1,5,1,"",NA,1,NA,1,1,1,NA,3,1,0,1,1,2,2,2,5,5,5,0,3,0,0,"",0,1,NA,1,1,NA,NA,1,1,NA,NA,"",3,2,1,2,2,1,2,1,2,2,5,5,5,807
"5a5cd2aceedc32000142a5a9",65,60,35,65,60,30,70,65,50,NA,NA,NA,NA,NA,NA,NA,NA,NA,NA,NA,NA,NA,NA,NA,65,80,55,NA,NA,NA,NA,NA,NA,NA,NA,NA,44,2,1,NA,NA,1,NA,NA,NA,NA,NA,"",5,2,4,1,2,NA,5,1,1,0,5,2,"",1,1,1,NA,1,1,NA,4,3,1,1,6,5,5,2,5,5,4,3,3,2,0,"",1,1,NA,1,1,NA,1,NA,1,NA,NA,"",2,5,3,5,4,2,4,4,4,4,2,3,4,745
"5c284e0970d93a0001211e16",50,30,25,70,45,60,100,45,50,NA,NA,NA,85,60,70,NA,NA,NA,NA,NA,NA,NA,NA,NA,NA,NA,NA,NA,NA,NA,NA,NA,NA,NA,NA,NA,24,1,1,NA,NA,NA,NA,NA,NA,NA,NA,"",2,1,4,0,3,NA,23,1,1,0,3,1,"",1,1,NA,1,1,1,NA,3,2,1,2,5,3,1,2,5,3,4,2,3,2,2,"",1,1,NA,NA,1,1,NA,1,1,NA,NA,"",3,4,4,5,5,3,3,2,2,3,4,5,3,926
"5cb3ca4e66fddc001481db61",25,20,20,33,27,27,42,29,35,NA,NA,NA,NA,NA,NA,NA,NA,NA,NA,NA,NA,NA,NA,NA,NA,NA,NA,42,29,40,NA,NA,NA,NA,NA,NA,59,2,1,NA,NA,NA,NA,NA,NA,NA,NA,"",8,3,1,0,2,NA,21,1,1,0,5,1,"",1,1,NA,NA,1,NA,NA,5,4,2,2,5,5,4,4,5,4,5,2,3,2,0,"",0,1,NA,1,NA,NA,1,1,1,NA,NA,"",3,4,4,4,4,4,5,4,5,4,4,3,4,1283
"5d0009302d2abc0015392e33",25,15,10,35,15,15,35,15,20,NA,NA,NA,NA,NA,NA,NA,NA,NA,NA,NA,NA,NA,NA,NA,30,25,20,NA,NA,NA,NA,NA,NA,NA,NA,NA,41,2,1,NA,NA,NA,NA,NA,NA,NA,NA,"",8,-1,4,0,3,NA,33,1,1,0,4,1,"",NA,1,1,NA,NA,NA,NA,4,1,2,1,3,4,2,2,5,4,5,2,3,2,0,"",0,1,NA,1,1,NA,NA,NA,1,NA,NA,"",4,2,3,3,4,2,3,3,2,2,2,3,3,1143
"5ce973ea6c890100012ea2ae",20,20,20,25,25,20,25,20,25,NA,NA,NA,NA,NA,NA,NA,NA,NA,NA,NA,NA,25,20,25,NA,NA,NA,NA,NA,NA,NA,NA,NA,NA,NA,NA,32,2,1,NA,NA,NA,NA,NA,NA,NA,NA,"",3,1,3,0,2,NA,44,1,1,0,4,1,"",1,1,NA,NA,NA,1,NA,5,1,1,3,3,2,1,1,4,4,4,2,4,2,0,"",0,1,NA,1,1,NA,NA,1,1,NA,NA,"",4,3,2,2,3,2,4,3,3,2,4,3,4,1680
"5d4a2e8302fd73001cf470b9",20,20,15,22,22,12,24,24,12,NA,NA,NA,NA,NA,NA,NA,NA,NA,NA,NA,NA,NA,NA,NA,NA,NA,NA,NA,NA,NA,24,24,12,NA,NA,NA,33,2,NA,NA,NA,1,NA,NA,NA,NA,NA,"",5,3,4,0,-1,NA,6,1,1,0,5,1,"",1,1,1,1,1,1,NA,2,1,1,1,3,5,5,1,5,5,3,3,2,3,0,"",1,1,NA,NA,1,NA,1,1,NA,NA,NA,"",4,4,1,4,4,3,4,4,3,3,2,3,4,762
"5c3cd3463b58fd0001e1f076",7.99,14.99,12.99,29.99,21.99,18.99,18.99,16.99,12.99,19.99,18.99,16.99,NA,NA,NA,NA,NA,NA,NA,NA,NA,NA,NA,NA,NA,NA,NA,NA,NA,NA,NA,NA,NA,NA,NA,NA,64,2,1,NA,NA,NA,NA,NA,NA,NA,NA,"",2,2,1,0,4,NA,51,1,1,0,4,1,"",1,NA,1,NA,NA,NA,NA,4,1,1,0,3,1,1,3,4,3,2,1,2,1,1,"",0,NA,1,NA,1,NA,NA,1,NA,NA,NA,"",4,3,1,3,1,1,3,4,1,2,2,5,3,920
"5d2e1c52c3651500159f0a69",30,25,15,30,25,15,30,30,20,NA,NA,NA,NA,NA,NA,NA,NA,NA,NA,NA,NA,NA,NA,NA,NA,NA,NA,NA,NA,NA,NA,NA,NA,30,30,20,35,1,NA,NA,NA,1,NA,NA,NA,NA,NA,"",4,2,1,1,5,NA,42,1,1,0,3,1,"",1,1,NA,NA,NA,NA,NA,5,1,1,2,3,3,4,1,5,4,3,2,2,1,0,"",0,1,1,NA,1,NA,1,1,1,NA,NA,"",3,4,2,3,3,3,4,5,4,4,2,3,4,982
"5cd5de865d38ca0015bb0188",10,15,5,10,15,5,8.5,5,14.5,NA,NA,NA,NA,NA,NA,NA,NA,NA,NA,NA,NA,NA,NA,NA,NA,NA,NA,NA,NA,NA,10,12,7,NA,NA,NA,27,2,NA,NA,NA,NA,NA,1,NA,NA,NA,"",5,1,4,0,2,NA,10,0,0,0,3,1,"",NA,1,1,1,1,1,NA,2,1,0,4,2,1,1,1,4,4,2,2,1,1,0,"",0,1,NA,NA,1,NA,1,NA,NA,NA,NA,"",4,3,2,2,2,1,2,2,2,2,5,5,5,1677
"57a48845eeaf6d00018d62d7",45,45,35,45,45,35,45,45,45,NA,NA,NA,NA,NA,NA,NA,NA,NA,NA,NA,NA,NA,NA,NA,NA,NA,NA,50,40,43,NA,NA,NA,NA,NA,NA,30,2,1,NA,NA,NA,NA,NA,NA,NA,NA,"",5,2,3,0,2,NA,45,1,1,0,5,1,"",1,1,1,1,1,1,NA,4,3,1,2,5,1,1,1,5,5,5,3,3,2,1,"",0,1,NA,NA,NA,NA,NA,NA,NA,NA,NA,"",5,3,NA,4,5,3,2,2,1,1,5,5,5,1071
"5c9f84909e01ef001897db75",50,45,24,55,55,45,55,55,34,NA,NA,NA,NA,NA,NA,NA,NA,NA,NA,NA,NA,NA,NA,NA,45,45,34,NA,NA,NA,NA,NA,NA,NA,NA,NA,31,2,1,NA,NA,NA,NA,NA,NA,NA,NA,"",2,2,4,0,1,NA,11,1,1,1,4,1,"",NA,1,NA,NA,NA,NA,NA,3,2,2,3,3,4,4,4,4,4,4,2,2,2,1,"",0,NA,NA,1,NA,NA,NA,NA,NA,NA,NA,"",4,3,4,4,4,4,3,4,4,4,5,4,1,1507
"5befb6e27c387400016983bf",20,16,12,20,16,12,26,22,19,NA,NA,NA,NA,NA,NA,NA,NA,NA,28,22,22,NA,NA,NA,NA,NA,NA,NA,NA,NA,NA,NA,NA,NA,NA,NA,32,1,1,NA,NA,NA,NA,NA,NA,NA,NA,"",5,2,4,0,1,NA,34,1,1,0,5,4,"",1,1,NA,NA,NA,NA,NA,5,1,1,1,3,4,2,1,5,4,3,3,4,2,2,"",1,NA,NA,NA,1,1,NA,NA,1,NA,NA,"",3,4,3,4,5,1,2,2,1,2,5,3,4,757
"5c1afa2037dd01000114f09d",30,20,15,18.99,13.99,15.99,30,20,30,NA,NA,NA,NA,NA,NA,30,25,25,NA,NA,NA,NA,NA,NA,NA,NA,NA,NA,NA,NA,NA,NA,NA,NA,NA,NA,47,2,NA,1,NA,NA,NA,NA,NA,NA,NA,"",5,2,4,0,4,NA,11,1,0,0,5,4,"",NA,1,NA,NA,1,NA,NA,3,3,1,2,3,5,3,4,5,4,4,3,4,2,0,"",0,1,NA,1,NA,NA,NA,NA,1,NA,NA,"",5,2,1,5,4,5,1,1,1,1,2,3,3,1349
"5c41c28e896e090001c03bb0",50,25,15,60,35,25,60,35,25,NA,NA,NA,NA,NA,NA,NA,NA,NA,60,35,25,NA,NA,NA,NA,NA,NA,NA,NA,NA,NA,NA,NA,NA,NA,NA,41,2,NA,NA,NA,NA,NA,NA,1,NA,NA,"",4,2,3,1,4,NA,39,1,1,0,3,1,"",1,1,NA,NA,1,NA,NA,4,2,1,2,3,5,3,2,4,3,3,3,4,2,4,"can't in pennsylvania",0,1,NA,NA,NA,1,NA,NA,NA,NA,NA,"",3,5,3,1,2,1,4,4,2,2,2,3,4,1005
"5d4ac837d2844e0001ecf699",30,25,15,40,35,20,35,35,25,NA,NA,NA,25,25,30,NA,NA,NA,NA,NA,NA,NA,NA,NA,NA,NA,NA,NA,NA,NA,NA,NA,NA,NA,NA,NA,30,2,1,NA,NA,1,NA,1,NA,NA,NA,"",6,4,1,1,7,8,5,1,1,0,3,1,"",1,1,1,1,NA,1,NA,5,4,0,1,4,4,2,1,4,4,3,3,4,2,1,"",0,1,1,NA,NA,NA,1,NA,1,NA,NA,"",4,5,3,4,4,1,3,2,1,1,2,3,5,1204
"5977e3867412f8000194e1fe",40,30,25,40,35,25,40,30,25,NA,NA,NA,NA,NA,NA,NA,NA,NA,40,25,25,NA,NA,NA,NA,NA,NA,NA,NA,NA,NA,NA,NA,NA,NA,NA,40,1,1,NA,NA,NA,NA,NA,NA,NA,NA,"",8,5,1,1,3,NA,14,1,1,0,4,1,"",1,NA,NA,NA,1,NA,NA,4,3,1,2,4,5,5,3,5,3,4,3,3,2,2,"",0,1,NA,NA,1,1,1,NA,NA,NA,NA,"",4,4,3,4,4,2,4,2,2,4,2,3,3,1447
"5b16d24d388d8b00014fa6e6",25,40,30,35,30,26,32,28,21,36,31,28,NA,NA,NA,NA,NA,NA,NA,NA,NA,NA,NA,NA,NA,NA,NA,NA,NA,NA,NA,NA,NA,NA,NA,NA,26,1,NA,1,NA,NA,NA,NA,NA,NA,NA,"",3,1,4,0,2,NA,11,1,1,0,4,1,"",1,1,NA,NA,1,NA,NA,3,2,0,1,4,4,2,2,4,1,1,2,3,1,0,"",0,1,NA,1,NA,NA,NA,1,NA,NA,NA,"",4,3,2,3,2,2,4,2,3,3,2,3,3,1474
"59715b4b50e2f000016fe00e",30,27,25,39,36.5,30,40,40,40,NA,NA,NA,NA,NA,NA,NA,NA,NA,NA,NA,NA,20,35,30,NA,NA,NA,NA,NA,NA,NA,NA,NA,NA,NA,NA,35,1,1,NA,NA,NA,NA,NA,NA,NA,NA,"",5,2,1,1,3,NA,38,1,1,0,5,3,"",1,1,1,1,1,1,NA,5,5,5,5,6,5,5,5,4,4,4,3,4,2,2,"",1,1,1,NA,1,1,1,1,1,NA,NA,"",5,5,5,5,5,5,4,4,1,3,4,2,4,1522
"5bf32090a155c300016f3c06",15,15,13.5,12,12,13,13,13,13,NA,NA,NA,12,12,13.5,NA,NA,NA,NA,NA,NA,NA,NA,NA,NA,NA,NA,NA,NA,NA,NA,NA,NA,NA,NA,NA,30,1,NA,NA,NA,NA,NA,1,NA,NA,NA,"",6,3,1,0,2,NA,5,1,1,0,4,1,"",NA,1,NA,1,NA,NA,NA,2,2,1,1,3,4,3,5,4,4,4,2,2,3,1,"",1,1,NA,NA,NA,1,NA,NA,NA,NA,NA,"",4,3,2,5,4,3,4,3,2,2,3,4,3,570
"5c2c189b867f660001af5dc5",13.3,12,12,16,13,13,20,20,20,NA,NA,NA,NA,NA,NA,NA,NA,NA,NA,NA,NA,15,20,20,NA,NA,NA,NA,NA,NA,NA,NA,NA,NA,NA,NA,26,2,1,NA,NA,NA,NA,1,NA,NA,NA,"",5,2,4,0,3,NA,14,1,1,1,4,1,"",1,1,1,1,1,1,NA,5,4,3,0,4,5,5,5,5,5,5,3,4,0,2,"",0,1,1,NA,NA,1,NA,1,1,NA,NA,"",5,5,3,5,5,3,1,1,1,1,2,3,5,1835
"5d3b8887c6d6450018cd941c",25,25,25,35,35,35,45,45,45,NA,NA,NA,NA,NA,NA,NA,NA,NA,NA,NA,NA,NA,NA,NA,NA,NA,NA,NA,NA,NA,55,55,55,NA,NA,NA,48,2,NA,NA,1,NA,NA,NA,NA,NA,NA,"",5,1,1,0,4,NA,38,1,1,0,3,1,"",NA,NA,1,1,1,1,NA,3,2,2,0,1,3,3,3,3,3,3,2,2,1,0,"",0,1,NA,NA,NA,NA,NA,NA,NA,NA,NA,"",3,2,2,3,4,2,4,2,2,1,5,5,5,1428
"56d2adc4321cae000b68d65f",25,25,15,25,25,18,20,20,14,NA,NA,NA,NA,NA,NA,NA,NA,NA,NA,NA,NA,NA,NA,NA,NA,NA,NA,NA,NA,NA,NA,NA,NA,25,25,23,28,1,NA,NA,NA,NA,NA,1,NA,NA,NA,"",5,3,1,0,2,NA,39,1,1,0,2,1,"",1,NA,NA,1,NA,1,NA,2,1,1,0,2,1,1,1,3,3,3,3,3,1,0,"",0,1,NA,NA,1,NA,NA,NA,NA,NA,NA,"",3,2,2,2,3,1,2,1,1,1,5,5,5,371
"5cf7fa1e7b66930001c9d0af",18,16,14,18,17,16,17,15,16,NA,NA,NA,NA,NA,NA,NA,NA,NA,NA,NA,NA,NA,NA,NA,18,19,18,NA,NA,NA,NA,NA,NA,NA,NA,NA,30,1,1,NA,NA,NA,NA,NA,NA,NA,NA,"",5,2,1,0,2,NA,14,1,1,0,3,2,"",1,1,NA,NA,NA,NA,NA,2,3,2,1,3,4,4,3,5,4,4,2,1,3,2,"",0,1,NA,1,1,NA,1,NA,NA,NA,NA,"",4,5,4,4,4,5,3,2,4,4,3,4,3,705
"579046d72fc0d400012c7a83",20,15,10,20,17,12,20,20,20,NA,NA,NA,NA,NA,NA,NA,NA,NA,NA,NA,NA,NA,NA,NA,NA,NA,NA,20,17,20,NA,NA,NA,NA,NA,NA,42,1,1,NA,NA,NA,NA,NA,NA,NA,NA,"",5,4,1,1,3,NA,45,1,0,0,5,1,"",1,1,NA,NA,1,NA,NA,3,2,0,0,2,3,3,1,4,3,2,3,2,2,2,"",0,NA,NA,NA,1,NA,NA,NA,1,NA,NA,"",4,3,1,4,4,2,2,2,2,2,5,3,1,1003
"5d227f901e99f80018c60e1f",25,25,25,25,25,25,25,25,25,NA,NA,NA,NA,NA,NA,25,25,25,NA,NA,NA,NA,NA,NA,NA,NA,NA,NA,NA,NA,NA,NA,NA,NA,NA,NA,55,2,1,NA,NA,NA,NA,NA,NA,NA,NA,"",3,2,1,0,2,NA,51,1,1,0,5,1,"",NA,NA,NA,NA,1,NA,NA,4,5,0,2,4,3,1,2,5,4,4,0,0,0,0,"",0,NA,NA,1,1,NA,1,NA,NA,NA,NA,"",2,3,1,4,4,2,5,4,2,2,2,3,4,3497
"5c83374a1b699a00111c2e2d",15,15,20,20,25,25,40,35,60,NA,NA,NA,NA,NA,NA,NA,NA,NA,NA,NA,NA,NA,NA,NA,40,40,40,NA,NA,NA,NA,NA,NA,NA,NA,NA,26,1,1,NA,NA,NA,NA,NA,NA,NA,NA,"",5,2,3,1,4,NA,22,1,1,0,3,1,"",1,1,1,NA,NA,1,NA,5,1,1,2,4,4,4,4,4,4,4,3,3,2,2,"",0,1,NA,NA,1,NA,NA,1,1,NA,NA,"",4,4,2,4,3,3,4,4,2,4,5,4,4,1047
"5d17c95fe722560015df9598",20,20,20,25,25,25,30,25,25,NA,NA,NA,25,25,25,NA,NA,NA,NA,NA,NA,NA,NA,NA,NA,NA,NA,NA,NA,NA,NA,NA,NA,NA,NA,NA,30,2,1,NA,NA,NA,NA,NA,NA,NA,NA,"",5,1,1,1,3,NA,30,1,1,0,4,1,"",1,NA,NA,1,NA,NA,NA,2,1,1,0,3,3,3,3,5,4,3,2,3,2,0,"",0,1,NA,NA,1,NA,NA,NA,NA,NA,NA,"",5,1,1,3,3,3,1,1,1,1,5,3,4,267
"5d38b5e1482986001b1a5495",80,80,80,80,80,80,80,80,80,NA,NA,NA,NA,NA,NA,NA,NA,NA,NA,NA,NA,NA,NA,NA,NA,NA,NA,NA,NA,NA,80,80,80,NA,NA,NA,27,2,1,NA,NA,NA,NA,1,NA,NA,NA,"",5,2,1,1,4,NA,33,1,1,0,5,1,"",1,1,1,1,1,1,NA,3,1,0,1,3,3,1,3,5,4,3,2,3,1,0,"",0,1,NA,NA,1,NA,NA,NA,1,NA,NA,"",5,2,2,4,4,2,3,1,1,2,5,5,5,631
"5d8e3a178b0c840017736451",20,12,10,25,13,11,25,15,12,NA,NA,NA,NA,NA,NA,25,20,10,NA,NA,NA,NA,NA,NA,NA,NA,NA,NA,NA,NA,NA,NA,NA,NA,NA,NA,28,2,1,NA,NA,NA,NA,NA,NA,NA,NA,"",3,2,3,0,2,NA,39,0,1,1,4,4,"",1,NA,NA,NA,NA,NA,NA,2,1,0,0,2,5,1,1,5,3,2,3,3,1,0,"",0,1,NA,NA,1,NA,NA,1,1,NA,NA,"",4,2,2,2,3,2,2,1,1,1,2,5,4,368
"5d5355900d82b9001cc5ecc7",15,10,20,20,15,20,30,25,30,NA,NA,NA,NA,NA,NA,NA,NA,NA,NA,NA,NA,NA,NA,NA,NA,NA,NA,NA,NA,NA,NA,NA,NA,20,15,20,27,1,NA,NA,NA,1,NA,NA,NA,NA,NA,"",8,3,3,0,2,NA,21,1,1,0,5,1,"",1,1,1,NA,1,NA,NA,3,2,2,1,3,4,3,2,3,3,3,2,4,1,1,"",0,1,1,NA,1,NA,NA,NA,1,NA,NA,"",4,3,2,3,4,2,2,2,2,2,5,3,5,371
"5d9e24a050e38100150f6346",25,20,20,25,20,20,25,15,18,25,22,22,NA,NA,NA,NA,NA,NA,NA,NA,NA,NA,NA,NA,NA,NA,NA,NA,NA,NA,NA,NA,NA,NA,NA,NA,22,1,1,NA,NA,NA,NA,NA,NA,NA,NA,"",5,3,4,0,3,NA,39,1,1,0,4,1,"",1,NA,NA,NA,1,NA,NA,3,1,1,0,2,4,2,3,5,3,3,2,4,3,0,"",0,1,NA,1,1,NA,NA,1,NA,NA,NA,"",4,4,2,4,5,1,4,4,2,4,4,4,4,376
"55c15a11fdf99b653c66fc44",22,20,18,22,20,18,24,20,20,NA,NA,NA,NA,NA,NA,NA,NA,NA,24,22,20,NA,NA,NA,NA,NA,NA,NA,NA,NA,NA,NA,NA,NA,NA,NA,62,2,1,NA,NA,NA,NA,NA,NA,NA,NA,"",6,2,2,0,1,NA,22,1,1,0,4,1,"",NA,1,NA,NA,1,NA,NA,3,1,1,2,2,3,2,2,4,4,3,2,2,1,0,"",0,1,1,NA,NA,NA,NA,NA,NA,NA,NA,"",3,3,1,3,1,1,1,1,1,1,5,3,5,618
"57dd766bbcd7150001ded5de",25,20,18,22,18,17,21,20,18,22,20,19,NA,NA,NA,NA,NA,NA,NA,NA,NA,NA,NA,NA,NA,NA,NA,NA,NA,NA,NA,NA,NA,NA,NA,NA,51,1,1,NA,NA,NA,NA,NA,NA,NA,NA,"",5,1,4,0,1,NA,39,1,1,0,3,1,"",1,1,NA,1,NA,NA,NA,5,1,1,0,3,3,1,2,5,3,3,3,4,0,2,"",0,1,NA,NA,1,NA,NA,NA,1,NA,NA,"",5,4,3,3,3,1,4,3,2,2,4,3,4,486
"5c23c03889f035000173d7d7",20,20,20,25,25,25,30,25,25,NA,NA,NA,NA,NA,NA,25,25,20,NA,NA,NA,NA,NA,NA,NA,NA,NA,NA,NA,NA,NA,NA,NA,NA,NA,NA,27,2,NA,NA,NA,1,NA,NA,NA,NA,NA,"",5,4,3,0,3,NA,22,1,1,0,4,4,"",1,NA,1,NA,NA,NA,NA,3,3,1,1,4,5,4,2,5,4,3,3,3,2,0,"",0,NA,NA,NA,1,NA,NA,NA,1,NA,NA,"",4,3,1,2,2,1,2,3,2,2,2,4,4,477
"5d72f38bb6fe54000177056d",20,20,18,20,20,18,30,30,25,NA,NA,NA,NA,NA,NA,NA,NA,NA,NA,NA,NA,NA,NA,NA,NA,NA,NA,NA,NA,NA,NA,NA,NA,35,35,30,31,1,1,NA,NA,NA,NA,NA,NA,NA,NA,"",6,3,1,1,3,NA,31,1,0,0,5,1,"",1,NA,NA,NA,NA,NA,NA,3,1,3,0,2,4,4,3,4,4,4,3,3,3,0,"",0,NA,NA,NA,1,NA,NA,NA,NA,NA,NA,"",5,3,4,2,4,3,2,1,2,2,4,5,5,681
"5d5b4f93a90c5600016ef485",25,25,18,28,28,20,28,28,20,NA,NA,NA,NA,NA,NA,NA,NA,NA,NA,NA,NA,25,28,20,NA,NA,NA,NA,NA,NA,NA,NA,NA,NA,NA,NA,26,2,1,NA,NA,NA,NA,NA,NA,NA,NA,"",5,3,3,0,2,NA,33,1,0,0,5,1,"",1,NA,NA,NA,NA,NA,NA,4,2,1,2,4,2,4,2,4,4,3,3,3,1,0,"",0,NA,1,NA,NA,NA,NA,NA,NA,NA,NA,"",4,3,1,5,3,1,3,2,1,1,5,5,5,541
"5cfd7167adab2f0016d1571f",19.99,19.99,19.99,19.99,19.99,19.99,19.99,19.99,19.99,NA,NA,NA,NA,NA,NA,NA,NA,NA,21.99,19.99,19.99,NA,NA,NA,NA,NA,NA,NA,NA,NA,NA,NA,NA,NA,NA,NA,41,1,1,NA,NA,NA,NA,NA,NA,NA,NA,"",3,3,4,0,4,NA,31,1,1,1,5,1,"",1,NA,NA,NA,1,1,NA,3,2,1,0,3,3,3,3,3,3,3,3,1,0,1,"",0,1,NA,NA,NA,NA,NA,NA,NA,NA,NA,"",1,2,2,2,2,3,3,3,2,2,5,5,1,452
"5c828b27d245310001680e58",15,12,8,14,11,8,10,10,10,NA,NA,NA,9,9,10,NA,NA,NA,NA,NA,NA,NA,NA,NA,NA,NA,NA,NA,NA,NA,NA,NA,NA,NA,NA,NA,26,1,1,NA,NA,NA,NA,NA,NA,NA,NA,"",5,2,2,1,2,NA,22,1,1,0,3,1,"",1,NA,NA,NA,NA,NA,NA,4,2,0,1,1,4,3,1,4,4,4,4,3,2,0,"",0,1,NA,NA,1,1,NA,NA,1,NA,NA,"",4,5,3,3,4,2,3,3,2,2,5,4,4,513
"5d6075e9c1cfe8001540ecef",29.99,23.99,18.99,34.99,30.99,28.99,40.99,37.99,35.99,NA,NA,NA,NA,NA,NA,NA,NA,NA,NA,NA,NA,NA,NA,NA,42.99,45.99,41.99,NA,NA,NA,NA,NA,NA,NA,NA,NA,0,1,1,NA,NA,NA,NA,NA,NA,NA,NA,"",5,1,4,0,4,NA,22,0,1,0,5,1,"",1,1,1,NA,NA,NA,NA,3,2,0,0,4,2,2,3,5,5,4,3,3,2,0,"",0,NA,NA,1,1,NA,NA,NA,NA,NA,NA,"",2,4,3,5,5,5,4,2,1,1,5,5,5,697
"5c883dd30ae44f000139ac93",45,30,20,50,35,25,50,40,30,NA,NA,NA,NA,NA,NA,NA,NA,NA,50,40,30,NA,NA,NA,NA,NA,NA,NA,NA,NA,NA,NA,NA,NA,NA,NA,24,2,1,NA,NA,1,NA,NA,NA,NA,NA,"",6,2,4,0,1,NA,33,1,1,0,4,1,"",1,1,1,NA,NA,NA,NA,3,1,0,1,2,2,1,1,5,4,1,3,4,2,0,"",0,1,NA,NA,1,NA,NA,NA,NA,NA,NA,"",4,2,3,3,2,2,4,4,1,2,5,3,4,485
"5d8a8aa15a183d0018b0b196",1,1,10,1.2,5.2,7.5,1.25,2.2,2.45,NA,NA,NA,NA,NA,NA,NA,NA,NA,NA,NA,NA,NA,NA,NA,NA,NA,NA,1.25,2.2,3,NA,NA,NA,NA,NA,NA,29,1,1,NA,NA,NA,NA,NA,NA,NA,NA,"",5,2,3,0,1,NA,33,1,0,0,3,3,"",NA,1,NA,NA,NA,NA,NA,2,2,2,2,2,2,3,4,3,4,2,1,2,1,0,"",0,1,NA,NA,NA,NA,NA,NA,NA,NA,NA,"",2,3,4,3,3,2,3,2,2,3,3,4,1,688
"5cd174f12ce2410012540c94",20,20,20,25,25,25,30,30,30,NA,NA,NA,30,30,30,NA,NA,NA,NA,NA,NA,NA,NA,NA,NA,NA,NA,NA,NA,NA,NA,NA,NA,NA,NA,NA,28,2,1,NA,NA,NA,NA,NA,NA,NA,NA,"",3,2,4,0,2,NA,31,1,1,1,5,1,"",1,1,1,NA,1,NA,NA,3,1,1,1,2,1,1,1,3,3,3,3,4,2,1,"",0,1,NA,NA,1,NA,NA,NA,1,NA,NA,"",4,1,1,2,3,1,1,1,2,1,5,5,5,359
"5d9b654a4ce5d302eb848122",20,20,15,20,20,15,20,20,15,NA,NA,NA,NA,NA,NA,NA,NA,NA,NA,NA,NA,15,20,15,NA,NA,NA,NA,NA,NA,NA,NA,NA,NA,NA,NA,38,2,1,NA,NA,NA,NA,NA,NA,NA,NA,"",5,2,1,1,4,NA,31,1,1,0,4,1,"",1,1,1,NA,1,NA,NA,2,2,0,1,2,4,3,1,5,4,1,3,3,1,0,"",0,1,NA,NA,NA,NA,NA,NA,NA,NA,NA,"",4,4,1,3,3,1,4,4,1,1,4,3,4,393
"5d21dd64851927001e3a5032",60,20,40,60,20,40,40,20,50,NA,NA,NA,NA,NA,NA,NA,NA,NA,NA,NA,NA,NA,NA,NA,NA,NA,NA,NA,NA,NA,40,20,50,NA,NA,NA,27,2,1,NA,NA,NA,NA,NA,NA,NA,NA,"",3,1,4,0,2,NA,39,0,1,0,2,1,"",NA,1,NA,1,1,1,NA,3,3,3,2,4,2,2,4,4,4,2,3,3,2,0,"",0,1,NA,NA,1,NA,NA,NA,NA,1,NA,"Wine tastings",4,2,3,1,1,2,1,1,1,3,3,5,5,866
"5d96147afa86b600130d98eb",90,90,50,90,90,50,90,90,90,NA,NA,NA,NA,NA,NA,NA,NA,NA,NA,NA,NA,NA,NA,NA,NA,NA,NA,90,80,80,NA,NA,NA,NA,NA,NA,22,1,NA,NA,NA,1,NA,NA,NA,NA,NA,"",5,3,3,0,2,NA,31,0,0,0,4,4,"",NA,1,NA,NA,NA,1,NA,3,2,0,0,4,3,1,1,4,3,2,3,3,1,0,"",0,NA,NA,NA,1,NA,NA,NA,NA,NA,NA,"",4,2,2,3,3,1,2,2,2,2,5,5,5,341
"55cfefc334e9060012e573c0",20,18,15,25,20,20,20,19,19,NA,NA,NA,NA,NA,NA,NA,NA,NA,NA,NA,NA,NA,NA,NA,NA,NA,NA,NA,NA,NA,NA,NA,NA,21,21,21,65,1,1,NA,NA,NA,NA,NA,NA,NA,NA,"",6,3,1,0,3,NA,22,0,0,0,5,1,"",1,1,1,NA,1,NA,NA,5,3,1,2,3,5,3,3,5,4,4,2,2,1,0,"",0,1,NA,NA,1,NA,NA,NA,NA,1,NA,"tried at restaurant",3,2,3,4,4,3,4,2,2,1,2,3,1,776
"5cbde499f015c800186299f2",20,15,15,22,15,15,10,5,20,18,18,18,NA,NA,NA,NA,NA,NA,NA,NA,NA,NA,NA,NA,NA,NA,NA,NA,NA,NA,NA,NA,NA,NA,NA,NA,49,2,1,NA,NA,NA,NA,NA,NA,NA,NA,"",6,-1,1,1,4,NA,31,1,0,0,3,4,"",NA,1,NA,NA,1,NA,NA,2,1,1,1,3,4,1,4,5,2,3,4,3,1,0,"",0,NA,1,NA,1,NA,NA,NA,NA,NA,NA,"",4,4,3,4,4,1,2,1,1,2,2,3,4,595
"5a97668bdbdb470001eec921",15,15,15,18,18,19,15,11,19,NA,NA,NA,NA,NA,NA,NA,NA,NA,NA,NA,NA,NA,NA,NA,NA,NA,NA,NA,NA,NA,15,10,19,NA,NA,NA,46,2,1,NA,NA,NA,NA,NA,NA,NA,NA,"",4,2,3,0,2,NA,31,1,1,0,5,1,"",NA,1,NA,NA,NA,1,NA,3,1,1,2,2,3,1,5,5,3,3,3,3,2,0,"",0,1,NA,NA,1,NA,NA,NA,1,NA,NA,"",3,3,1,3,3,2,4,4,1,3,2,3,3,626
"5d8ccb09948e9600174140e7",50,45,22,60,55,30,55,55,25,NA,NA,NA,NA,NA,NA,55,55,20,NA,NA,NA,NA,NA,NA,NA,NA,NA,NA,NA,NA,NA,NA,NA,NA,NA,NA,32,1,1,NA,NA,NA,NA,NA,NA,NA,NA,"",4,2,4,1,3,NA,39,1,0,0,3,4,"",1,NA,NA,1,NA,NA,NA,2,3,3,2,5,3,4,5,5,4,3,0,0,1,1,"",0,1,NA,NA,NA,1,NA,NA,NA,NA,NA,"",3,4,3,4,4,4,4,3,4,4,1,5,3,493
"5d12ef3ea271e4001a7436cc",30,20,10,30,20,10,25,25,10,NA,NA,NA,NA,NA,NA,NA,NA,NA,NA,NA,NA,NA,NA,NA,NA,NA,NA,NA,NA,NA,25,25,15,NA,NA,NA,23,1,NA,NA,NA,1,NA,NA,NA,NA,NA,"",5,3,4,0,3,NA,33,0,1,0,4,1,"",1,1,NA,NA,1,NA,NA,3,2,1,0,3,3,2,2,4,4,2,4,4,2,0,"",0,1,NA,NA,1,NA,NA,NA,1,NA,NA,"",4,4,2,3,3,2,3,3,2,1,1,3,4,928
"5ba292385301b80001c71ba2",50,50,40,80,80,70,60,60,50,NA,NA,NA,NA,NA,NA,NA,NA,NA,NA,NA,NA,NA,NA,NA,60,80,40,NA,NA,NA,NA,NA,NA,NA,NA,NA,46,1,1,NA,NA,NA,NA,NA,NA,NA,NA,"",6,4,4,0,1,NA,39,1,1,0,5,1,"",1,1,1,1,1,1,NA,6,6,4,3,5,5,4,5,5,5,5,3,4,2,3,"",1,NA,NA,NA,1,1,1,1,1,NA,NA,"",3,5,4,5,5,4,5,5,4,5,1,3,4,632
"5cf9692566ad600001bb741d",18,15,10,20,13,8,25,18,12,NA,NA,NA,NA,NA,NA,NA,NA,NA,NA,NA,NA,18,15,12,NA,NA,NA,NA,NA,NA,NA,NA,NA,NA,NA,NA,27,2,NA,NA,NA,1,NA,NA,NA,NA,NA,"",5,2,3,0,2,NA,11,1,1,0,4,2,"",1,1,NA,1,1,1,NA,3,2,2,2,2,5,1,3,4,3,4,2,1,1,1,"",0,1,1,NA,1,NA,NA,1,1,NA,NA,"",3,3,2,2,4,3,4,4,2,2,4,5,1,459
"5c05f92fd30e3200016e1f52",15,12,10,20,18,15,25,15,13,NA,NA,NA,NA,NA,NA,NA,NA,NA,25,15,12,NA,NA,NA,NA,NA,NA,NA,NA,NA,NA,NA,NA,NA,NA,NA,36,1,1,NA,NA,NA,NA,1,NA,NA,NA,"",5,4,1,0,2,NA,31,1,1,0,4,1,"",1,1,NA,1,1,NA,NA,5,3,1,0,3,3,1,1,5,4,3,2,3,2,0,"",0,1,NA,1,1,NA,NA,1,1,NA,NA,"",5,3,2,3,3,2,3,2,2,2,2,3,3,681
"5d439cb393066e001a5a4d26",25,20,20,25,20,20,12,10,10,NA,NA,NA,NA,NA,NA,NA,NA,NA,NA,NA,NA,NA,NA,NA,10,12,10,NA,NA,NA,NA,NA,NA,NA,NA,NA,27,1,1,NA,NA,NA,NA,NA,NA,NA,NA,"",5,3,3,0,2,NA,39,1,1,0,5,1,"",1,1,NA,NA,1,NA,NA,5,3,1,0,2,4,3,2,4,3,3,3,3,2,0,"",0,1,NA,NA,1,NA,NA,NA,NA,NA,NA,"",3,3,1,3,3,2,3,3,1,1,3,3,5,1146
"5c72f069cf5c4b000197cc30",40,40,40,40,40,40,40,40,40,NA,NA,NA,NA,NA,NA,NA,NA,NA,NA,NA,NA,NA,NA,NA,NA,NA,NA,40,40,40,NA,NA,NA,NA,NA,NA,34,2,1,NA,NA,NA,NA,NA,NA,NA,NA,"",6,2,1,0,2,NA,47,0,1,0,4,1,"",NA,1,1,NA,1,1,NA,2,2,0,1,3,2,1,1,4,4,4,3,3,1,0,"",0,NA,NA,NA,1,NA,NA,NA,NA,NA,NA,"",5,2,2,3,4,3,2,2,2,1,5,4,5,240
"5b9845dfae52a00001482c02",34.97,22.99,16.99,29.99,20.99,14.99,35,21.99,18.89,NA,NA,NA,37.99,27.99,25.99,NA,NA,NA,NA,NA,NA,NA,NA,NA,NA,NA,NA,NA,NA,NA,NA,NA,NA,NA,NA,NA,33,1,1,NA,NA,NA,NA,NA,NA,NA,NA,"",5,2,1,0,2,NA,39,1,1,0,4,1,"",1,1,NA,NA,NA,1,NA,4,3,2,1,5,5,3,4,5,4,3,3,2,3,2,"",1,1,1,NA,1,1,1,1,NA,NA,NA,"",3,5,4,4,5,4,3,3,2,3,2,5,3,814
"5cf2e52930eedd00016bbebd",75,75,50,75,75,50,75,75,50,75,75,50,NA,NA,NA,NA,NA,NA,NA,NA,NA,NA,NA,NA,NA,NA,NA,NA,NA,NA,NA,NA,NA,NA,NA,NA,30,1,NA,NA,NA,NA,NA,1,NA,NA,NA,"",5,2,4,0,3,NA,33,1,0,1,5,1,"",1,NA,1,NA,NA,NA,NA,3,1,0,0,5,2,2,2,2,2,2,1,4,2,0,"",0,1,NA,NA,NA,NA,NA,NA,1,NA,NA,"",5,3,1,4,5,2,2,1,1,1,5,5,5,754
"5d939684f453df0018340676",30,25,22,30,25,22,27,25,25,NA,NA,NA,NA,NA,NA,NA,NA,NA,NA,NA,NA,NA,NA,NA,NA,NA,NA,NA,NA,NA,NA,NA,NA,27,25,24,33,1,1,NA,NA,NA,NA,NA,NA,NA,NA,"",5,2,3,0,2,NA,7,1,1,0,4,2,"",1,1,NA,NA,NA,NA,NA,3,2,1,2,4,4,3,3,4,4,3,2,3,2,1,"",0,1,NA,NA,1,NA,1,NA,NA,NA,NA,"",4,3,3,4,4,3,4,3,2,4,4,4,3,900
"5a84f454ae9a0b0001a9e4e5",25,20,17,25,20,17,25,16,20,25,16,20,NA,NA,NA,NA,NA,NA,NA,NA,NA,NA,NA,NA,NA,NA,NA,NA,NA,NA,NA,NA,NA,NA,NA,NA,43,1,1,NA,NA,NA,NA,NA,NA,NA,NA,"",5,3,4,0,4,NA,20,1,1,0,4,4,"",1,1,1,NA,NA,1,NA,3,1,1,0,2,4,2,1,5,4,4,2,2,1,0,"",0,1,NA,NA,1,NA,NA,NA,1,NA,NA,"",3,3,3,2,3,1,2,1,1,1,5,3,4,907
"5d30b9da5446e30015867f65",95,75,75,95,80,80,95,85,85,NA,NA,NA,NA,NA,NA,95,80,55,NA,NA,NA,NA,NA,NA,NA,NA,NA,NA,NA,NA,NA,NA,NA,NA,NA,NA,70,2,1,NA,NA,NA,NA,NA,NA,NA,NA,"",3,2,1,0,3,NA,33,1,1,0,4,1,"",1,1,NA,1,NA,1,NA,3,3,1,0,6,4,4,3,5,4,3,3,3,2,1,"",0,1,NA,NA,NA,NA,NA,1,NA,NA,NA,"",2,4,4,5,4,4,5,4,4,4,4,3,3,1290
"58cc6e1293dac30001d4abc6",15,12,10,30,27,24,40,36,32,NA,NA,NA,NA,NA,NA,NA,NA,NA,40,32,32,NA,NA,NA,NA,NA,NA,NA,NA,NA,NA,NA,NA,NA,NA,NA,49,1,NA,1,NA,NA,NA,NA,NA,NA,NA,"",5,2,1,1,5,NA,31,1,1,0,3,1,"",1,1,1,NA,1,NA,NA,5,3,3,2,4,3,1,3,5,3,4,2,4,3,0,"",0,1,NA,NA,1,NA,1,NA,NA,NA,NA,"",4,3,1,3,4,3,2,2,1,1,5,3,3,1330
"5da4d10940d1c50015ded400",20,20,20,20,20,20,20,15,15,NA,NA,NA,NA,NA,NA,20,15,10,NA,NA,NA,NA,NA,NA,NA,NA,NA,NA,NA,NA,NA,NA,NA,NA,NA,NA,26,2,1,NA,NA,NA,NA,NA,NA,NA,NA,"",5,2,4,0,3,NA,39,0,1,0,5,1,"",1,1,1,1,1,1,NA,5,2,1,1,2,1,1,3,5,5,3,4,4,1,1,"",0,1,NA,NA,NA,NA,NA,NA,NA,NA,NA,"",5,2,1,1,3,1,4,3,2,2,1,5,5,451
"5c22f28d70d93a0001201738",35,25,25,35,25,25,35,25,25,NA,NA,NA,NA,NA,NA,NA,NA,NA,NA,NA,NA,30,30,30,NA,NA,NA,NA,NA,NA,NA,NA,NA,NA,NA,NA,54,1,1,NA,NA,NA,NA,NA,NA,NA,NA,"",5,3,1,0,2,NA,39,1,1,0,4,1,"",1,NA,NA,NA,1,NA,NA,2,2,0,0,4,4,1,1,5,3,3,2,2,2,0,"",0,1,NA,1,1,NA,NA,NA,1,NA,NA,"",5,4,3,4,3,2,3,2,1,2,2,5,4,690
"56ee016b65ca4d000cc39d28",30,30,20,20,20,15,25,25,25,NA,NA,NA,NA,NA,NA,NA,NA,NA,NA,NA,NA,NA,NA,NA,NA,NA,NA,30,20,25,NA,NA,NA,NA,NA,NA,51,2,NA,NA,NA,NA,NA,NA,NA,1,NA,"multiracial",5,3,3,0,2,NA,33,1,1,0,4,1,"",1,1,1,NA,NA,NA,NA,3,1,1,1,3,5,3,3,5,4,3,2,4,0,0,"",0,1,NA,NA,NA,1,1,1,NA,NA,NA,"",4,4,4,5,4,3,4,4,2,2,2,3,4,1838
"5bd93137e4d5b00001a9f76d",100,100,35,100,100,60,100,100,50,NA,NA,NA,NA,NA,NA,NA,NA,NA,NA,NA,NA,NA,NA,NA,100,80,50,NA,NA,NA,NA,NA,NA,NA,NA,NA,30,2,NA,1,NA,NA,NA,NA,NA,NA,NA,"",4,2,4,1,2,NA,-1,1,1,0,3,2,"",1,1,1,1,1,NA,NA,3,1,1,0,5,1,1,2,4,4,3,4,4,3,0,"",1,NA,1,NA,NA,NA,NA,NA,NA,NA,NA,"",4,3,3,3,2,1,2,1,1,1,5,5,3,1167
"5cd8c94c99e9d00001465e35",40,25,15,30,20,10,36,25,18,NA,NA,NA,23,16,17,NA,NA,NA,NA,NA,NA,NA,NA,NA,NA,NA,NA,NA,NA,NA,NA,NA,NA,NA,NA,NA,49,1,1,NA,NA,NA,NA,NA,NA,NA,NA,"",5,2,2,0,1,NA,20,1,1,0,3,1,"",1,1,NA,NA,1,NA,NA,3,1,1,1,3,5,3,4,5,3,3,3,3,2,2,"",1,1,NA,NA,NA,1,1,1,1,NA,NA,"",3,4,3,5,2,2,3,3,4,3,2,3,3,590
"5cadf2fa7e99a900171c4705",15,15,12,15,15,12,15,15,12,NA,NA,NA,NA,NA,NA,NA,NA,NA,15,13,13,NA,NA,NA,NA,NA,NA,NA,NA,NA,NA,NA,NA,NA,NA,NA,40,2,1,NA,NA,NA,NA,NA,NA,NA,NA,"",5,4,1,1,3,NA,7,1,1,0,4,4,"",NA,1,1,1,1,1,NA,1,1,1,1,2,3,2,5,4,4,4,3,4,1,0,"",0,1,NA,NA,1,NA,NA,NA,NA,NA,NA,"",4,2,1,3,3,3,3,2,1,2,4,2,4,482
"5d1cee5dfb47df000193096a",25,20,16,27,22,18,22,22,20,NA,NA,NA,NA,NA,NA,NA,NA,NA,NA,NA,NA,NA,NA,NA,NA,NA,NA,NA,NA,NA,NA,NA,NA,20,20,16,28,1,1,NA,NA,NA,NA,NA,NA,NA,NA,"",5,3,1,0,2,NA,39,1,1,0,4,1,"",1,1,1,NA,1,NA,NA,4,3,1,2,3,4,4,3,4,4,2,3,3,1,1,"",0,1,NA,NA,1,1,NA,NA,1,NA,NA,"",3,4,2,3,3,2,4,3,3,3,5,3,5,497
"5b1edbdc5e45c000012a9c57",30,30,24,30,30,25,20,30,25,NA,NA,NA,NA,NA,NA,NA,NA,NA,NA,NA,NA,NA,NA,NA,NA,NA,NA,NA,NA,NA,20,30,25,NA,NA,NA,30,2,NA,NA,NA,NA,1,NA,NA,NA,NA,"",4,2,3,1,4,NA,30,1,1,0,3,1,"",1,1,1,1,1,1,NA,3,2,1,2,3,4,4,4,3,4,3,4,4,2,2,"",1,1,NA,1,NA,1,1,NA,1,NA,NA,"",3,4,3,3,3,1,4,2,1,2,5,4,4,956
"59bce3080ac77f0001f056de",50,25,20,45,30,25,45,30,25,40,30,25,NA,NA,NA,NA,NA,NA,NA,NA,NA,NA,NA,NA,NA,NA,NA,NA,NA,NA,NA,NA,NA,NA,NA,NA,34,1,1,NA,NA,NA,NA,NA,NA,NA,NA,"",5,4,1,1,5,NA,33,1,1,0,5,1,"",1,1,1,NA,1,NA,NA,5,4,1,2,4,5,1,1,5,4,4,3,3,2,2,"",1,1,NA,NA,1,1,1,1,1,NA,NA,"",3,4,2,4,3,3,3,3,1,1,5,3,3,409
"5d5f07cdca10e90016bc0103",25,12,5,25,12,5,25,12,10,NA,NA,NA,NA,NA,NA,NA,NA,NA,NA,NA,NA,NA,NA,NA,NA,NA,NA,NA,NA,NA,25,12,10,NA,NA,NA,32,1,1,NA,NA,NA,NA,NA,NA,NA,NA,"",6,3,1,0,2,NA,33,1,1,0,4,1,"",1,NA,1,NA,1,NA,NA,3,1,0,1,3,5,5,1,5,3,2,2,3,2,0,"",0,NA,NA,NA,NA,1,1,NA,NA,NA,NA,"",5,3,2,3,2,1,2,4,1,1,2,3,3,452
"5bfaed16e2562a0001ce0ff4",18.99,18.12,19.99,60.23,55.23,65.6,15.76,18.99,20,NA,NA,NA,NA,NA,NA,NA,NA,NA,NA,NA,NA,43.99,45.45,50.45,NA,NA,NA,NA,NA,NA,NA,NA,NA,NA,NA,NA,41,1,1,NA,NA,NA,NA,NA,NA,NA,NA,"",6,5,1,1,3,NA,21,1,1,-1,4,4,"",NA,NA,1,NA,NA,NA,NA,2,2,2,3,6,3,3,4,3,4,4,2,4,2,2,"",1,1,NA,1,NA,1,NA,NA,NA,NA,NA,"",4,4,5,4,4,4,4,5,4,4,2,5,2,1075
"5c670a430d80fd00014264f9",15.99,13.99,11.99,15.99,13.99,11.99,15.99,14.99,13.99,NA,NA,NA,NA,NA,NA,15.99,14.99,13.49,NA,NA,NA,NA,NA,NA,NA,NA,NA,NA,NA,NA,NA,NA,NA,NA,NA,NA,34,1,NA,NA,NA,1,NA,NA,NA,NA,NA,"",5,3,1,1,4,NA,33,1,1,0,3,1,"",1,1,1,NA,1,NA,NA,4,2,2,1,3,4,4,4,4,3,3,3,3,2,2,"",0,NA,NA,NA,NA,1,NA,NA,1,NA,NA,"",2,5,2,4,4,2,4,4,3,2,3,3,3,567
"5b739512924a8800013e84b7",20,20,12,20,20,15,20,22,15,NA,NA,NA,NA,NA,NA,NA,NA,NA,NA,NA,NA,NA,NA,NA,20,25,18,NA,NA,NA,NA,NA,NA,NA,NA,NA,33,1,1,NA,NA,NA,NA,NA,NA,NA,NA,"",5,4,3,0,2,NA,22,1,1,0,5,2,"",1,1,NA,NA,1,NA,NA,3,1,1,3,2,5,3,2,4,4,2,3,3,2,2,"",0,1,1,NA,1,1,NA,NA,1,NA,NA,"",3,3,1,4,4,2,4,3,1,1,2,3,4,362
"599b15bcd0bcd10001dd92d8",20,20,20,20,20,20,10,20,20,NA,NA,NA,NA,NA,NA,NA,NA,NA,NA,NA,NA,NA,NA,NA,NA,NA,NA,NA,NA,NA,NA,NA,NA,10,20,20,30,1,1,NA,NA,NA,NA,NA,NA,NA,NA,"",4,1,3,0,3,NA,33,1,0,0,4,1,"",NA,1,NA,NA,NA,NA,NA,3,1,1,0,2,3,1,3,3,3,3,2,2,2,0,"",0,1,NA,NA,1,NA,NA,NA,NA,1,NA,"browsing a store",5,1,1,3,3,3,2,2,1,1,4,3,4,268
"59d44f0a078dbe00019511a9",20,20,15,20,20,15,20,20,15,NA,NA,NA,20,20,25,NA,NA,NA,NA,NA,NA,NA,NA,NA,NA,NA,NA,NA,NA,NA,NA,NA,NA,NA,NA,NA,32,1,1,NA,NA,NA,NA,NA,NA,NA,NA,"",8,5,3,0,2,NA,33,1,1,0,4,1,"",1,1,1,NA,1,NA,NA,4,3,2,2,4,5,4,4,5,4,3,2,2,0,0,"",0,1,NA,NA,1,NA,1,NA,NA,NA,NA,"",3,4,4,3,3,1,4,4,2,2,2,3,3,383
"5c27f73a47ec3c00012d6437",25,20,12,25,20,12,25,20,16,NA,NA,NA,NA,NA,NA,NA,NA,NA,NA,NA,NA,NA,NA,NA,NA,NA,NA,30,24,22,NA,NA,NA,NA,NA,NA,51,2,1,NA,NA,NA,NA,NA,NA,NA,NA,"",3,3,2,0,1,NA,33,1,1,0,4,1,"",NA,1,NA,NA,NA,NA,NA,5,3,1,2,3,5,3,3,5,4,3,2,3,1,0,"",0,1,1,NA,1,1,1,NA,NA,NA,NA,"",3,4,4,4,5,3,4,5,2,3,1,3,3,563
"5730db34dd6617000fdaaf47",60,30,35,60,40,40,60,45,45,NA,NA,NA,NA,NA,NA,NA,NA,NA,NA,NA,NA,NA,NA,NA,NA,NA,NA,NA,NA,NA,NA,NA,NA,45,45,45,27,2,1,NA,NA,NA,NA,NA,NA,NA,NA,"",6,4,3,0,3,NA,33,0,0,0,5,2,"",1,1,1,NA,1,NA,NA,4,2,1,2,4,3,2,2,5,3,3,3,4,1,1,"",0,1,1,NA,NA,NA,NA,NA,NA,NA,NA,"",4,2,1,2,2,1,3,3,1,1,2,3,4,692
"5be333a6cae79800017b3cb7",20,10,15,20,10,15,20,10,15,NA,NA,NA,NA,NA,NA,NA,NA,NA,NA,NA,NA,10,15,15,NA,NA,NA,NA,NA,NA,NA,NA,NA,NA,NA,NA,39,1,1,NA,NA,NA,NA,NA,NA,NA,NA,"",5,4,1,1,4,NA,33,1,1,0,4,4,"",1,1,1,NA,1,NA,NA,2,2,1,1,3,4,1,3,5,3,4,3,3,1,0,"",0,NA,1,NA,1,NA,NA,NA,1,NA,NA,"",5,4,3,4,4,2,2,1,1,1,5,5,5,550
"58911e3417b2000001146c7d",25,18,9,25,18,11,25,22,11,25,18,11,NA,NA,NA,NA,NA,NA,NA,NA,NA,NA,NA,NA,NA,NA,NA,NA,NA,NA,NA,NA,NA,NA,NA,NA,31,1,1,NA,NA,NA,NA,1,NA,NA,NA,"",5,2,1,0,2,NA,7,1,1,0,3,1,"",1,NA,1,1,NA,1,NA,3,1,2,1,2,4,3,5,3,3,2,2,2,0,0,"",0,1,1,1,1,NA,NA,NA,NA,NA,NA,"",4,2,1,2,1,1,2,2,4,2,5,3,4,471
"5d682e2d0323bb00186af6db",40,40,30,60,50,50,70,80,75,NA,NA,NA,80,80,80,NA,NA,NA,NA,NA,NA,NA,NA,NA,NA,NA,NA,NA,NA,NA,NA,NA,NA,NA,NA,NA,33,2,1,NA,NA,NA,NA,NA,NA,NA,NA,"",3,1,3,1,3,NA,31,1,1,0,3,1,"",1,1,NA,NA,NA,NA,NA,6,1,2,0,2,3,3,3,5,3,3,2,2,2,0,"",0,NA,NA,NA,NA,NA,NA,1,1,NA,NA,"",1,1,1,3,3,2,3,2,3,1,5,4,1,357
"5d7e17ec3338120018abafed",75,50,35,75,45,35,50,45,35,NA,NA,NA,NA,NA,NA,50,45,35,NA,NA,NA,NA,NA,NA,NA,NA,NA,NA,NA,NA,NA,NA,NA,NA,NA,NA,52,1,1,NA,NA,NA,NA,NA,NA,NA,NA,"",5,2,2,1,3,NA,39,1,1,0,5,4,"",1,NA,1,1,1,1,NA,4,1,1,1,5,4,1,1,5,4,4,2,3,0,0,"",0,1,1,NA,1,NA,NA,NA,NA,NA,NA,"",4,3,3,4,3,2,3,3,2,2,2,3,3,884
"5d9d5ed27be0100013811fe8",20,20,20,20,20,20,20,15,20,NA,NA,NA,NA,NA,NA,NA,NA,NA,20,15,20,NA,NA,NA,NA,NA,NA,NA,NA,NA,NA,NA,NA,NA,NA,NA,28,1,1,NA,NA,NA,NA,NA,NA,NA,NA,"",3,2,3,0,2,NA,33,1,1,0,5,1,"",1,1,1,1,1,1,NA,5,3,1,0,2,4,4,1,5,5,5,3,4,2,0,"",0,NA,NA,NA,1,NA,NA,NA,NA,NA,NA,"",5,3,2,3,4,1,4,5,2,1,4,4,3,939
"5cb9c7174ab38b001777ab73",10,10,10,10,10,10,10,10,10,NA,NA,NA,NA,NA,NA,NA,NA,NA,NA,NA,NA,NA,NA,NA,NA,NA,NA,10,10,10,NA,NA,NA,NA,NA,NA,62,2,1,NA,NA,NA,NA,NA,NA,NA,NA,"",5,3,1,0,2,NA,39,0,1,0,3,1,"",1,1,NA,NA,NA,NA,NA,6,0,1,0,1,2,2,2,3,3,3,2,2,1,1,"",0,NA,NA,NA,NA,NA,NA,NA,NA,1,NA,"coupons",4,2,2,2,1,1,2,2,3,3,5,5,5,590
"58add4364d580c0001e0bf38",14,16,13,16,17,15,16,16,16.5,NA,NA,NA,NA,NA,NA,NA,NA,NA,NA,NA,NA,NA,NA,NA,16,17,15,NA,NA,NA,NA,NA,NA,NA,NA,NA,29,1,1,NA,NA,NA,NA,NA,NA,NA,NA,"",6,3,3,0,2,NA,22,1,1,0,4,1,"",1,NA,NA,NA,1,NA,NA,3,2,1,1,2,3,3,3,4,4,3,3,3,2,0,"",0,1,1,NA,NA,NA,1,NA,NA,NA,NA,"",3,3,2,3,2,1,2,3,1,2,2,3,4,488
"5ceab89c0fd1060001f9cca8",99,50,60,99,50,60,50,30,30,NA,NA,NA,NA,NA,NA,NA,NA,NA,NA,NA,NA,NA,NA,NA,NA,NA,NA,NA,NA,NA,NA,NA,NA,35,20,20,49,1,NA,NA,NA,1,NA,NA,NA,NA,NA,"",6,5,1,1,5,NA,33,1,1,0,5,1,"",1,1,1,1,1,1,NA,5,4,3,3,4,4,5,4,5,4,4,4,4,3,1,"",0,1,1,NA,1,1,1,NA,1,NA,NA,"",4,4,4,4,3,3,4,3,2,3,2,3,4,401
"5c5c8fb3329ee200010831c4",30.99,15,12.99,30.99,15,12.99,12.99,12.99,12.99,NA,NA,NA,NA,NA,NA,NA,NA,NA,NA,NA,NA,NA,NA,NA,NA,NA,NA,NA,NA,NA,12.99,12.99,12.99,NA,NA,NA,31,2,1,NA,NA,NA,NA,NA,NA,NA,NA,"",5,2,3,0,4,NA,33,0,0,0,5,1,"",1,1,1,NA,1,NA,NA,5,3,1,1,3,3,2,3,4,3,2,4,4,2,1,"",0,1,1,NA,NA,NA,NA,NA,1,NA,NA,"",4,2,2,3,3,2,1,1,1,2,5,4,4,913
"5716248ecd6ea20012daf2c1",7,10,12,7,10,12,10,12,14,NA,NA,NA,NA,NA,NA,NA,NA,NA,NA,NA,NA,NA,NA,NA,7,10,12,NA,NA,NA,NA,NA,NA,NA,NA,NA,50,2,1,NA,NA,NA,NA,NA,NA,NA,NA,"",5,3,1,1,5,NA,10,1,1,0,5,4,"",1,1,NA,1,1,NA,NA,5,4,1,2,2,3,3,3,4,4,4,3,3,2,2,"",0,1,NA,1,1,NA,NA,1,1,NA,NA,"",4,3,3,4,4,3,2,2,1,1,2,4,4,1424
"58effc65c31d4d00015aa5b9",15,12,12,15,12,12,15,15,12,NA,NA,NA,NA,NA,NA,NA,NA,NA,NA,NA,NA,15,17,15,NA,NA,NA,NA,NA,NA,NA,NA,NA,NA,NA,NA,45,2,1,NA,NA,NA,NA,NA,NA,NA,NA,"",5,2,1,0,4,NA,39,1,1,0,4,1,"",1,1,NA,NA,NA,NA,NA,3,1,0,0,2,3,1,1,4,4,3,2,2,1,0,"",0,NA,NA,NA,1,NA,NA,NA,NA,NA,NA,"",4,2,2,2,2,1,4,2,2,2,5,5,4,1607
"5c91252ba35c7d0001b26626",25,25,25,30,30,30,30,30,30,NA,NA,NA,NA,NA,NA,NA,NA,NA,35,30,30,NA,NA,NA,NA,NA,NA,NA,NA,NA,NA,NA,NA,NA,NA,NA,57,2,1,NA,NA,NA,NA,NA,NA,NA,NA,"",5,3,1,0,3,NA,33,1,0,0,5,1,"",1,1,1,NA,1,1,NA,5,1,3,1,2,2,2,2,5,4,4,2,3,1,1,"",0,1,NA,NA,1,NA,NA,NA,NA,NA,NA,"",3,3,3,3,3,3,2,1,2,1,5,3,4,554
"5d65d56a11643b00197a0e94",15,15,15,20,20,20,17,17,20,NA,NA,NA,17,17,20,NA,NA,NA,NA,NA,NA,NA,NA,NA,NA,NA,NA,NA,NA,NA,NA,NA,NA,NA,NA,NA,28,2,1,NA,NA,NA,NA,NA,NA,NA,NA,"",5,2,1,1,4,NA,39,1,1,0,2,1,"",NA,1,NA,1,1,1,NA,4,2,0,1,1,1,1,1,5,4,4,2,3,1,0,"",0,1,NA,NA,1,NA,NA,NA,NA,NA,NA,"",4,1,1,1,1,1,1,1,1,1,5,5,5,462
"573dacc5b3a71f00146e7d88",16.99,14,12.99,13,12,10,15,12,11,NA,NA,NA,NA,NA,NA,NA,NA,NA,NA,NA,NA,NA,NA,NA,NA,NA,NA,NA,NA,NA,15,13,12,NA,NA,NA,36,2,NA,1,NA,NA,NA,NA,NA,NA,NA,"",5,3,3,1,5,NA,33,1,1,1,4,1,"",1,NA,NA,1,NA,1,NA,3,1,0,0,3,1,1,1,3,3,2,3,4,0,1,"",0,1,NA,NA,NA,NA,NA,NA,1,NA,NA,"",4,4,1,1,5,1,1,1,1,1,1,4,5,622
"5588b04ffdf99b7a91e75ddb",50,40,25,50,50,35,45,45,45,45,45,45,NA,NA,NA,NA,NA,NA,NA,NA,NA,NA,NA,NA,NA,NA,NA,NA,NA,NA,NA,NA,NA,NA,NA,NA,52,1,1,NA,NA,NA,NA,NA,NA,NA,NA,"",3,2,4,0,1,NA,31,1,1,0,5,1,"",1,NA,NA,NA,NA,NA,NA,5,3,1,2,4,4,3,2,5,4,3,3,4,2,0,"",0,1,NA,1,1,NA,1,NA,1,NA,NA,"",4,4,3,5,5,4,4,3,2,2,4,4,1,578
"5d9950b4d6233a0016fc735a",50,50,30,50,50,30,50,30,30,NA,NA,NA,NA,NA,NA,NA,NA,NA,NA,NA,NA,NA,NA,NA,NA,NA,NA,40,30,40,NA,NA,NA,NA,NA,NA,23,2,1,NA,NA,NA,NA,NA,NA,NA,NA,"",5,1,3,0,2,NA,39,1,1,0,4,4,"",1,1,NA,NA,1,NA,NA,2,1,0,1,3,5,2,1,5,5,3,2,3,1,0,"",0,1,NA,NA,1,NA,NA,NA,NA,NA,NA,"",5,5,1,1,1,1,3,4,2,2,5,5,5,541
"5d096e2b90da3200157ca84b",30,20,15,35,25,20,30,20,20,35,25,25,NA,NA,NA,NA,NA,NA,NA,NA,NA,NA,NA,NA,NA,NA,NA,NA,NA,NA,NA,NA,NA,NA,NA,NA,21,2,1,NA,NA,NA,NA,NA,NA,NA,NA,"",3,2,1,0,2,NA,33,1,0,0,3,1,"",NA,1,1,1,1,1,NA,2,2,1,1,2,2,2,2,4,4,3,3,4,2,0,"",0,1,NA,1,1,NA,NA,NA,NA,NA,NA,"",5,3,2,4,4,3,2,2,1,2,5,5,5,395
"5d9303bbc400a90018821b13",75,80,60,60,50,55,99,95,90,NA,NA,NA,NA,NA,NA,NA,NA,NA,NA,NA,NA,NA,NA,NA,NA,NA,NA,NA,NA,NA,NA,NA,NA,65,75,65,25,1,1,NA,NA,NA,NA,1,NA,NA,NA,"",3,3,1,1,5,NA,33,1,1,-1,5,1,"",1,1,1,1,1,1,NA,3,3,3,3,6,2,2,3,4,3,3,2,3,2,2,"",1,1,NA,1,1,1,1,1,1,NA,NA,"",3,3,2,4,4,3,4,4,2,2,1,3,3,612
"5d547aa4b18d590001dac8d0",25,23,18,25,23,18,25,23,18,NA,NA,NA,NA,NA,NA,25,23,18,NA,NA,NA,NA,NA,NA,NA,NA,NA,NA,NA,NA,NA,NA,NA,NA,NA,NA,57,2,1,NA,NA,NA,NA,NA,NA,NA,NA,"",4,1,2,0,2,NA,33,1,1,0,3,1,"",1,NA,1,1,NA,NA,NA,4,2,1,2,3,4,3,3,4,4,3,2,4,1,0,"",0,1,1,NA,NA,NA,NA,NA,1,NA,NA,"",3,4,3,2,3,2,2,2,3,3,2,4,4,948
"5b998f8cea6edc000109b514",25,20,18,25,20,18,25,22,20,NA,NA,NA,NA,NA,NA,NA,NA,NA,NA,NA,NA,NA,NA,NA,23,25,20,NA,NA,NA,NA,NA,NA,NA,NA,NA,27,2,NA,NA,NA,1,NA,NA,NA,NA,NA,"",6,5,1,0,2,NA,33,1,1,0,4,1,"",1,1,1,NA,1,NA,NA,3,2,1,2,2,5,4,1,4,4,3,4,3,1,1,"",0,1,NA,NA,NA,NA,NA,1,NA,NA,NA,"",3,2,1,4,3,3,2,1,2,2,5,4,4,1221
"5d55a1f2fab56e000140df8f",40,30,20,55,45,25,45,30,35,NA,NA,NA,NA,NA,NA,NA,NA,NA,NA,NA,NA,NA,NA,NA,NA,NA,NA,40,20,35,NA,NA,NA,NA,NA,NA,22,1,NA,NA,NA,1,NA,NA,NA,NA,NA,"",3,1,4,0,4,NA,33,1,1,0,3,2,"",1,1,1,NA,NA,NA,NA,3,1,0,0,3,5,1,1,5,3,2,3,3,2,0,"",0,1,NA,NA,NA,NA,NA,NA,1,NA,NA,"",3,4,3,3,4,2,1,1,1,1,5,5,5,396
"5cee09961c409d00151e98cb",50,60,30,70,80,60,70,50,60,NA,NA,NA,NA,NA,NA,NA,NA,NA,NA,NA,NA,NA,NA,NA,NA,NA,NA,NA,NA,NA,80,70,70,NA,NA,NA,21,2,1,NA,NA,NA,NA,NA,NA,NA,NA,"",4,3,4,0,4,NA,39,1,1,1,4,4,"",1,NA,1,NA,1,1,NA,2,1,1,0,3,3,1,3,4,3,4,2,2,0,0,"",0,1,NA,1,NA,1,NA,NA,1,NA,NA,"",4,3,2,4,4,3,2,2,1,4,2,5,3,510
"5ceed50750ebc8001aa4c40d",15,18,12,15,18,12,16,18,12,NA,NA,NA,15,18,13,NA,NA,NA,NA,NA,NA,NA,NA,NA,NA,NA,NA,NA,NA,NA,NA,NA,NA,NA,NA,NA,28,2,1,NA,NA,NA,NA,NA,NA,NA,NA,"",5,2,3,0,2,NA,39,1,1,0,4,4,"",1,1,1,NA,NA,NA,NA,2,1,1,1,2,5,5,2,5,5,3,2,3,1,0,"",0,1,NA,NA,1,NA,NA,NA,NA,NA,NA,"",4,4,2,3,3,3,3,2,2,2,5,3,3,455
"5be2f3db4616da00010def19",20,20,15,20,20,15,20,20,15,NA,NA,NA,NA,NA,NA,20,20,10,NA,NA,NA,NA,NA,NA,NA,NA,NA,NA,NA,NA,NA,NA,NA,NA,NA,NA,39,2,1,NA,NA,NA,NA,1,NA,NA,NA,"",8,3,4,1,3,NA,33,1,1,0,5,1,"",1,1,1,NA,1,NA,NA,5,3,3,2,3,4,5,4,5,5,4,3,3,2,1,"",0,1,NA,1,1,1,NA,1,NA,NA,NA,"",5,5,4,3,2,3,4,4,1,1,2,3,1,413
"59d5126df35ff40001914d8e",50,20,12.99,50,20,12.99,60,22.95,15,NA,NA,NA,NA,NA,NA,NA,NA,NA,60,17.99,12,NA,NA,NA,NA,NA,NA,NA,NA,NA,NA,NA,NA,NA,NA,NA,59,2,1,1,1,NA,NA,NA,NA,NA,NA,"",8,1,3,0,2,NA,33,1,1,0,4,1,"",1,1,1,NA,1,NA,NA,3,1,0,1,2,2,4,2,5,3,2,3,4,1,2,"",0,1,NA,NA,NA,1,NA,NA,1,NA,NA,"",5,3,1,4,4,2,2,2,1,1,2,3,4,988
"584356de3b6bd60001040552",8.99,7.99,8.99,10,9,10,11,8,11,NA,NA,NA,NA,NA,NA,11,10,9,NA,NA,NA,NA,NA,NA,NA,NA,NA,NA,NA,NA,NA,NA,NA,NA,NA,NA,31,1,1,NA,NA,NA,NA,NA,NA,NA,NA,"",3,2,4,0,3,NA,41,1,1,0,3,1,"",NA,1,NA,NA,NA,NA,NA,6,1,0,1,1,3,1,1,4,3,3,2,3,1,0,"",0,1,NA,NA,1,NA,NA,NA,NA,NA,NA,"",5,4,1,2,2,1,2,2,1,4,5,5,5,516
"5d54b73f1c1de70015d50959",10,8,8,10,8,8,15,12,12,NA,NA,NA,NA,NA,NA,NA,NA,NA,NA,NA,NA,NA,NA,NA,NA,NA,NA,15,10,12,NA,NA,NA,NA,NA,NA,36,2,1,NA,NA,NA,NA,NA,NA,NA,NA,"",3,1,3,1,3,NA,33,1,1,0,4,1,"",1,1,NA,NA,NA,NA,NA,3,1,1,1,1,2,1,5,5,3,4,2,4,3,0,"",0,NA,NA,NA,1,NA,NA,NA,NA,NA,NA,"",5,2,1,3,3,1,4,4,2,2,5,3,4,732
"5d5dc132393b43001b70a940",28,20,20,28,20,20,18,20,20,NA,NA,NA,NA,NA,NA,NA,NA,NA,NA,NA,NA,18,20,20,NA,NA,NA,NA,NA,NA,NA,NA,NA,NA,NA,NA,33,1,1,NA,NA,NA,NA,NA,NA,NA,NA,"",6,1,3,0,2,NA,7,1,1,0,4,1,"",1,1,1,NA,NA,1,NA,4,1,1,2,3,5,3,2,4,3,3,3,3,2,0,"",0,1,1,NA,NA,NA,NA,NA,NA,1,NA,"Selected at random",4,1,1,3,3,1,3,4,1,1,5,5,3,743
"57f433b5b0aca300010a9981",24,8,6,35,12,12,35,12,12,NA,NA,NA,NA,NA,NA,NA,NA,NA,NA,NA,NA,NA,NA,NA,30,12,10,NA,NA,NA,NA,NA,NA,NA,NA,NA,67,2,1,NA,NA,NA,NA,NA,NA,NA,NA,"",5,1,1,0,2,NA,33,1,0,0,5,1,"",NA,1,1,1,NA,NA,NA,5,3,1,2,2,3,4,2,5,3,3,4,4,2,3,"",1,1,NA,NA,NA,1,NA,NA,1,NA,NA,"",4,4,2,3,3,1,4,4,2,2,1,3,4,658
"5d83dba73dfcaa0019a3125f",40,40,45,45,35,40,50,45,50,NA,NA,NA,40,40,55,NA,NA,NA,NA,NA,NA,NA,NA,NA,NA,NA,NA,NA,NA,NA,NA,NA,NA,NA,NA,NA,43,2,1,NA,NA,NA,NA,NA,NA,NA,NA,"",5,2,4,0,1,NA,39,1,1,1,4,4,"",1,1,1,1,1,1,NA,3,3,1,1,6,3,3,3,4,4,4,4,4,2,0,"",1,1,NA,NA,NA,NA,NA,1,1,NA,NA,"",3,4,2,4,4,3,3,2,2,2,2,3,2,728
"5d7d80c61822680015b24269",60,40,20,60,40,20,60,40,20,NA,NA,NA,NA,NA,NA,NA,NA,NA,NA,NA,NA,NA,NA,NA,NA,NA,NA,NA,NA,NA,60,40,40,NA,NA,NA,36,2,1,NA,NA,NA,NA,NA,NA,NA,NA,"",6,3,1,0,2,NA,39,0,0,0,5,1,"",1,NA,NA,NA,NA,NA,NA,6,3,0,1,4,5,3,1,5,3,1,2,3,3,2,"",0,1,1,NA,NA,1,NA,NA,NA,1,NA,"Delectable",3,4,2,2,3,1,4,4,4,2,2,3,4,402
"5b4e1c77767163000128b406",18,16,14,18,16,14,24.99,24.99,14.99,NA,NA,NA,NA,NA,NA,NA,NA,NA,NA,NA,NA,NA,NA,NA,NA,NA,NA,NA,NA,NA,NA,NA,NA,24.99,24.99,14.99,33,2,1,NA,NA,NA,NA,NA,NA,NA,NA,"",5,3,1,0,2,NA,39,1,1,0,4,1,"",1,1,1,1,1,NA,NA,4,2,0,2,4,4,3,1,4,4,3,4,4,2,0,"",0,1,1,1,1,NA,NA,1,1,NA,NA,"",5,3,3,3,4,2,4,2,1,1,2,3,3,1594
"5d70e8fc2c96db000192d22e",25,15,30,25,25,30,25,25,25,20,20,25,NA,NA,NA,NA,NA,NA,NA,NA,NA,NA,NA,NA,NA,NA,NA,NA,NA,NA,NA,NA,NA,NA,NA,NA,21,2,1,NA,NA,NA,NA,NA,NA,NA,NA,"",5,2,4,0,2,NA,31,1,1,0,4,2,"",NA,1,1,1,1,NA,NA,4,1,3,0,3,5,1,5,4,4,4,2,4,0,0,"",0,1,NA,NA,NA,NA,NA,NA,NA,NA,NA,"",4,3,1,1,1,1,1,2,1,1,5,5,5,544
"5cc4e8cd61e0b900019b4b7a",90,80,30,80,80,50,70,40,60,NA,NA,NA,NA,NA,NA,NA,NA,NA,80,50,50,NA,NA,NA,NA,NA,NA,NA,NA,NA,NA,NA,NA,NA,NA,NA,25,2,NA,1,NA,NA,NA,NA,NA,NA,NA,"",4,2,4,0,2,NA,33,1,1,0,3,1,"",1,NA,NA,NA,NA,1,NA,5,0,5,0,5,1,1,2,4,3,4,2,4,3,0,"",0,1,NA,NA,NA,NA,NA,1,NA,NA,NA,"",4,3,1,2,4,3,2,2,1,1,3,3,1,408
"5aeaa1b66474a80001c30ced",16,16,14,18,18,18,18,17,16,NA,NA,NA,NA,NA,NA,18,17,12,NA,NA,NA,NA,NA,NA,NA,NA,NA,NA,NA,NA,NA,NA,NA,NA,NA,NA,27,2,1,NA,NA,NA,NA,NA,NA,NA,NA,"",5,5,3,0,2,NA,33,1,1,0,5,2,"",NA,1,NA,NA,1,NA,NA,5,3,3,2,2,3,3,3,4,4,3,2,2,0,0,"",0,1,1,NA,1,NA,1,NA,1,NA,NA,"",4,3,2,4,3,1,3,4,2,2,2,3,3,338
"5bfee919ee43d800010a8125",18,15,10,18,15,10,18,10,15,NA,NA,NA,NA,NA,NA,NA,NA,NA,NA,NA,NA,NA,NA,NA,NA,NA,NA,NA,NA,NA,18,18,18,NA,NA,NA,35,2,1,NA,NA,NA,NA,NA,NA,NA,NA,"",5,2,1,1,4,NA,39,1,0,0,2,2,"",NA,1,NA,1,NA,1,NA,1,0,-1,1,2,1,1,1,3,3,3,3,1,1,0,"",0,1,NA,NA,1,NA,NA,NA,NA,NA,NA,"",4,1,1,1,2,1,1,1,1,1,5,3,4,479
"5d8be1b2aee60000179ada6d",10,10,10,10,10,10,10,10,10,NA,NA,NA,10,10,10,NA,NA,NA,NA,NA,NA,NA,NA,NA,NA,NA,NA,NA,NA,NA,NA,NA,NA,NA,NA,NA,25,1,1,NA,NA,NA,NA,NA,NA,NA,NA,"",3,1,4,0,5,NA,22,1,1,1,2,1,"",1,NA,1,1,1,NA,NA,4,3,1,0,3,5,2,3,5,5,5,2,2,0,0,"",0,1,1,NA,1,NA,NA,NA,NA,NA,NA,"",3,2,2,2,3,2,4,2,2,2,5,2,1,539
"5d901c4ede126b001492630f",25,40,30,25,35,30,40,40,45,NA,NA,NA,NA,NA,NA,NA,NA,NA,40,35,35,NA,NA,NA,NA,NA,NA,NA,NA,NA,NA,NA,NA,NA,NA,NA,28,2,1,NA,NA,NA,NA,NA,NA,NA,NA,"",3,2,4,0,1,NA,41,1,1,0,2,4,"",NA,NA,NA,1,1,1,NA,1,1,1,0,3,1,1,4,5,5,4,3,3,1,0,"",0,1,NA,NA,1,NA,NA,NA,NA,NA,NA,"",5,1,1,1,3,2,1,1,1,1,5,5,5,440
"5cd8aebb5df66e0001d572c4",25,25,18,28,28,24,32,32,27,NA,NA,NA,NA,NA,NA,NA,NA,NA,NA,NA,NA,24,32,30,NA,NA,NA,NA,NA,NA,NA,NA,NA,NA,NA,NA,26,2,NA,NA,NA,1,NA,NA,NA,NA,NA,"",5,2,3,0,4,NA,33,1,0,0,3,1,"",1,1,1,NA,1,NA,NA,3,2,0,0,4,3,1,1,5,5,4,4,4,2,0,"",1,1,NA,NA,NA,NA,NA,NA,1,NA,NA,"",5,4,2,5,5,3,1,1,2,3,2,3,3,781
"5ca60cd95a6f9a0015b2d034",20,20,20,30,30,30,40,40,40,40,40,40,NA,NA,NA,NA,NA,NA,NA,NA,NA,NA,NA,NA,NA,NA,NA,NA,NA,NA,NA,NA,NA,NA,NA,NA,66,1,1,NA,NA,NA,NA,NA,NA,NA,NA,"",2,1,1,0,2,NA,39,1,0,0,3,1,"",1,NA,NA,1,NA,NA,NA,1,0,1,0,4,1,1,1,4,4,NA,2,2,1,1,"",0,NA,NA,NA,NA,1,NA,NA,NA,NA,NA,"",4,1,1,2,4,1,1,1,1,1,5,5,5,619
"5ce83f6ffdd26c00193b9611",30,20,14,30,20,16,20,20,20,NA,NA,NA,NA,NA,NA,NA,NA,NA,NA,NA,NA,NA,NA,NA,18,24,18,NA,NA,NA,NA,NA,NA,NA,NA,NA,50,1,1,NA,NA,NA,NA,NA,NA,NA,NA,"",5,1,4,0,1,NA,33,1,1,0,5,4,"",1,1,NA,NA,NA,NA,NA,3,1,1,0,2,3,2,3,5,3,2,1,2,1,0,"",0,NA,NA,NA,1,1,NA,NA,1,NA,NA,"",4,3,1,3,3,1,4,3,2,2,2,3,4,465
"5ca44a6ca9b09300013710f6",21.99,16.99,13.99,22.99,17.99,13.99,23.99,17.99,14.99,NA,NA,NA,NA,NA,NA,NA,NA,NA,NA,NA,NA,NA,NA,NA,NA,NA,NA,23.99,16.99,15.99,NA,NA,NA,NA,NA,NA,22,2,NA,1,NA,NA,NA,1,NA,NA,NA,"",5,2,4,0,3,NA,33,1,1,0,5,1,"",1,1,1,NA,NA,NA,NA,5,3,1,4,2,4,3,3,5,4,3,3,4,1,1,"",0,1,1,NA,1,1,1,NA,NA,NA,NA,"",4,5,3,4,4,3,4,5,4,4,1,3,4,872
"59965446a2bbe000018834b5",25,14,12,25,14,12,25,20,17,NA,NA,NA,NA,NA,NA,25,20,15,NA,NA,NA,NA,NA,NA,NA,NA,NA,NA,NA,NA,NA,NA,NA,NA,NA,NA,54,2,1,NA,NA,NA,NA,NA,NA,NA,NA,"",6,4,1,0,2,NA,31,1,1,0,4,1,"",1,1,NA,NA,1,1,NA,2,1,0,1,2,3,3,2,5,4,3,3,3,1,0,"",0,1,1,NA,1,NA,NA,NA,NA,NA,NA,"",3,4,4,3,2,1,3,2,1,1,5,3,5,565
"59949236c825cf0001d7dcdc",50,40,39.99,50,40,39.99,50,40,39.99,NA,NA,NA,NA,NA,NA,NA,NA,NA,NA,NA,NA,NA,NA,NA,NA,NA,NA,NA,NA,NA,NA,NA,NA,50,40,39.99,49,1,1,NA,NA,NA,NA,NA,NA,NA,NA,"",5,2,4,0,1,NA,22,1,1,0,3,3,"",NA,1,1,NA,NA,NA,NA,3,1,1,0,4,3,2,2,5,4,4,3,3,3,0,"",0,1,1,NA,1,NA,1,NA,NA,1,NA,"I like the picture on the label.  I'm a simple man",3,2,2,2,1,1,2,1,1,1,1,3,1,610
"5c50c73cecd461000198fea1",15,17,12,16,19,13,20,23,18,NA,NA,NA,NA,NA,NA,NA,NA,NA,NA,NA,NA,NA,NA,NA,NA,NA,NA,20,22,19,NA,NA,NA,NA,NA,NA,27,1,1,NA,NA,NA,NA,NA,NA,NA,NA,"",5,3,4,0,1,NA,31,1,1,0,4,1,"",1,1,NA,NA,NA,NA,NA,5,3,2,3,4,3,4,3,4,4,3,3,3,3,1,"",0,NA,1,NA,1,NA,NA,NA,NA,NA,NA,"",4,5,3,3,4,2,4,4,4,4,2,2,3,534
"5be04ea54a5e53000157ac4f",20,10,14,25,12,16,35,22,30,NA,NA,NA,NA,NA,NA,NA,NA,NA,NA,NA,NA,NA,NA,NA,NA,NA,NA,NA,NA,NA,35,22,30,NA,NA,NA,50,2,NA,1,NA,NA,NA,NA,NA,NA,NA,"",3,2,1,0,2,NA,33,1,0,0,3,2,"",1,NA,1,1,1,1,NA,1,3,3,0,3,1,1,1,3,3,3,2,3,2,1,"",0,NA,NA,1,NA,1,NA,NA,NA,NA,NA,"",2,2,1,2,2,2,1,1,1,1,5,5,5,753
"5c4483f2f8b8560001e7cb67",99.99,25,25,99.99,25,25,99.99,30,30,NA,NA,NA,NA,NA,NA,NA,NA,NA,NA,NA,NA,50,30,30,NA,NA,NA,NA,NA,NA,NA,NA,NA,NA,NA,NA,41,2,NA,1,NA,NA,NA,NA,NA,NA,NA,"",5,2,3,1,3,NA,33,1,1,0,5,4,"",1,1,1,NA,1,NA,NA,3,1,1,0,4,4,3,1,5,4,4,3,4,2,1,"",0,1,1,NA,1,NA,1,NA,NA,1,NA,"Read the label for hints on the flavor",4,3,1,3,3,2,3,3,2,2,2,3,3,697
"5d54010d07e8740018e56370",16,16,16,17,17,17,16,16,16,NA,NA,NA,NA,NA,NA,14,14,14,NA,NA,NA,NA,NA,NA,NA,NA,NA,NA,NA,NA,NA,NA,NA,NA,NA,NA,35,2,1,NA,NA,NA,NA,NA,NA,NA,NA,"",5,3,1,0,2,NA,22,1,1,0,5,4,"",1,NA,1,NA,1,NA,NA,3,2,0,1,2,1,1,1,4,4,4,3,3,1,1,"",0,1,NA,NA,NA,NA,NA,NA,NA,NA,NA,"",5,2,1,1,1,1,1,1,1,1,5,5,4,479
"5c037f464c14cf00019d379f",14,12,11,12,12,11,14,14,12,NA,NA,NA,NA,NA,NA,NA,NA,NA,13,12,11,NA,NA,NA,NA,NA,NA,NA,NA,NA,NA,NA,NA,NA,NA,NA,29,2,NA,NA,NA,NA,NA,NA,NA,NA,1,"",5,1,3,0,2,NA,42,1,1,0,5,1,"",1,1,NA,NA,NA,NA,NA,5,1,1,1,2,3,2,4,5,4,3,2,1,0,0,"",0,1,1,NA,NA,NA,NA,NA,NA,NA,NA,"",4,4,2,3,2,2,4,3,2,2,5,3,4,759
"5d96b4f6d0e628001893a1af",25,20,15,25,30,25,40,30,30,NA,NA,NA,45,30,30,NA,NA,NA,NA,NA,NA,NA,NA,NA,NA,NA,NA,NA,NA,NA,NA,NA,NA,NA,NA,NA,25,2,NA,1,NA,NA,NA,NA,NA,NA,NA,"",3,1,4,0,4,NA,33,1,1,0,3,1,"",NA,1,1,1,NA,1,NA,3,2,1,0,2,3,2,4,4,3,3,2,4,3,0,"",0,1,NA,NA,NA,1,NA,1,NA,NA,NA,"",4,1,3,3,4,3,3,4,2,4,2,2,4,1004
"56fdff4ee0f9ff000f19c466",20,15,11,20,15,11,15,15,5,15,15,5,NA,NA,NA,NA,NA,NA,NA,NA,NA,NA,NA,NA,NA,NA,NA,NA,NA,NA,NA,NA,NA,NA,NA,NA,73,2,1,NA,NA,NA,NA,NA,NA,NA,NA,"",5,1,2,0,1,NA,33,1,1,0,4,1,"",1,NA,NA,NA,NA,NA,NA,3,1,1,2,2,3,3,3,5,4,3,2,3,3,0,"",0,NA,NA,NA,1,NA,NA,NA,NA,1,NA,"winery visits, local wine store tastings",3,4,2,2,1,1,4,4,2,2,4,3,4,988
"5cd0ee99c47d7b0001442d06",15,15,18,18,18,20,5,15,15,NA,NA,NA,NA,NA,NA,NA,NA,NA,NA,NA,NA,NA,NA,NA,18,25,20,NA,NA,NA,NA,NA,NA,NA,NA,NA,25,2,NA,1,NA,NA,NA,NA,NA,NA,NA,"",6,1,4,0,1,NA,39,1,1,0,3,1,"",1,1,NA,1,1,1,NA,2,1,1,1,3,2,1,1,4,3,3,3,4,3,0,"",0,1,NA,1,1,NA,NA,NA,NA,NA,NA,"",5,1,1,1,4,3,3,2,2,2,2,3,4,930
"5589be79fdf99b18be320155",20,20,20,20,15,15,25,15,20,NA,NA,NA,NA,NA,NA,NA,NA,NA,NA,NA,NA,NA,NA,NA,NA,NA,NA,NA,NA,NA,NA,NA,NA,20,15,20,33,1,1,NA,NA,NA,NA,NA,NA,NA,NA,"",5,2,4,0,1,NA,39,1,1,0,4,4,"",NA,1,1,1,1,NA,NA,3,1,1,1,2,3,1,1,5,4,3,3,3,3,0,"",0,1,NA,NA,1,NA,NA,NA,NA,NA,NA,"",4,2,3,3,2,2,2,1,1,1,2,3,4,335
"5d90c4fadf90b6001549561e",40,25,12.99,45,25,15,45,25,20,NA,NA,NA,NA,NA,NA,NA,NA,NA,NA,NA,NA,NA,NA,NA,NA,NA,NA,NA,NA,NA,45,25,20,NA,NA,NA,50,2,1,NA,NA,NA,NA,NA,NA,NA,NA,"",2,2,1,0,2,NA,39,1,1,0,4,1,"",1,1,1,1,1,1,NA,5,1,3,1,3,3,1,3,5,3,3,2,2,0,0,"",0,NA,NA,NA,1,NA,NA,NA,NA,NA,NA,"",2,4,3,1,3,1,3,2,2,3,5,3,4,396
"57f6aefc42bfc700016ab1e0",20,20,20,20,20,20,25,20,20,NA,NA,NA,NA,NA,NA,NA,NA,NA,NA,NA,NA,20,20,20,NA,NA,NA,NA,NA,NA,NA,NA,NA,NA,NA,NA,54,2,1,NA,NA,NA,NA,NA,NA,NA,NA,"",3,2,2,0,3,NA,22,1,1,0,4,1,"",NA,1,NA,NA,NA,NA,NA,2,1,1,0,2,3,1,1,4,3,3,2,2,0,2,"",0,NA,NA,NA,1,NA,NA,NA,NA,NA,NA,"",4,2,1,1,2,1,1,1,1,1,5,5,5,7562
"5d5af9b05e85cc0016ab1851",50,50,50,50,50,50,25,25,25,NA,NA,NA,NA,NA,NA,NA,NA,NA,NA,NA,NA,NA,NA,NA,40,40,40,NA,NA,NA,NA,NA,NA,NA,NA,NA,30,1,1,NA,NA,NA,NA,NA,NA,NA,NA,"",8,4,1,0,2,NA,39,1,1,0,5,1,"",1,NA,NA,NA,NA,NA,NA,5,1,1,2,2,4,3,3,4,4,4,3,3,1,2,"",0,1,1,NA,1,1,NA,NA,NA,1,NA,"Trying new bottles on my own initiative",3,2,2,3,3,1,2,2,1,1,4,3,3,931
"5d8814324a462d0001654aa0",29,17,12,29,17,12,15,9,20,NA,NA,NA,NA,NA,NA,NA,NA,NA,NA,NA,NA,NA,NA,NA,NA,NA,NA,NA,NA,NA,NA,NA,NA,14,12,11,45,2,1,NA,NA,NA,NA,NA,NA,NA,NA,"",3,2,1,1,4,NA,33,1,1,0,4,1,"",1,1,NA,NA,1,NA,NA,4,1,1,1,2,5,3,3,5,3,3,3,3,2,0,"",0,1,1,NA,1,NA,NA,NA,NA,NA,NA,"",5,2,3,4,5,1,4,3,2,2,2,3,3,1385
"5d84126b063c7d0019e72723",16.99,16.99,16.99,16.99,16.99,16.99,16.99,16.99,16.99,NA,NA,NA,NA,NA,NA,NA,NA,NA,16.99,16.99,16.99,NA,NA,NA,NA,NA,NA,NA,NA,NA,NA,NA,NA,NA,NA,NA,22,2,NA,1,NA,NA,NA,NA,NA,NA,NA,"",5,1,4,0,3,NA,39,1,1,0,3,1,"",1,NA,NA,NA,NA,NA,NA,5,1,1,1,2,1,1,3,5,5,5,2,0,0,0,"",0,1,NA,NA,NA,NA,NA,NA,NA,NA,NA,"",3,1,1,1,1,1,3,3,1,1,5,5,5,617
"5d5b64a224470200150a9cf1",15,11,10,15,13,11,15,13,10,NA,NA,NA,NA,NA,NA,NA,NA,NA,NA,NA,NA,13,13,11.5,NA,NA,NA,NA,NA,NA,NA,NA,NA,NA,NA,NA,22,2,NA,NA,NA,1,NA,NA,NA,NA,NA,"",5,2,4,0,5,NA,22,1,1,0,2,1,"",NA,NA,NA,NA,1,1,NA,3,2,1,1,2,2,2,3,4,4,3,2,3,3,1,"",0,1,NA,NA,NA,NA,NA,NA,NA,NA,NA,"",4,3,2,2,3,3,3,2,1,1,5,5,1,359
"5d86189b59d2f50019e6c5f3",25,20,15,25,20,20,25,20,25,NA,NA,NA,20,20,25,NA,NA,NA,NA,NA,NA,NA,NA,NA,NA,NA,NA,NA,NA,NA,NA,NA,NA,NA,NA,NA,41,1,1,NA,NA,NA,NA,NA,NA,NA,NA,"",5,2,-1,0,3,NA,33,1,1,0,5,1,"",1,1,NA,NA,NA,1,NA,5,3,5,1,2,3,3,5,4,3,4,4,4,2,0,"",0,1,1,NA,NA,NA,NA,NA,NA,NA,NA,"",4,2,2,2,NA,1,4,3,3,4,5,3,5,479
"5d964976b8040b001761467c",15,15,20,15,15,20,16,16,21,15,15,20,NA,NA,NA,NA,NA,NA,NA,NA,NA,NA,NA,NA,NA,NA,NA,NA,NA,NA,NA,NA,NA,NA,NA,NA,34,3,1,NA,NA,NA,NA,NA,NA,NA,NA,"",1,1,4,0,2,NA,33,1,1,0,5,1,"",1,1,1,1,1,1,NA,3,1,2,2,2,4,3,3,4,4,5,3,3,2,0,"",0,1,1,NA,1,NA,NA,NA,NA,1,NA,"Try it and see!",5,4,1,2,2,1,2,2,2,2,5,3,4,1847
"5b1456201e55760001ba0b34",50,25,25,50,25,25,50,25,40,NA,NA,NA,NA,NA,NA,NA,NA,NA,NA,NA,NA,NA,NA,NA,NA,NA,NA,50,25,40,NA,NA,NA,NA,NA,NA,38,2,1,NA,NA,NA,NA,NA,NA,NA,NA,"",4,3,1,0,2,NA,47,1,1,0,4,1,"",1,NA,1,1,1,NA,NA,3,1,1,1,5,3,2,4,3,2,4,3,3,2,0,"",0,1,1,NA,1,NA,NA,NA,NA,1,NA,"Festivals",3,2,1,2,2,1,2,1,1,1,5,5,5,1740
"5cd4141a8ea2ee00192a9089",50,15,15,60,20,20,40,13,13,NA,NA,NA,NA,NA,NA,NA,NA,NA,NA,NA,NA,25,15,15,NA,NA,NA,NA,NA,NA,NA,NA,NA,NA,NA,NA,25,2,NA,NA,NA,1,NA,NA,NA,NA,NA,"",5,4,4,0,3,NA,33,1,1,0,5,1,"",1,1,NA,NA,1,NA,NA,5,1,3,2,2,5,5,5,5,4,3,4,2,1,2,"",0,1,NA,NA,1,NA,NA,NA,NA,NA,NA,"",5,4,3,3,4,1,4,4,3,2,3,3,4,334
"5d5338103c1b020018f36359",15,15,15,15,15,15,20,20,20,NA,NA,NA,NA,NA,NA,NA,NA,NA,NA,NA,NA,NA,NA,NA,NA,NA,NA,NA,NA,NA,20,20,20,NA,NA,NA,30,2,1,NA,NA,NA,NA,NA,NA,NA,NA,"",3,2,1,1,4,NA,31,1,1,0,2,1,"",1,1,1,NA,NA,NA,NA,5,1,1,0,2,3,3,3,4,4,4,3,4,2,0,"",0,1,NA,NA,NA,NA,NA,NA,NA,NA,NA,"",5,1,1,3,3,2,3,2,1,1,5,3,5,379
"5c286ff770d93a00012126f6",25,25,20,60,60,50,60,60,50,NA,NA,NA,NA,NA,NA,NA,NA,NA,60,55,50,NA,NA,NA,NA,NA,NA,NA,NA,NA,NA,NA,NA,NA,NA,NA,40,2,1,1,NA,NA,NA,NA,NA,NA,NA,"",4,2,4,0,1,NA,33,1,1,0,4,1,"",NA,1,1,1,1,1,NA,4,2,1,0,3,3,3,1,4,3,3,2,4,2,0,"",0,1,NA,NA,1,NA,NA,NA,1,NA,NA,"",5,4,1,4,3,1,2,2,2,2,5,5,3,422
"5c5ccb3d0edbd90001e1e98c",28,16,8,28,18,8,28,18,10,NA,NA,NA,NA,NA,NA,NA,NA,NA,NA,NA,NA,NA,NA,NA,NA,NA,NA,NA,NA,NA,NA,NA,NA,24,18,10,47,1,1,NA,NA,NA,NA,NA,NA,NA,NA,"",7,4,1,0,2,NA,39,0,0,0,3,1,"",1,1,NA,NA,1,NA,NA,5,1,0,2,2,4,2,1,4,3,1,4,4,0,0,"",0,1,NA,NA,1,NA,NA,NA,NA,NA,NA,"",4,4,4,3,2,1,3,2,1,1,4,3,4,478
"5d43786b1e070b0001457b06",25,25,25,40,40,40,40,40,40,50,50,50,NA,NA,NA,NA,NA,NA,NA,NA,NA,NA,NA,NA,NA,NA,NA,NA,NA,NA,NA,NA,NA,NA,NA,NA,24,2,1,NA,NA,NA,NA,NA,NA,NA,NA,"",3,1,4,0,3,NA,33,1,1,0,4,1,"",1,1,NA,NA,NA,1,NA,5,1,3,4,4,2,3,4,4,4,4,0,2,1,0,"",0,1,NA,NA,1,NA,NA,1,NA,NA,NA,"",4,2,2,3,3,2,2,2,1,2,3,4,4,321
"5bde3d1a3ec77c0001bddc37",90,60,40,99,60,40,99,60,30,NA,NA,NA,NA,NA,NA,NA,NA,NA,NA,NA,NA,80,70,40,NA,NA,NA,NA,NA,NA,NA,NA,NA,NA,NA,NA,33,2,1,NA,NA,NA,NA,NA,NA,NA,NA,"",7,-1,3,0,2,NA,22,1,0,0,2,1,"",1,NA,NA,NA,NA,NA,NA,3,1,0,0,2,4,3,1,5,4,2,3,0,0,0,"",0,1,1,NA,NA,NA,NA,NA,NA,NA,NA,"",4,4,2,2,1,1,3,4,3,2,1,5,5,376
"5c78a11d3bc6a500019231b7",15,8,10,25,15,20,25,15,20,NA,NA,NA,NA,NA,NA,25,15,12,NA,NA,NA,NA,NA,NA,NA,NA,NA,NA,NA,NA,NA,NA,NA,NA,NA,NA,27,2,NA,NA,NA,1,NA,NA,NA,NA,NA,"",5,1,1,0,2,NA,33,1,1,0,4,1,"",NA,1,1,1,NA,1,NA,3,2,3,1,1,2,1,4,4,3,3,3,3,3,0,"",0,NA,NA,NA,1,NA,NA,NA,NA,NA,NA,"",4,2,2,3,2,3,2,1,2,2,5,5,5,750
"5a90f3636475f900019f8c4f",22,22,15,25,23,20,23,22,20,NA,NA,NA,23,22,20,NA,NA,NA,NA,NA,NA,NA,NA,NA,NA,NA,NA,NA,NA,NA,NA,NA,NA,NA,NA,NA,33,2,NA,NA,NA,1,NA,NA,NA,NA,NA,"",6,2,4,0,1,NA,39,1,1,0,5,1,"",1,1,1,NA,NA,NA,NA,3,1,0,1,3,3,2,1,4,4,3,2,3,0,0,"",0,1,NA,NA,NA,NA,NA,1,1,NA,NA,"",4,4,2,1,3,1,4,4,2,2,5,4,4,337
"5d92b2cb3903fd0781e2a302",48,40,28,65,50,45,78,75,70,NA,NA,NA,NA,NA,NA,NA,NA,NA,NA,NA,NA,NA,NA,NA,78,88,78,NA,NA,NA,NA,NA,NA,NA,NA,NA,55,2,1,NA,NA,NA,NA,NA,NA,NA,NA,"",4,1,1,0,2,NA,39,1,1,0,3,4,"",NA,NA,NA,1,NA,1,NA,2,1,1,1,3,1,1,3,5,5,5,3,3,2,1,"",0,1,NA,1,1,NA,NA,1,NA,NA,NA,"",5,4,3,2,4,3,2,1,2,2,5,4,4,1294
"5751f576a9de4b0006e557b9",20,15,18,25,20,22,30,20,25,NA,NA,NA,NA,NA,NA,30,25,20,NA,NA,NA,NA,NA,NA,NA,NA,NA,NA,NA,NA,NA,NA,NA,NA,NA,NA,40,1,1,NA,NA,NA,NA,NA,NA,NA,NA,"",6,2,4,0,5,NA,7,1,1,0,4,1,"",1,NA,NA,NA,NA,1,NA,3,1,1,1,4,3,3,3,4,3,3,2,2,2,1,"",0,1,NA,NA,NA,NA,NA,NA,NA,NA,NA,"",4,3,3,3,3,4,3,3,4,4,4,2,5,418
"594d09b72d8f240001481113",20,15,15,20,15,15,20,20,15,NA,NA,NA,NA,NA,NA,NA,NA,NA,NA,NA,NA,NA,NA,NA,NA,NA,NA,NA,NA,NA,NA,NA,NA,20,20,20,70,1,1,NA,NA,NA,NA,NA,NA,NA,NA,"",5,2,1,0,2,NA,47,0,1,0,5,1,"",1,1,NA,NA,1,NA,NA,6,2,1,2,1,3,3,1,4,4,3,2,2,0,2,"",0,NA,NA,NA,1,NA,NA,NA,NA,NA,NA,"",4,3,2,3,4,2,4,4,2,4,4,4,3,689
"5d9c0044138bfa03ad2d923b",15.99,13.99,12.99,15.99,13.99,12.99,16.99,14.99,13.99,NA,NA,NA,NA,NA,NA,NA,NA,NA,NA,NA,NA,NA,NA,NA,14.99,14.99,13.99,NA,NA,NA,NA,NA,NA,NA,NA,NA,57,2,1,NA,NA,NA,NA,NA,NA,NA,NA,"",3,1,2,0,4,NA,39,1,1,0,5,1,"",1,1,1,1,1,NA,NA,4,1,0,1,2,3,2,2,4,4,3,3,3,3,1,"",0,NA,NA,1,1,1,NA,1,NA,NA,NA,"",2,3,1,3,3,3,4,2,1,2,1,5,4,629
"5d8a9a4e3ff02d00016fafca",14.99,19.99,24.99,14.99,19.99,24.99,24.99,17.99,24.99,19.99,14.99,24.99,NA,NA,NA,NA,NA,NA,NA,NA,NA,NA,NA,NA,NA,NA,NA,NA,NA,NA,NA,NA,NA,NA,NA,NA,31,2,1,NA,NA,NA,NA,NA,NA,NA,NA,"",6,-1,3,0,2,NA,33,0,0,0,4,1,"",1,1,NA,1,NA,1,NA,5,1,5,2,4,3,1,5,3,2,4,1,4,1,4,"Someone else in my household does",0,1,NA,NA,1,NA,NA,1,1,NA,NA,"",4,3,2,3,4,2,2,2,2,2,4,3,3,1094
"5ca79ccb9e762900139614bd",35,30,25,35,30,25,30,30,15,NA,NA,NA,NA,NA,NA,NA,NA,NA,NA,NA,NA,NA,NA,NA,NA,NA,NA,30,30,15,NA,NA,NA,NA,NA,NA,37,1,1,NA,NA,NA,NA,NA,NA,NA,NA,"",7,2,1,0,2,NA,39,0,0,0,5,1,"",1,1,NA,NA,NA,NA,NA,3,1,0,2,2,3,4,1,5,5,2,2,2,0,0,"",0,NA,NA,NA,1,1,NA,NA,NA,NA,NA,"",4,3,2,4,3,1,3,1,1,1,4,4,4,667
"5589a205fdf99b7ae47f60c2",22,18,14,22,18,12,22,18,20,NA,NA,NA,NA,NA,NA,NA,NA,NA,NA,NA,NA,NA,NA,NA,NA,NA,NA,NA,NA,NA,22,18,20,NA,NA,NA,35,2,1,NA,NA,NA,NA,NA,NA,NA,NA,"",5,1,4,0,1,NA,33,1,1,0,3,3,"",1,1,NA,NA,1,NA,NA,1,1,1,0,2,2,2,2,4,4,3,3,3,1,0,"",0,1,NA,NA,NA,NA,NA,NA,1,NA,NA,"",4,4,3,4,4,2,2,1,2,1,3,4,4,879
"5b6dc41afd9d8700014b33bd",12,12,12,15,12,12,16,15,15,NA,NA,NA,NA,NA,NA,NA,NA,NA,17,15,15,NA,NA,NA,NA,NA,NA,NA,NA,NA,NA,NA,NA,NA,NA,NA,30,2,1,NA,NA,NA,NA,NA,NA,NA,NA,"",5,5,1,1,4,NA,22,1,1,0,4,1,"",1,1,NA,NA,1,NA,NA,5,2,1,1,2,4,4,4,5,4,4,4,4,2,0,"",0,1,NA,NA,1,NA,NA,NA,NA,NA,NA,"",4,3,2,3,2,2,4,3,2,2,4,3,4,363
"5d9d2e421af9ed0011c31894",18,18,16,20,20,18,20,20,20,NA,NA,NA,NA,NA,NA,NA,NA,NA,NA,NA,NA,NA,NA,NA,NA,NA,NA,20,15,20,NA,NA,NA,NA,NA,NA,46,2,1,NA,NA,NA,NA,NA,NA,NA,NA,"",7,3,2,1,2,NA,39,1,1,1,5,1,"",1,NA,NA,NA,NA,NA,NA,6,1,1,2,3,5,2,5,5,3,3,3,3,3,1,"",0,1,NA,1,NA,NA,NA,NA,1,NA,NA,"",5,4,4,3,4,4,2,2,2,2,1,5,5,1475
"5b9b0f12d1ff7a00013b3b8a",16,16,16,15,15,15,22,22,22,NA,NA,NA,NA,NA,NA,NA,NA,NA,NA,NA,NA,17,17,17,NA,NA,NA,NA,NA,NA,NA,NA,NA,NA,NA,NA,30,1,1,NA,NA,NA,NA,NA,NA,NA,NA,"",5,2,4,0,2,NA,22,1,1,0,5,1,"",NA,1,1,1,NA,1,NA,3,1,1,2,2,2,2,2,3,3,3,2,3,2,0,"",1,1,NA,NA,1,NA,NA,NA,NA,NA,NA,"",4,2,3,2,2,2,2,2,1,2,5,5,3,562
"5d9ed2e9d28979001445d582",30,20,8,35,20,12,30,25,12,NA,NA,NA,NA,NA,NA,NA,NA,NA,30,15,12,NA,NA,NA,NA,NA,NA,NA,NA,NA,NA,NA,NA,NA,NA,NA,27,1,1,NA,NA,NA,NA,NA,NA,NA,NA,"",3,1,4,0,4,NA,39,1,1,0,4,1,"",1,1,NA,NA,NA,NA,NA,3,1,1,3,2,2,1,1,4,3,2,2,3,2,0,"",0,1,1,NA,1,NA,1,NA,NA,NA,NA,"",3,2,1,2,2,1,3,4,1,2,5,3,3,793
"5d2bb956791add0001717573",30,35,60,45,50,50,30,40,35,45,40,35,NA,NA,NA,NA,NA,NA,NA,NA,NA,NA,NA,NA,NA,NA,NA,NA,NA,NA,NA,NA,NA,NA,NA,NA,35,1,1,NA,NA,NA,NA,NA,NA,NA,NA,"",6,2,1,1,4,NA,33,1,1,1,4,1,"",1,1,NA,NA,NA,NA,NA,5,4,4,4,6,5,3,4,4,5,4,3,3,2,1,"",0,NA,1,1,NA,1,NA,1,1,NA,NA,"",4,2,3,5,3,4,5,3,4,3,1,5,1,1106
"5c1655c7ad682500017070d2",12,12,14,12,12,14,12,12,14,NA,NA,NA,NA,NA,NA,NA,NA,NA,NA,NA,NA,NA,NA,NA,NA,NA,NA,NA,NA,NA,NA,NA,NA,12,12,14,31,1,1,NA,NA,NA,NA,1,NA,NA,NA,"",2,3,1,0,2,NA,39,1,1,0,4,1,"",1,1,1,1,NA,1,NA,5,1,1,2,2,3,2,4,4,4,5,2,2,0,0,"",0,1,NA,NA,1,NA,NA,NA,NA,NA,NA,"",4,2,2,2,1,1,4,4,3,3,5,5,4,479
"5d648fb785633f0019b04570",20,20,15,20,20,15,15,20,15,NA,NA,NA,NA,NA,NA,NA,NA,NA,NA,NA,NA,NA,NA,NA,NA,NA,NA,15,12,15,NA,NA,NA,NA,NA,NA,59,2,1,NA,NA,NA,NA,NA,NA,NA,NA,"",2,2,1,0,3,NA,39,1,1,0,5,4,"",NA,1,1,NA,NA,NA,NA,2,1,1,2,2,1,1,1,4,4,4,3,4,2,0,"",0,1,NA,1,NA,NA,NA,NA,1,NA,NA,"",4,1,3,4,4,1,3,2,2,1,5,5,5,654
"5d9e4dc4e5fb730013ba3ee9",25,30,40,25,35,40,40,40,30,NA,NA,NA,NA,NA,NA,50,50,30,NA,NA,NA,NA,NA,NA,NA,NA,NA,NA,NA,NA,NA,NA,NA,NA,NA,NA,23,1,NA,NA,NA,1,NA,NA,NA,NA,NA,"",3,2,4,0,3,NA,33,1,1,0,4,1,"",NA,1,1,1,1,NA,NA,5,5,5,2,4,2,2,3,2,3,3,4,4,1,0,"",0,1,NA,NA,1,NA,NA,1,NA,NA,NA,"",5,2,2,5,5,4,3,3,2,3,5,5,5,367
"596a4e2c2dcbae0001d961d2",18,10,10,18,10,10,18,10,10,NA,NA,NA,NA,NA,NA,NA,NA,NA,NA,NA,NA,NA,NA,NA,NA,NA,NA,NA,NA,NA,18,10,10,NA,NA,NA,37,1,1,NA,NA,NA,NA,NA,NA,NA,NA,"",8,3,4,0,1,NA,41,1,1,0,3,1,"",1,NA,NA,NA,NA,NA,NA,4,1,5,1,2,3,2,3,4,3,3,3,2,2,0,"",0,1,NA,NA,1,NA,NA,NA,NA,NA,NA,"",4,4,2,3,3,1,3,3,4,4,2,3,5,454
"5bc5356e65cfb8000154bd82",25,25,15,30,25,15,25,20,15,NA,NA,NA,23,23,20,NA,NA,NA,NA,NA,NA,NA,NA,NA,NA,NA,NA,NA,NA,NA,NA,NA,NA,NA,NA,NA,30,1,1,NA,NA,NA,NA,NA,NA,NA,NA,"",5,1,4,0,2,NA,39,1,1,0,3,1,"",1,1,NA,1,NA,1,NA,2,1,2,0,2,3,1,5,4,4,4,2,4,0,0,"",0,1,1,NA,1,NA,NA,NA,NA,NA,NA,"",5,2,2,1,1,1,2,2,1,1,5,3,4,453
"5d3356323e1190001909339b",18,18,17,20,20,20,20,20,20,NA,NA,NA,NA,NA,NA,NA,NA,NA,NA,NA,NA,NA,NA,NA,20,20,20,NA,NA,NA,NA,NA,NA,NA,NA,NA,60,2,1,NA,NA,NA,NA,NA,NA,NA,NA,"",2,2,1,1,4,NA,33,1,1,0,3,1,"",1,NA,1,1,NA,1,NA,5,3,5,2,3,4,2,5,2,3,4,2,3,2,1,"",1,1,NA,NA,1,NA,NA,NA,NA,NA,NA,"",4,3,2,3,2,2,2,1,2,2,3,4,1,1754
"5bcdb14f6e65af00018dfa25",20,20,20,25,20,20,25,22,22,NA,NA,NA,NA,NA,NA,NA,NA,NA,NA,NA,NA,NA,NA,NA,NA,NA,NA,NA,NA,NA,NA,NA,NA,22,22,22,32,2,NA,NA,NA,1,NA,NA,NA,NA,NA,"",5,3,3,0,2,NA,33,1,1,0,5,4,"",NA,1,NA,1,1,1,NA,1,1,0,0,3,1,1,1,4,4,4,4,4,2,1,"",0,NA,1,NA,1,NA,NA,NA,NA,NA,NA,"",4,2,2,3,4,4,2,2,1,1,5,5,5,382
"59b013c8f69f340001866ffc",19.99,17.99,12.99,19.99,17.99,14.99,20.99,18.99,13.99,NA,NA,NA,NA,NA,NA,NA,NA,NA,NA,NA,NA,NA,NA,NA,NA,NA,NA,NA,NA,NA,21.99,18.99,15.99,NA,NA,NA,54,2,1,NA,NA,NA,NA,NA,NA,NA,NA,"",6,2,1,0,2,NA,22,0,0,1,4,1,"",1,1,NA,NA,1,NA,NA,6,2,1,2,2,4,4,3,5,4,3,3,3,1,0,"",0,1,1,NA,1,NA,NA,NA,NA,NA,NA,"",4,3,2,4,3,2,3,3,2,3,2,3,4,389
"5d616237d989a40001236c75",45,30,12.5,45,30,12.5,25,15,18,25,20,18,NA,NA,NA,NA,NA,NA,NA,NA,NA,NA,NA,NA,NA,NA,NA,NA,NA,NA,NA,NA,NA,NA,NA,NA,31,2,1,NA,NA,NA,NA,NA,NA,NA,NA,"",8,5,1,0,2,NA,33,0,1,0,4,4,"",1,1,1,NA,1,1,NA,3,1,1,1,3,3,3,1,5,4,3,3,3,3,0,"",0,NA,NA,NA,NA,NA,NA,NA,NA,1,NA,"read labels at store",3,2,1,3,4,2,2,2,2,2,5,5,5,387
"5d3cf7b229130a00195cd5d5",75,40,40,80,50,50,80,70,60,NA,NA,NA,NA,NA,NA,NA,NA,NA,NA,NA,NA,60,70,70,NA,NA,NA,NA,NA,NA,NA,NA,NA,NA,NA,NA,24,2,1,NA,NA,NA,NA,NA,NA,NA,NA,"",5,4,4,0,3,NA,39,0,1,0,4,2,"",1,NA,1,NA,NA,NA,NA,2,1,0,1,2,5,5,1,5,3,3,3,3,2,0,"",0,1,NA,NA,1,NA,NA,1,NA,NA,NA,"",5,4,1,3,3,2,3,3,1,1,5,3,4,345
"5c994db670be990016d10a76",16,12,18,15,12,19,15,12,19,NA,NA,NA,15,12,19,NA,NA,NA,NA,NA,NA,NA,NA,NA,NA,NA,NA,NA,NA,NA,NA,NA,NA,NA,NA,NA,40,1,1,NA,NA,NA,NA,NA,NA,NA,NA,"",6,5,1,1,4,NA,7,1,1,0,5,1,"",1,NA,NA,NA,NA,NA,NA,3,1,2,1,3,3,3,3,5,5,5,2,3,1,2,"",0,1,1,NA,1,NA,NA,NA,NA,NA,NA,"",3,3,2,3,3,3,4,3,3,3,5,3,5,230
"5c5f482efac651000153522a",65,55,15,65,55,15,40,45,20,NA,NA,NA,NA,NA,NA,NA,NA,NA,NA,NA,NA,NA,NA,NA,NA,NA,NA,55,25,30,NA,NA,NA,NA,NA,NA,39,1,1,NA,NA,1,NA,NA,NA,NA,NA,"",5,2,1,1,4,NA,28,1,1,0,5,3,"",1,1,1,NA,NA,NA,NA,5,1,1,3,5,4,4,1,4,4,2,4,3,1,2,"",0,NA,1,NA,NA,1,1,1,NA,NA,NA,"",4,4,3,3,3,2,4,4,3,3,2,3,4,1057
"5754fe55ae3fc40006e1dada",25,17,10,25,17,10,25,20,15,NA,NA,NA,NA,NA,NA,NA,NA,NA,NA,NA,NA,NA,NA,NA,20,20,15,NA,NA,NA,NA,NA,NA,NA,NA,NA,37,2,1,NA,NA,NA,NA,NA,NA,NA,NA,"",3,1,3,0,2,NA,39,1,1,0,4,1,"",1,1,1,1,1,1,NA,3,1,2,2,2,3,3,3,4,4,3,2,3,3,4,"I cannot because wine can't be shipped to Pennsylvania.",0,1,1,NA,1,NA,NA,NA,NA,1,NA,"going to the winery",3,3,2,3,4,2,3,2,1,1,1,3,4,425
"5d51444f292b750001583e28",10,10,10,10,10,10,10,10,10,NA,NA,NA,NA,NA,NA,10,10,8,NA,NA,NA,NA,NA,NA,NA,NA,NA,NA,NA,NA,NA,NA,NA,NA,NA,NA,23,1,1,NA,NA,NA,NA,NA,NA,NA,NA,"",5,1,3,0,2,NA,22,0,1,0,5,1,"",1,1,NA,NA,1,NA,NA,3,1,1,0,2,3,1,1,4,3,3,4,4,2,0,"",0,NA,NA,NA,NA,NA,NA,NA,NA,NA,1,"",4,1,1,3,2,1,2,3,2,1,4,3,1,327
"5d5c25fec7d2c1001973c853",75,45,25,75,60,25,75,45,40,NA,NA,NA,NA,NA,NA,NA,NA,NA,75,35,25,NA,NA,NA,NA,NA,NA,NA,NA,NA,NA,NA,NA,NA,NA,NA,25,2,1,NA,NA,NA,NA,NA,NA,NA,NA,"",6,2,4,0,1,NA,33,1,1,0,3,1,"",1,1,NA,NA,1,NA,NA,6,1,1,2,2,4,3,4,5,4,3,3,4,1,0,"",1,1,1,NA,NA,NA,1,1,NA,NA,NA,"",4,4,1,3,3,1,4,5,3,4,4,3,4,365
"5bd3b427860b840001db944c",50,20,20,50,20,20,50,40,40,NA,NA,NA,NA,NA,NA,NA,NA,NA,NA,NA,NA,NA,NA,NA,NA,NA,NA,50,20,40,NA,NA,NA,NA,NA,NA,34,1,1,NA,NA,NA,NA,NA,NA,NA,NA,"",5,1,4,0,2,NA,39,1,0,1,2,4,"",1,1,NA,NA,1,NA,NA,5,2,1,1,2,3,3,1,5,3,3,1,1,0,0,"",0,1,NA,NA,NA,NA,NA,NA,NA,NA,NA,"",3,4,3,4,2,2,3,2,4,2,2,3,4,473
"5d167ddd177e8d0016e60cf6",60,50,20,60,40,20,40,40,15,NA,NA,NA,NA,NA,NA,NA,NA,NA,NA,NA,NA,NA,NA,NA,40,50,20,NA,NA,NA,NA,NA,NA,NA,NA,NA,25,2,1,NA,NA,NA,NA,NA,NA,NA,NA,"",3,2,3,0,2,NA,41,1,1,0,5,4,"",1,1,1,NA,1,NA,NA,2,1,0,0,3,3,2,2,4,4,3,1,4,0,0,"",0,NA,NA,NA,1,NA,NA,NA,NA,1,NA,"look at labels in store",5,1,1,2,2,2,2,1,1,1,5,3,5,502
"5aeb46c5ed102400010f26cb",55,40,30,55,40,30,45,40,40,45,45,40,NA,NA,NA,NA,NA,NA,NA,NA,NA,NA,NA,NA,NA,NA,NA,NA,NA,NA,NA,NA,NA,NA,NA,NA,31,2,NA,NA,NA,1,NA,NA,NA,NA,NA,"",5,5,4,0,1,NA,33,1,1,0,5,2,"",1,1,NA,NA,NA,NA,NA,4,1,1,2,5,4,3,2,5,4,3,3,4,2,2,"",0,NA,1,NA,NA,NA,NA,NA,NA,1,NA,"Wine I tried at a restaurant and liked",3,3,1,4,4,1,1,1,1,1,5,4,3,618
"5a4afdd835c9d50001fdd1c0",89,99,99,89,99,99,89,89,89,NA,NA,NA,NA,NA,NA,89,89,79,NA,NA,NA,NA,NA,NA,NA,NA,NA,NA,NA,NA,NA,NA,NA,NA,NA,NA,29,1,1,NA,NA,NA,NA,NA,NA,NA,NA,"",5,3,4,0,1,NA,47,1,1,0,4,1,"",1,1,NA,NA,1,1,NA,3,1,2,1,6,5,4,5,5,4,4,3,3,1,2,"",0,1,NA,NA,NA,NA,NA,NA,NA,NA,NA,"",3,4,3,3,4,1,4,3,2,3,5,3,3,586
"558a979dfdf99b65685efffa",25,20,20,25,20,20,30,20,20,NA,NA,NA,NA,NA,NA,NA,NA,NA,30,20,20,NA,NA,NA,NA,NA,NA,NA,NA,NA,NA,NA,NA,NA,NA,NA,34,1,1,NA,NA,NA,NA,NA,NA,NA,NA,"",4,3,1,0,2,NA,7,0,0,0,5,1,"",NA,NA,1,1,1,1,NA,3,2,1,2,4,2,2,3,4,2,3,2,3,2,1,"",0,1,1,NA,1,NA,NA,NA,NA,NA,NA,"",5,2,1,2,5,3,3,3,1,1,2,3,4,515
"5cfb286697fb270001192074",90,80,50,95,85,55,100,100,90,NA,NA,NA,NA,NA,NA,NA,NA,NA,NA,NA,NA,100,100,95,NA,NA,NA,NA,NA,NA,NA,NA,NA,NA,NA,NA,44,2,NA,1,NA,NA,NA,NA,NA,NA,NA,"",2,1,4,1,3,NA,39,1,1,0,5,1,"",1,NA,NA,NA,NA,NA,NA,3,3,1,1,4,4,4,4,5,4,3,4,2,2,0,"",1,1,1,NA,1,NA,1,NA,NA,NA,NA,"",3,3,4,5,4,4,4,4,3,3,1,2,4,783
"5bc4cb9c91353b0001f8cfb9",30,20,20,30,20,20,30,20,15,NA,NA,NA,NA,NA,NA,NA,NA,NA,NA,NA,NA,NA,NA,NA,NA,NA,NA,NA,NA,NA,30,25,20,NA,NA,NA,27,2,1,NA,NA,NA,NA,NA,NA,NA,NA,"",3,1,1,0,2,NA,39,1,1,1,4,1,"",NA,1,NA,NA,NA,NA,NA,2,2,0,0,3,4,2,2,5,4,4,3,3,1,0,"",0,1,NA,NA,NA,NA,NA,NA,NA,NA,NA,"",4,2,1,3,2,1,2,1,1,1,5,5,5,333
"5a8194d4ae9a0b0001a9c4d6",40,30,25,40,35,25,50,25,20,NA,NA,NA,50,25,25,NA,NA,NA,NA,NA,NA,NA,NA,NA,NA,NA,NA,NA,NA,NA,NA,NA,NA,NA,NA,NA,34,2,1,NA,NA,NA,NA,NA,NA,NA,NA,"",5,3,1,1,5,NA,39,1,1,0,5,1,"",1,1,NA,NA,NA,NA,NA,3,1,1,1,3,3,1,2,5,4,3,3,3,2,0,"",0,NA,NA,NA,1,1,NA,NA,1,NA,NA,"",3,2,1,4,3,1,3,4,2,2,5,4,4,599
"5d7c469b377dc30001432f7a",16,12,10,16,13,11,16,12,10,NA,NA,NA,NA,NA,NA,NA,NA,NA,NA,NA,NA,NA,NA,NA,NA,NA,NA,NA,NA,NA,NA,NA,NA,16,13,10,37,1,1,NA,NA,NA,NA,NA,NA,NA,NA,"",6,1,3,1,3,NA,31,1,1,0,3,1,"",1,1,NA,NA,NA,NA,NA,6,1,1,1,2,3,2,3,5,3,2,3,2,0,0,"",0,1,1,1,1,NA,NA,NA,NA,NA,NA,"",5,2,1,1,3,3,5,4,3,3,5,3,3,541
"5beb8419aec9ef0001e9d5fb",0,0,0,0,0,0,0,0,0,0,0,0,NA,NA,NA,NA,NA,NA,NA,NA,NA,NA,NA,NA,NA,NA,NA,NA,NA,NA,NA,NA,NA,NA,NA,NA,23,2,NA,NA,NA,1,NA,NA,NA,NA,NA,"",5,5,4,0,4,NA,33,1,0,0,1,NA,"",NA,NA,NA,1,1,1,NA,1,1,0,0,1,5,1,1,3,3,3,2,2,0,0,"",0,NA,NA,NA,1,NA,NA,NA,NA,NA,NA,"",5,1,1,1,1,1,1,1,1,1,5,5,4,248
"5b0c07ed192db20001c8c19f",10,12,10,20,20,20,18,18,20,NA,NA,NA,NA,NA,NA,NA,NA,NA,NA,NA,NA,15,18,20,NA,NA,NA,NA,NA,NA,NA,NA,NA,NA,NA,NA,30,2,1,NA,NA,NA,NA,1,NA,NA,NA,"",3,2,4,1,3,NA,31,1,1,0,4,4,"",NA,1,NA,1,1,1,NA,3,3,2,0,2,3,1,1,4,3,4,3,4,2,0,"",0,1,NA,NA,1,NA,NA,1,NA,NA,NA,"",3,1,1,3,3,3,2,2,1,2,5,5,5,1008
"5d16d81a6be726001a39ca74",30,10,15,50,5,25,15,7.5,10,NA,NA,NA,NA,NA,NA,NA,NA,NA,40,15,20,NA,NA,NA,NA,NA,NA,NA,NA,NA,NA,NA,NA,NA,NA,NA,31,1,1,NA,NA,NA,NA,NA,NA,NA,NA,"",2,3,1,1,3,NA,31,1,1,0,4,1,"",1,1,NA,NA,NA,NA,NA,4,1,0,0,3,2,3,1,5,2,3,4,4,1,0,"",0,NA,NA,NA,1,NA,NA,NA,1,NA,NA,"",4,5,2,4,3,1,2,2,3,3,5,3,3,501
"5c7b8f9115f2200001aa7701",29.99,8.99,11.99,29.99,11.99,12.99,29.99,12.99,13.99,NA,NA,NA,NA,NA,NA,29.99,12.99,12.99,NA,NA,NA,NA,NA,NA,NA,NA,NA,NA,NA,NA,NA,NA,NA,NA,NA,NA,25,1,1,NA,NA,NA,NA,NA,NA,NA,NA,"",3,3,4,-1,-1,NA,22,0,1,0,5,1,"",1,1,1,NA,NA,NA,NA,5,1,0,2,3,4,2,1,5,1,2,3,3,1,0,"",1,1,NA,NA,NA,NA,1,NA,1,NA,NA,"",5,5,2,4,5,1,4,5,2,2,2,3,4,819
"5daa23018f8b6800114d86ea",20,15,20,30,30,30,50,40,60,NA,NA,NA,NA,NA,NA,NA,NA,NA,NA,NA,NA,NA,NA,NA,NA,NA,NA,NA,NA,NA,NA,NA,NA,50,50,50,21,2,1,NA,NA,NA,NA,NA,NA,NA,NA,"",3,1,4,0,3,NA,22,1,1,0,5,1,"",1,1,NA,1,NA,1,NA,5,3,1,2,3,5,3,3,5,4,3,2,2,1,0,"",0,1,NA,NA,1,NA,NA,1,NA,NA,NA,"",5,2,2,3,4,5,3,4,2,2,5,2,4,340
"5d816369ea24f400019a79d5",11,11,9.99,11,11,11,8,8,12.99,NA,NA,NA,NA,NA,NA,NA,NA,NA,NA,NA,NA,NA,NA,NA,NA,NA,NA,11,8,12.99,NA,NA,NA,NA,NA,NA,28,2,1,NA,NA,NA,NA,NA,NA,NA,NA,"",3,1,4,1,4,NA,33,1,1,0,2,1,"",NA,1,NA,1,NA,1,NA,1,1,1,0,2,1,1,2,3,3,2,2,2,2,2,"",0,1,NA,NA,NA,NA,NA,NA,NA,NA,NA,"",4,2,3,2,3,3,1,3,1,1,5,5,5,390
"5c237be889f035000173c96c",29,24,22,29,25,23,30,25,25,NA,NA,NA,28,25,26,NA,NA,NA,NA,NA,NA,NA,NA,NA,NA,NA,NA,NA,NA,NA,NA,NA,NA,NA,NA,NA,67,1,1,NA,NA,NA,NA,NA,NA,NA,NA,"",3,3,3,1,3,NA,31,1,1,0,4,1,"",1,1,1,NA,1,1,NA,5,3,3,2,4,4,2,4,5,4,4,2,2,2,0,"",0,1,1,1,1,NA,1,NA,1,NA,NA,"",3,4,3,4,3,3,4,4,3,3,3,3,5,1082
"5adea08aeb60400001538a6f",35,26,28,40,33,35,38,38,35,NA,NA,NA,NA,NA,NA,NA,NA,NA,NA,NA,NA,NA,NA,NA,NA,NA,NA,NA,NA,NA,40,40,38,NA,NA,NA,31,2,1,NA,NA,NA,NA,NA,NA,NA,NA,"",6,2,3,0,2,NA,39,1,1,0,4,1,"",1,1,1,1,NA,1,NA,5,3,3,3,3,3,3,4,4,3,3,3,4,2,1,"",1,1,1,NA,1,1,NA,1,1,NA,NA,"",3,2,2,2,4,3,4,5,3,3,2,3,4,850
"5ac68ddbe734400001da4729",11.99,11.99,7.99,14.99,13.99,8.99,14.99,14.99,14.99,NA,NA,NA,NA,NA,NA,NA,NA,NA,NA,NA,NA,NA,NA,NA,13.99,16.99,13.99,NA,NA,NA,NA,NA,NA,NA,NA,NA,31,1,1,1,NA,NA,NA,NA,NA,NA,NA,"",3,2,4,0,2,NA,33,1,1,0,4,1,"",1,NA,NA,1,NA,1,NA,3,3,2,2,2,3,3,2,4,4,4,3,3,3,2,"",1,1,NA,NA,NA,1,NA,1,1,NA,NA,"",4,2,2,3,4,3,3,3,3,3,5,5,4,1248
"5d79375d794d900017671c07",25,18.99,15,35,20,15,35,15,25,NA,NA,NA,25,20,30,NA,NA,NA,NA,NA,NA,NA,NA,NA,NA,NA,NA,NA,NA,NA,NA,NA,NA,NA,NA,NA,45,2,1,NA,NA,NA,NA,NA,NA,NA,NA,"",5,2,1,1,4,NA,39,1,1,0,5,4,"",NA,NA,1,NA,NA,NA,NA,1,0,1,0,3,3,1,3,5,3,3,3,2,2,0,"",0,1,NA,NA,1,NA,NA,NA,NA,NA,NA,"",3,2,2,1,1,2,2,2,1,2,4,3,4,538
"5c7ac72f19b8d40001e6c969",12,10,8,12,11,8,12,11,8,NA,NA,NA,NA,NA,NA,12,11,8,NA,NA,NA,NA,NA,NA,NA,NA,NA,NA,NA,NA,NA,NA,NA,NA,NA,NA,44,2,1,NA,NA,NA,NA,NA,NA,NA,NA,"",5,3,1,1,4,NA,31,1,0,0,3,1,"",NA,1,1,1,1,NA,NA,5,4,0,1,5,3,3,1,4,3,2,3,3,2,0,"",0,1,NA,NA,NA,NA,NA,NA,NA,NA,NA,"",5,4,1,2,1,1,1,1,5,1,1,3,3,1210
"5c2eb9c30091e40001cba678",7.99,6.99,6.99,8.99,7.99,7.99,25,20,15,NA,NA,NA,NA,NA,NA,NA,NA,NA,NA,NA,NA,NA,NA,NA,NA,NA,NA,NA,NA,NA,25,20,20,NA,NA,NA,29,2,NA,1,NA,NA,NA,NA,NA,NA,NA,"",6,2,4,0,1,NA,33,1,1,0,3,2,"",1,1,1,1,1,1,NA,3,2,1,1,1,3,2,3,4,3,3,0,2,1,0,"",0,1,NA,NA,NA,NA,NA,1,1,NA,NA,"",4,3,2,3,4,2,3,2,2,2,5,4,5,536
"5cf97cccd221fa0019e231b8",10,20,30,30,30,30,20,20,20,30,30,25,NA,NA,NA,NA,NA,NA,NA,NA,NA,NA,NA,NA,NA,NA,NA,NA,NA,NA,NA,NA,NA,NA,NA,NA,23,2,1,NA,NA,NA,NA,NA,NA,NA,NA,"",5,2,1,1,5,NA,22,1,1,0,NA,2,"",1,1,NA,NA,1,1,NA,3,2,4,2,4,5,5,5,5,5,5,3,3,3,2,"",1,1,NA,NA,NA,NA,NA,NA,NA,NA,NA,"",3,4,4,3,5,3,3,4,4,4,1,5,4,333
"5d16a6b759da87001ac41a51",30,10,15,32,12,15,20,20,20,NA,NA,NA,NA,NA,NA,NA,NA,NA,NA,NA,NA,NA,NA,NA,18,25,18,NA,NA,NA,NA,NA,NA,NA,NA,NA,21,1,1,NA,NA,NA,NA,NA,NA,NA,NA,"",5,2,4,1,5,NA,7,0,1,0,5,1,"",1,NA,NA,NA,NA,NA,NA,5,1,1,2,3,5,3,2,5,3,3,3,3,1,1,"",0,1,NA,NA,1,NA,NA,NA,1,NA,NA,"",4,3,2,4,4,1,4,4,3,2,5,3,5,481
"5c675d8398f65b0001352b51",14,10.99,10,14.99,11.99,11,14.99,11.99,11,NA,NA,NA,NA,NA,NA,NA,NA,NA,NA,NA,NA,13.5,12,12,NA,NA,NA,NA,NA,NA,NA,NA,NA,NA,NA,NA,32,2,1,NA,NA,NA,NA,NA,NA,NA,NA,"",5,3,3,1,4,NA,33,1,1,0,5,1,"",1,1,NA,NA,NA,NA,NA,5,2,1,2,2,3,3,2,4,4,3,3,3,2,0,"",0,NA,NA,NA,1,NA,NA,NA,NA,NA,NA,"",4,3,3,3,4,3,3,3,2,2,5,3,4,499
"5d6eea19b26c1100010cb6f3",40,20,15,40,20,15,30,30,20,NA,NA,NA,NA,NA,NA,NA,NA,NA,40,20,20,NA,NA,NA,NA,NA,NA,NA,NA,NA,NA,NA,NA,NA,NA,NA,27,2,1,NA,NA,NA,NA,NA,NA,NA,NA,"",5,1,4,0,2,NA,20,1,1,0,4,1,"",1,1,NA,NA,1,NA,NA,3,2,1,0,2,3,2,2,4,3,2,2,4,0,0,"",0,1,NA,NA,1,NA,NA,NA,1,NA,NA,"",5,1,1,2,1,1,2,1,1,1,5,5,5,449
"5d35c7a19a2dfc0018446287",15,15,15,20,20,20,25,25,25,NA,NA,NA,NA,NA,NA,NA,NA,NA,NA,NA,NA,NA,NA,NA,NA,NA,NA,35,15,35,NA,NA,NA,NA,NA,NA,39,1,NA,NA,NA,1,NA,NA,NA,NA,NA,"",5,2,1,1,4,NA,33,0,0,0,2,1,"",1,NA,NA,NA,NA,NA,NA,1,0,1,0,4,1,1,3,5,1,3,2,4,2,0,"",1,NA,NA,NA,NA,NA,NA,1,NA,NA,NA,"",5,4,4,4,5,5,3,3,4,4,5,5,4,416
"5afefb2df6f86d0001c6ffb2",10,10,10,15,15,15,27,15,20,NA,NA,NA,NA,NA,NA,NA,NA,NA,NA,NA,NA,NA,NA,NA,NA,NA,NA,NA,NA,NA,NA,NA,NA,12,12,12,30,2,NA,NA,NA,NA,NA,NA,NA,NA,1,"",6,2,1,1,4,NA,33,1,0,0,3,1,"",1,1,NA,1,NA,1,NA,3,1,1,0,2,1,1,1,3,3,3,3,3,2,0,"",0,1,NA,NA,1,NA,NA,NA,NA,NA,NA,"",3,4,4,3,5,5,4,2,4,2,5,2,5,1011
"5b6d95eb5729b200016a4f2e",20,20,15,20,20,16,18,21,16,NA,NA,NA,NA,NA,NA,NA,NA,NA,NA,NA,NA,17,20,18,NA,NA,NA,NA,NA,NA,NA,NA,NA,NA,NA,NA,29,2,1,NA,NA,NA,NA,NA,NA,NA,NA,"",5,4,1,0,2,NA,39,1,0,0,4,2,"",1,1,NA,NA,1,NA,NA,3,1,0,1,3,2,4,2,4,4,3,2,2,1,1,"",0,1,NA,NA,1,NA,NA,NA,NA,NA,NA,"",4,2,2,2,2,1,2,1,1,1,5,3,4,545
"5c316bd51bf6ef0001940ee9",30,40,20,50,30,15,50,45,30,30,30,30,NA,NA,NA,NA,NA,NA,NA,NA,NA,NA,NA,NA,NA,NA,NA,NA,NA,NA,NA,NA,NA,NA,NA,NA,27,1,NA,1,NA,NA,NA,NA,NA,NA,NA,"",5,2,-1,0,3,NA,22,1,1,0,4,1,"",NA,1,1,1,NA,NA,NA,2,2,1,1,3,3,3,3,5,4,4,2,3,2,0,"",0,1,NA,NA,1,NA,NA,NA,NA,NA,NA,"",2,2,2,3,2,2,4,2,2,2,5,5,4,898
"5b26d64d007d870001c7d269",15,15,10,15,15,15,15,15,15,NA,NA,NA,NA,NA,NA,NA,NA,NA,NA,NA,NA,NA,NA,NA,NA,NA,NA,NA,NA,NA,NA,NA,NA,10,10,10,27,2,1,NA,NA,NA,NA,NA,NA,NA,NA,"",7,3,4,0,3,NA,34,0,1,0,5,1,"",1,1,NA,NA,NA,NA,NA,2,1,-1,1,1,5,3,1,5,4,3,2,3,2,0,"",0,1,NA,NA,1,NA,NA,NA,NA,NA,NA,"",5,2,1,2,3,2,1,1,1,3,1,3,4,497
"5d6c5cca8cb0f70001b1fac5",20,10.99,15,40,15,25,25.99,11.99,14.99,NA,NA,NA,NA,NA,NA,NA,NA,NA,NA,NA,NA,NA,NA,NA,40,25,20,NA,NA,NA,NA,NA,NA,NA,NA,NA,38,2,1,NA,NA,NA,NA,NA,NA,NA,NA,"",6,4,1,1,5,NA,20,1,1,0,5,1,"",1,1,1,NA,1,NA,NA,4,4,0,1,4,3,4,1,5,3,3,3,3,2,2,"",0,NA,NA,NA,1,1,NA,NA,NA,NA,NA,"",2,1,3,5,4,2,3,2,2,2,2,3,3,789
"5d9373b0e04970001ab482da",50,35,30,50,35,30,50,45,40,NA,NA,NA,NA,NA,NA,NA,NA,NA,50,45,45,NA,NA,NA,NA,NA,NA,NA,NA,NA,NA,NA,NA,NA,NA,NA,59,2,1,NA,NA,NA,NA,NA,NA,NA,NA,"",5,4,1,0,2,NA,33,1,0,1,5,1,"",1,1,1,NA,1,NA,NA,5,3,1,2,2,5,3,2,5,4,3,2,2,0,1,"",0,1,1,NA,1,NA,1,NA,NA,NA,NA,"",4,3,1,3,2,1,3,3,1,1,2,3,4,502
"5b6bacf00afa6f000107210f",20,20,10,20,20,10,22,20,10,NA,NA,NA,NA,NA,NA,NA,NA,NA,NA,NA,NA,NA,NA,NA,NA,NA,NA,NA,NA,NA,22,20,12,NA,NA,NA,58,2,1,NA,NA,NA,NA,NA,NA,NA,NA,"",8,5,1,0,2,NA,22,1,0,1,5,1,"",1,1,NA,NA,1,NA,NA,3,2,0,2,4,3,2,2,4,3,2,4,2,0,1,"",0,1,NA,NA,NA,1,NA,NA,1,NA,NA,"",3,3,1,4,2,2,3,1,1,2,2,4,4,499
"55b8d0bffdf99b0f2859fe73",20,24,20,20,24,20,22,22,20,NA,NA,NA,NA,NA,NA,NA,NA,NA,NA,NA,NA,NA,NA,NA,NA,NA,NA,24,22,22,NA,NA,NA,NA,NA,NA,38,1,1,NA,NA,NA,NA,NA,NA,NA,NA,"",5,4,1,1,3,NA,31,1,1,0,5,1,"",1,1,NA,NA,NA,NA,NA,5,2,2,1,3,4,5,4,5,5,4,3,3,1,1,"",0,1,NA,NA,1,NA,NA,NA,1,NA,NA,"",4,3,2,4,3,1,4,4,1,2,2,3,3,310
"5ca24b9ceb041e00152164f0",15,12,11,16,14,12,14,16,12,NA,NA,NA,14,14,16,NA,NA,NA,NA,NA,NA,NA,NA,NA,NA,NA,NA,NA,NA,NA,NA,NA,NA,NA,NA,NA,46,2,1,NA,NA,NA,NA,NA,NA,NA,NA,"",6,2,1,1,2,NA,31,1,1,0,4,3,"",NA,1,NA,NA,NA,NA,NA,2,1,0,1,2,1,1,1,4,4,4,2,2,1,0,"",0,NA,NA,NA,NA,NA,NA,NA,NA,NA,1,"",5,3,3,3,2,2,3,3,2,1,4,3,4,453
"5c679c005416680001bee9be",50,20,15,50,20,15,25,20,15,NA,NA,NA,NA,NA,NA,25,20,15,NA,NA,NA,NA,NA,NA,NA,NA,NA,NA,NA,NA,NA,NA,NA,NA,NA,NA,32,2,1,NA,NA,NA,NA,NA,NA,NA,NA,"",5,5,1,0,2,NA,31,1,1,0,4,1,"",NA,1,1,NA,1,NA,NA,4,2,1,2,3,5,4,2,5,4,3,3,4,2,0,"",0,1,1,NA,NA,NA,NA,1,1,NA,NA,"",3,4,1,3,4,1,4,3,2,2,2,3,5,587
"5d92b13d6bf04e0015bd090f",30,25,20,32,27,24,27,29,25,NA,NA,NA,NA,NA,NA,NA,NA,NA,NA,NA,NA,NA,NA,NA,NA,NA,NA,NA,NA,NA,27,26,25,NA,NA,NA,25,2,1,NA,NA,NA,NA,NA,NA,NA,NA,"",5,2,4,0,3,NA,22,-1,-1,0,4,4,"",NA,1,1,NA,NA,NA,NA,4,1,3,1,3,3,3,3,5,5,4,4,4,0,0,"",0,1,NA,NA,1,NA,NA,1,NA,NA,NA,"",5,3,3,3,5,2,2,1,1,1,5,3,4,354
"5b803a1148760600017a3458",30,25,15,25,19,14,25,20,15,NA,NA,NA,NA,NA,NA,NA,NA,NA,NA,NA,NA,NA,NA,NA,25,20,15,NA,NA,NA,NA,NA,NA,NA,NA,NA,38,2,NA,1,NA,NA,NA,NA,NA,NA,NA,"",3,3,4,0,4,NA,31,1,1,0,5,1,"",1,1,1,1,1,1,NA,6,4,1,2,5,5,4,3,5,4,3,3,2,2,1,"",0,1,1,NA,1,1,1,NA,1,NA,NA,"",3,5,1,4,3,1,4,4,3,4,2,3,3,848
"5d4223bc1f8c99001a08f9e2",20,20,12,12,12,12,20,12,20,NA,NA,NA,NA,NA,NA,NA,NA,NA,NA,NA,NA,NA,NA,NA,NA,NA,NA,25,12,25,NA,NA,NA,NA,NA,NA,50,2,1,NA,NA,NA,NA,NA,NA,NA,NA,"",6,3,1,0,3,NA,39,1,0,0,1,1,"",NA,1,NA,1,NA,NA,NA,2,1,0,2,3,3,3,1,3,1,3,3,3,2,0,"",0,1,NA,NA,1,NA,NA,NA,NA,NA,NA,"",3,1,1,1,3,2,4,3,3,2,3,3,4,1098
"55884984fdf99b4021921e67",18,18,15,21,21,18,20,21,19,NA,NA,NA,NA,NA,NA,NA,NA,NA,NA,NA,NA,NA,NA,NA,NA,NA,NA,NA,NA,NA,NA,NA,NA,20,20,18,27,2,1,NA,NA,NA,NA,NA,NA,NA,NA,"",4,2,1,0,2,NA,7,1,1,0,4,1,"",NA,1,1,1,NA,1,NA,1,1,0,1,2,2,1,1,5,4,3,2,3,1,0,"",0,1,NA,NA,1,NA,NA,NA,NA,NA,NA,"",4,3,2,3,3,2,2,1,1,1,5,3,3,572
"576273a5e6e028000619bfbd",16,12,14,16,14,15,17,15,15,NA,NA,NA,NA,NA,NA,NA,NA,NA,NA,NA,NA,15,15,17,NA,NA,NA,NA,NA,NA,NA,NA,NA,NA,NA,NA,70,2,1,NA,NA,NA,NA,NA,NA,1,NA,"East Eurpean, Jewish",5,1,4,0,2,NA,33,1,1,0,4,4,"",1,NA,1,NA,1,1,NA,6,4,5,4,3,3,1,4,4,3,4,3,3,2,2,"",1,1,1,NA,1,NA,NA,NA,1,1,NA,"what is available in a restraurant",3,4,3,3,4,2,3,2,1,1,5,3,3,1090
"5c3230a4d209e500011d5d3b",75,50,60,100,65,75,100,50,65,100,50,60,NA,NA,NA,NA,NA,NA,NA,NA,NA,NA,NA,NA,NA,NA,NA,NA,NA,NA,NA,NA,NA,NA,NA,NA,57,2,1,NA,NA,NA,NA,NA,NA,NA,NA,"",2,1,2,0,2,NA,33,1,1,0,5,1,"",NA,1,NA,NA,1,NA,NA,5,1,3,2,3,5,1,3,5,3,4,2,3,1,0,"",0,1,NA,NA,1,NA,NA,NA,NA,1,NA,"wine tastings",3,3,1,4,2,1,3,3,1,1,5,3,4,577
"5d952aa552ba02001aaf066c",50,40,20,50,40,20,30,40,30,NA,NA,NA,NA,NA,NA,35,40,25,NA,NA,NA,NA,NA,NA,NA,NA,NA,NA,NA,NA,NA,NA,NA,NA,NA,NA,28,2,1,NA,NA,NA,NA,NA,NA,NA,NA,"",5,2,4,0,3,NA,39,-1,-1,1,3,2,"",NA,1,NA,NA,NA,1,NA,2,1,0,1,2,3,2,2,5,4,3,2,3,1,0,"",0,1,NA,NA,NA,NA,NA,NA,NA,NA,NA,"",4,3,1,2,3,1,3,3,1,1,5,4,4,459
"5cf4bf2e7e2e1400177f2cc8",30,25,15,27,23,17,30,26,21,NA,NA,NA,29,26,24,NA,NA,NA,NA,NA,NA,NA,NA,NA,NA,NA,NA,NA,NA,NA,NA,NA,NA,NA,NA,NA,33,2,1,NA,NA,NA,NA,NA,NA,NA,NA,"",3,1,4,0,4,NA,31,1,1,0,5,1,"",1,1,1,NA,NA,NA,NA,5,2,3,1,2,3,2,3,5,3,3,4,4,1,0,"",0,NA,NA,NA,1,NA,NA,NA,NA,NA,NA,"",5,3,3,4,4,1,4,3,2,4,5,5,4,813
"5a14186f728b1b0001ada12b",40,18,18,40,20,20,35,22,22,NA,NA,NA,NA,NA,NA,NA,NA,NA,35,20,20,NA,NA,NA,NA,NA,NA,NA,NA,NA,NA,NA,NA,NA,NA,NA,33,1,1,NA,NA,NA,NA,NA,NA,NA,NA,"",5,3,1,0,4,NA,39,1,1,0,4,4,"",1,1,NA,NA,1,NA,NA,4,1,2,1,2,3,2,3,4,3,3,2,2,0,0,"",0,1,NA,NA,1,NA,NA,NA,NA,NA,NA,"",4,2,3,3,3,2,2,2,2,2,5,3,4,795
"5ca25f7048f78e0018fdac10",11,9,12,11,9,12,11,9,12,NA,NA,NA,NA,NA,NA,NA,NA,NA,NA,NA,NA,NA,NA,NA,NA,NA,NA,NA,NA,NA,11,9,12,NA,NA,NA,36,1,1,NA,NA,NA,NA,NA,NA,NA,NA,"",6,4,1,1,4,NA,39,1,1,0,5,1,"",1,1,1,NA,NA,NA,NA,3,1,1,1,2,4,3,3,5,3,4,2,3,1,0,"",0,1,NA,NA,1,NA,NA,NA,NA,NA,NA,"",5,2,1,3,4,1,3,2,1,2,2,4,2,307
"5b27d79e878ec200017b0eb3",25,20,16,30,25,20,35,25,20,NA,NA,NA,NA,NA,NA,NA,NA,NA,NA,NA,NA,NA,NA,NA,NA,NA,NA,NA,NA,NA,NA,NA,NA,24,20,18,37,2,1,NA,NA,NA,NA,NA,NA,NA,NA,"",3,1,4,1,3,NA,47,1,1,1,3,1,"",1,NA,NA,NA,1,NA,NA,4,3,1,0,2,2,2,2,3,3,3,3,2,2,0,"",0,NA,NA,NA,1,NA,NA,NA,NA,NA,NA,"",3,3,2,3,2,2,3,3,3,3,3,2,4,1722
"5c6d460ec3aa150001145611",50,50,50,50,50,50,50,50,50,NA,NA,NA,NA,NA,NA,50,50,50,NA,NA,NA,NA,NA,NA,NA,NA,NA,NA,NA,NA,NA,NA,NA,NA,NA,NA,28,2,1,NA,NA,NA,NA,NA,NA,NA,NA,"",6,5,4,0,5,NA,33,1,1,0,5,1,"",1,1,1,1,NA,NA,NA,5,2,2,2,2,3,2,3,3,3,3,2,2,2,0,"",0,1,NA,NA,NA,NA,NA,NA,NA,NA,NA,"",3,2,3,2,4,3,2,2,1,1,5,4,3,545
"5d7340c1db882a0001d99a84",35,25,20,35,25,20,35,25,20,NA,NA,NA,NA,NA,NA,NA,NA,NA,NA,NA,NA,NA,NA,NA,35,30,20,NA,NA,NA,NA,NA,NA,NA,NA,NA,23,2,NA,NA,NA,1,NA,NA,NA,NA,NA,"",5,1,4,0,1,NA,33,1,1,0,5,1,"",1,1,1,1,1,1,NA,3,2,2,0,2,3,3,1,5,4,3,2,4,1,0,"",0,1,1,NA,1,NA,NA,1,NA,NA,NA,"",5,2,1,3,2,2,2,2,1,1,2,3,5,680
"5d707d96f489620001898fd2",30,20,29,30,20,29,30,20,29,30,20,29,NA,NA,NA,NA,NA,NA,NA,NA,NA,NA,NA,NA,NA,NA,NA,NA,NA,NA,NA,NA,NA,NA,NA,NA,32,1,1,NA,NA,NA,NA,NA,NA,NA,NA,"",6,4,1,1,3,NA,33,1,1,0,5,2,"",1,NA,NA,NA,NA,NA,NA,3,2,1,2,2,4,3,5,5,5,5,3,2,0,0,"",0,1,1,NA,1,NA,1,NA,1,NA,NA,"",4,3,1,4,4,1,1,1,1,1,2,3,4,895
"5b61c9db4b55290001c08f93",16,16,16,16,16,16,16,16,16,NA,NA,NA,NA,NA,NA,NA,NA,NA,NA,NA,NA,14,16,16,NA,NA,NA,NA,NA,NA,NA,NA,NA,NA,NA,NA,57,2,1,NA,NA,NA,NA,NA,NA,NA,NA,"",5,1,2,0,2,NA,39,1,1,0,4,1,"",1,NA,1,NA,1,NA,NA,2,1,0,0,2,1,1,1,5,4,4,3,4,3,0,"",0,NA,NA,NA,1,NA,NA,NA,NA,NA,NA,"",3,3,3,1,1,1,1,1,1,1,5,5,5,747
"5c5cda2205116a00014297a8",12,12,12,12,12,12,12,12,12,NA,NA,NA,NA,NA,NA,NA,NA,NA,NA,NA,NA,NA,NA,NA,NA,NA,NA,15,12,13,NA,NA,NA,NA,NA,NA,47,1,1,NA,NA,NA,NA,NA,NA,NA,NA,"",6,5,1,1,3,NA,39,1,0,0,3,1,"",1,1,NA,NA,NA,NA,NA,2,1,1,1,2,1,1,3,4,3,4,4,4,2,0,"",0,1,NA,NA,NA,NA,NA,NA,1,NA,NA,"",4,NA,NA,NA,NA,NA,2,2,1,2,2,3,3,2402
"5d5fa32a0fc94a0001632ac7",20,18,15,25,23,20,17,15,13,NA,NA,NA,18,16,14,NA,NA,NA,NA,NA,NA,NA,NA,NA,NA,NA,NA,NA,NA,NA,NA,NA,NA,NA,NA,NA,31,2,1,NA,NA,NA,NA,NA,NA,NA,NA,"",5,4,4,0,3,NA,33,1,1,0,5,1,"",1,1,NA,NA,NA,NA,NA,2,0,1,1,2,3,2,4,4,4,2,2,3,0,0,"",0,1,1,NA,NA,NA,NA,NA,NA,NA,NA,"",4,2,1,1,1,1,1,2,2,2,5,5,4,390
"5c5d0c72d697e70001079ca0",15,12,12,15,14,12,20,17,15,NA,NA,NA,NA,NA,NA,NA,NA,NA,18,16,15,NA,NA,NA,NA,NA,NA,NA,NA,NA,NA,NA,NA,NA,NA,NA,31,1,NA,NA,NA,NA,NA,1,NA,NA,NA,"",5,5,4,0,6,NA,31,0,1,0,4,4,"",NA,NA,1,NA,NA,NA,NA,3,1,1,0,2,5,5,5,5,5,4,2,1,1,0,"",0,NA,NA,NA,NA,NA,NA,NA,1,NA,NA,"",4,3,4,3,3,3,3,3,3,3,5,4,4,436
"5c70d08ef11dda0001ff50c6",18,20,22,18,20,22,18,20,22,NA,NA,NA,NA,NA,NA,NA,NA,NA,NA,NA,NA,NA,NA,NA,NA,NA,NA,NA,NA,NA,NA,NA,NA,18,20,22,27,2,NA,NA,NA,1,NA,NA,NA,NA,NA,"",-1,2,4,0,1,NA,31,1,1,0,5,2,"",1,1,1,1,1,1,NA,5,1,5,1,3,3,4,5,3,4,4,4,4,0,3,"",0,1,NA,NA,NA,NA,NA,NA,NA,NA,NA,"",4,4,3,3,4,3,4,4,3,4,2,5,4,322
"5c102b9461df5c0001cb468b",25,25,25,27,27,27,24,25,22,NA,NA,NA,NA,NA,NA,NA,NA,NA,NA,NA,NA,NA,NA,NA,NA,NA,NA,27,22,25,NA,NA,NA,NA,NA,NA,46,2,1,NA,NA,NA,NA,NA,NA,NA,NA,"",5,2,2,1,4,NA,7,1,1,0,5,1,"",1,NA,NA,NA,NA,NA,NA,2,2,0,2,4,3,1,1,3,3,3,4,4,4,2,"",0,1,1,NA,NA,NA,NA,NA,1,NA,NA,"",2,4,4,1,1,1,4,4,3,4,1,4,4,739
"561feb34ed6e5a0005c7ee0b",50,35,25,50,35,25,55,40,30,55,40,30,NA,NA,NA,NA,NA,NA,NA,NA,NA,NA,NA,NA,NA,NA,NA,NA,NA,NA,NA,NA,NA,NA,NA,NA,26,2,1,NA,NA,NA,NA,NA,NA,NA,NA,"",3,2,4,0,3,NA,39,1,1,0,3,2,"",1,1,1,1,NA,NA,NA,3,1,1,0,5,4,2,1,4,3,3,3,3,2,1,"",0,1,1,NA,NA,NA,NA,NA,NA,NA,NA,"",3,3,2,3,3,1,2,1,1,1,5,5,4,489
"5a01dd7b728b1b0001ad8acb",58,43,16,68,55,32,45,40,32,NA,NA,NA,NA,NA,NA,NA,NA,NA,36,32,28,NA,NA,NA,NA,NA,NA,NA,NA,NA,NA,NA,NA,NA,NA,NA,24,1,NA,NA,NA,NA,NA,1,NA,NA,NA,"",3,2,4,0,1,NA,33,1,1,0,2,1,"",1,NA,NA,NA,NA,NA,NA,1,1,1,0,4,3,3,1,4,4,3,3,2,2,0,"",0,1,NA,NA,NA,NA,NA,NA,NA,NA,NA,"",4,4,4,4,4,2,4,3,4,3,2,3,3,2290
"5d163b2c601cd7000172713c",30,15,10,45,35,25,65,55,50,NA,NA,NA,75,75,75,NA,NA,NA,NA,NA,NA,NA,NA,NA,NA,NA,NA,NA,NA,NA,NA,NA,NA,NA,NA,NA,26,1,NA,NA,NA,NA,NA,1,NA,NA,NA,"",5,2,4,0,6,NA,31,1,1,0,3,1,"",1,1,NA,1,NA,NA,NA,3,1,1,2,4,3,3,3,4,4,4,3,2,2,2,"",0,1,NA,1,NA,NA,NA,NA,NA,NA,NA,"",4,2,2,3,3,3,3,2,2,2,5,5,3,386
"5be2beac398f560001a58df7",25,25,25,25,25,25,25,25,25,NA,NA,NA,NA,NA,NA,25,25,20,NA,NA,NA,NA,NA,NA,NA,NA,NA,NA,NA,NA,NA,NA,NA,NA,NA,NA,54,1,1,NA,NA,NA,NA,NA,NA,NA,NA,"",6,3,1,0,4,NA,33,1,1,0,4,1,"",1,NA,NA,NA,NA,NA,NA,4,1,3,1,5,3,3,3,3,3,3,2,3,2,0,"",0,1,1,NA,1,NA,1,NA,1,NA,NA,"",3,2,1,2,3,3,3,3,2,2,5,4,4,491
"5accdfaebf2ab00001aa8215",25,25,12,25,25,12,25,25,25,NA,NA,NA,NA,NA,NA,NA,NA,NA,NA,NA,NA,NA,NA,NA,25,25,25,NA,NA,NA,NA,NA,NA,NA,NA,NA,66,1,1,NA,NA,NA,NA,NA,NA,NA,NA,"",5,2,1,0,2,NA,39,0,1,0,3,1,"",1,NA,NA,NA,NA,NA,NA,3,1,0,1,1,3,1,2,5,3,2,3,4,1,0,"",0,1,1,NA,NA,NA,NA,NA,NA,NA,NA,"",5,4,4,4,1,1,1,1,1,1,5,3,5,708
"5b1690e6f6cef00001428471",15,15,15,25,25,25,20,15,25,NA,NA,NA,NA,NA,NA,NA,NA,NA,NA,NA,NA,NA,NA,NA,NA,NA,NA,NA,NA,NA,20,15,25,NA,NA,NA,54,2,1,NA,NA,NA,NA,NA,NA,NA,NA,"",5,2,2,0,2,NA,39,1,1,0,5,1,"",NA,NA,NA,1,NA,NA,NA,5,2,2,2,3,2,2,2,5,5,5,2,3,0,2,"",0,1,1,NA,1,NA,NA,NA,NA,NA,NA,"",3,1,1,1,1,1,2,2,2,2,4,4,3,663
"59ac170d464901000177975a",20,15,25,20,15,25,15,15,25,NA,NA,NA,NA,NA,NA,NA,NA,NA,NA,NA,NA,15,20,25,NA,NA,NA,NA,NA,NA,NA,NA,NA,NA,NA,NA,33,1,1,NA,NA,NA,NA,NA,NA,NA,NA,"",3,2,3,1,3,NA,33,0,0,0,5,1,"",1,1,NA,NA,1,NA,NA,2,1,2,1,3,5,5,5,5,5,5,2,2,1,0,"",0,NA,NA,NA,NA,NA,1,NA,NA,1,NA,"Vivino",5,4,1,2,4,1,2,2,2,2,5,5,4,485
"5d441b8af9cc270018b476d4",15.99,12.99,9.99,16.99,13.99,10.99,16.99,13.99,10.99,16.99,13.99,10.99,NA,NA,NA,NA,NA,NA,NA,NA,NA,NA,NA,NA,NA,NA,NA,NA,NA,NA,NA,NA,NA,NA,NA,NA,37,1,1,NA,NA,NA,NA,NA,NA,NA,NA,"",5,4,1,1,4,NA,30,1,1,0,5,1,"",1,1,1,NA,NA,NA,NA,3,1,0,0,2,1,1,1,5,4,3,4,2,2,0,"",0,1,NA,NA,1,NA,NA,NA,NA,NA,NA,"",4,4,1,4,4,2,3,3,3,2,5,5,5,341
"5c49c9c5d9326c0001f3effe",40,40,20,40,30,20,40,20,50,NA,NA,NA,NA,NA,NA,NA,NA,NA,NA,NA,NA,NA,NA,NA,NA,NA,NA,NA,NA,NA,NA,NA,NA,40,40,40,28,1,NA,1,NA,1,NA,NA,NA,NA,NA,"",3,2,4,0,1,NA,33,1,1,1,5,1,"",1,1,1,NA,1,NA,NA,2,1,1,1,3,2,3,4,4,4,4,3,2,2,1,"",0,NA,1,NA,NA,1,1,1,1,NA,NA,"",2,5,1,4,5,1,3,2,1,1,2,4,4,1980
"5d430dd3684df3000142fa75",45.99,20.99,8.99,45.99,20.99,10.99,30.99,25.99,12.99,NA,NA,NA,NA,NA,NA,NA,NA,NA,35.99,15.99,12.99,NA,NA,NA,NA,NA,NA,NA,NA,NA,NA,NA,NA,NA,NA,NA,34,2,1,NA,NA,NA,NA,NA,NA,NA,NA,"",5,5,1,0,2,NA,22,1,0,0,2,1,"",1,NA,1,NA,1,NA,NA,5,2,0,1,1,4,4,1,5,3,3,3,3,1,1,"",0,NA,1,NA,1,NA,NA,1,NA,NA,NA,"",5,2,3,1,1,1,2,1,1,1,5,2,5,687
"5d41f83cc383b5001aa2c931",15,12,15,15,12,15,15,15,15,NA,NA,NA,NA,NA,NA,NA,NA,NA,NA,NA,NA,NA,NA,NA,15,18,15,NA,NA,NA,NA,NA,NA,NA,NA,NA,69,2,1,NA,NA,NA,NA,NA,NA,NA,NA,"",3,3,2,0,3,NA,31,0,1,0,3,1,"",NA,1,NA,NA,1,NA,NA,6,2,2,2,1,3,1,3,4,3,4,2,2,2,0,"",0,1,NA,NA,1,NA,NA,NA,1,NA,NA,"",3,2,2,3,3,2,3,2,2,2,5,3,5,804
"5d5035c5d87393001af70561",45,35,18,45,35,18,45,35,18,NA,NA,NA,NA,NA,NA,NA,NA,NA,NA,NA,NA,NA,NA,NA,NA,NA,NA,NA,NA,NA,45,35,18,NA,NA,NA,53,2,1,NA,NA,NA,NA,NA,NA,NA,NA,"",5,3,1,0,2,NA,33,1,1,0,5,1,"",1,1,1,NA,1,NA,NA,5,1,1,2,2,5,5,3,5,4,3,2,3,1,2,"",0,NA,NA,NA,NA,NA,NA,NA,NA,1,NA,"My own decision",4,4,4,3,1,1,3,3,1,1,5,3,5,913
"583f02c8ca2e57000184353c",30,40,25,30,40,25,25,40,30,NA,NA,NA,NA,NA,NA,25,40,25,NA,NA,NA,NA,NA,NA,NA,NA,NA,NA,NA,NA,NA,NA,NA,NA,NA,NA,37,2,1,1,NA,NA,NA,1,NA,NA,NA,"",5,2,4,0,2,NA,33,1,1,0,4,4,"",1,1,1,NA,1,NA,NA,3,2,1,1,3,5,4,1,3,4,2,3,3,2,2,"",0,1,NA,NA,1,NA,NA,1,1,NA,NA,"",3,3,2,2,4,2,2,2,1,2,2,3,5,425
"58a43e029a17120001d910d5",20,10,15,20,10,10,25,15,20,NA,NA,NA,NA,NA,NA,NA,NA,NA,NA,NA,NA,10,25,25,NA,NA,NA,NA,NA,NA,NA,NA,NA,NA,NA,NA,36,2,1,NA,NA,NA,NA,NA,NA,NA,NA,"",2,3,3,0,2,NA,41,1,1,0,4,4,"",NA,1,NA,NA,1,1,NA,1,1,0,1,3,2,1,1,5,4,3,2,3,2,0,"",0,NA,NA,NA,1,NA,NA,NA,NA,NA,NA,"",5,1,1,1,2,1,1,1,1,1,2,3,5,622
"5c92c06047fad40012be8cd0",45,20,20,45,20,20,40,20,20,NA,NA,NA,35,18,25,NA,NA,NA,NA,NA,NA,NA,NA,NA,NA,NA,NA,NA,NA,NA,NA,NA,NA,NA,NA,NA,39,1,1,NA,NA,NA,NA,NA,NA,NA,NA,"",5,3,1,1,6,NA,31,0,1,0,4,1,"",1,1,NA,NA,1,NA,NA,4,2,1,0,3,5,5,3,5,4,4,2,3,0,1,"",0,1,NA,NA,1,NA,1,NA,1,NA,NA,"",3,3,2,3,3,2,4,4,2,2,2,3,4,1136
"559146cbfdf99b1e5d8ea328",30,25,18,35,30,25,35,35,18,NA,NA,NA,NA,NA,NA,NA,NA,NA,NA,NA,NA,NA,NA,NA,NA,NA,NA,35,30,30,NA,NA,NA,NA,NA,NA,35,2,1,NA,NA,NA,NA,NA,NA,NA,NA,"",7,3,1,1,4,NA,39,1,1,0,5,1,"",1,1,1,NA,NA,NA,NA,4,1,1,1,1,3,2,2,5,5,3,2,4,1,1,"",0,1,NA,NA,1,NA,NA,NA,NA,NA,NA,"",5,4,1,2,3,1,1,1,1,1,2,3,4,334
"5d418536261894001c85e4eb",12,12,10,12,12,10,15,15,10,NA,NA,NA,NA,NA,NA,NA,NA,NA,NA,NA,NA,NA,NA,NA,13,15,10,NA,NA,NA,NA,NA,NA,NA,NA,NA,25,2,1,NA,NA,NA,NA,NA,NA,NA,NA,"",5,4,4,0,3,NA,31,0,0,0,4,1,"",NA,1,1,1,1,1,NA,5,3,1,2,2,2,2,3,3,3,2,4,4,2,0,"",0,1,1,NA,1,NA,NA,NA,NA,NA,NA,"",4,1,1,2,3,1,3,3,1,1,5,5,4,662
"597ca4d5de42bf000181de24",18,18,15,18,18,15,18,18,15,18,18,15,NA,NA,NA,NA,NA,NA,NA,NA,NA,NA,NA,NA,NA,NA,NA,NA,NA,NA,NA,NA,NA,NA,NA,NA,28,1,1,NA,NA,NA,NA,NA,NA,NA,NA,"",8,2,4,0,1,NA,16,1,1,0,5,1,"",1,NA,NA,NA,NA,NA,NA,4,1,1,1,2,4,3,3,5,4,3,0,3,0,0,"",0,1,NA,NA,NA,NA,NA,1,NA,NA,NA,"",4,4,2,4,3,2,4,5,2,2,5,5,5,457
"5be0a65507684000010cf0f9",28,25,18,30,26,21,28,27,24,NA,NA,NA,NA,NA,NA,NA,NA,NA,NA,NA,NA,NA,NA,NA,NA,NA,NA,30,20,28,NA,NA,NA,NA,NA,NA,29,2,1,NA,NA,NA,NA,NA,NA,NA,NA,"",5,3,4,0,3,NA,22,1,1,0,4,1,"",1,NA,1,1,1,1,NA,3,3,1,0,4,3,2,2,4,3,3,3,3,1,1,"",0,1,NA,NA,NA,NA,1,NA,1,NA,NA,"",3,3,2,3,2,2,4,3,3,4,2,4,5,442
"56e225c2ec0fdd000641e72d",25,20,17.5,25,20,17.5,22,20,18,NA,NA,NA,NA,NA,NA,NA,NA,NA,24,21,18,NA,NA,NA,NA,NA,NA,NA,NA,NA,NA,NA,NA,NA,NA,NA,47,2,1,NA,NA,NA,NA,NA,NA,NA,NA,"",6,3,4,0,2,NA,33,1,1,0,5,1,"",1,1,1,NA,1,NA,NA,5,2,3,3,3,3,3,2,5,3,3,3,4,1,1,"",0,1,1,NA,1,NA,1,NA,1,NA,NA,"",3,4,2,3,3,2,3,3,2,2,2,3,4,849
"5c1fd02f70d93a00011f7ac7",20,20,15,20,20,15,20,25,15,NA,NA,NA,20,25,20,NA,NA,NA,NA,NA,NA,NA,NA,NA,NA,NA,NA,NA,NA,NA,NA,NA,NA,NA,NA,NA,27,2,NA,NA,NA,1,NA,NA,NA,NA,NA,"",6,2,3,0,3,NA,22,0,1,0,4,1,"",1,1,1,1,NA,NA,NA,3,2,0,2,4,3,1,1,4,4,4,3,3,0,1,"",0,1,NA,NA,1,1,NA,1,NA,NA,NA,"",5,2,3,3,4,3,1,1,1,1,2,3,3,553
"5b5fc64dde55140001381039",50,25,30,70,70,70,70,70,70,NA,NA,NA,NA,NA,NA,70,70,50,NA,NA,NA,NA,NA,NA,NA,NA,NA,NA,NA,NA,NA,NA,NA,NA,NA,NA,23,2,1,NA,NA,NA,NA,NA,NA,NA,NA,"",5,1,4,0,3,NA,33,0,0,0,2,4,"",1,NA,1,NA,NA,1,NA,1,0,0,0,1,1,1,1,5,5,4,3,3,0,0,"",0,1,NA,NA,NA,NA,NA,NA,1,NA,NA,"",2,2,1,2,4,1,1,1,1,1,5,5,5,516
"5d9d1fd85a96df0019c1f8e7",30,30,30,40,40,40,30,30,30,NA,NA,NA,NA,NA,NA,NA,NA,NA,NA,NA,NA,NA,NA,NA,NA,NA,NA,NA,NA,NA,30,30,30,NA,NA,NA,22,2,1,NA,NA,NA,NA,NA,NA,NA,NA,"",5,1,4,0,1,NA,22,1,1,0,3,2,"",NA,1,NA,1,1,NA,NA,2,2,1,0,2,3,3,3,4,4,4,3,3,0,0,"",0,1,NA,NA,1,NA,NA,1,1,NA,NA,"",5,1,2,3,5,2,2,1,1,1,5,5,5,652
"5c5b38d5cca9e000010a07c4",11,10,9,11,10,9,11,10,9,NA,NA,NA,NA,NA,NA,NA,NA,NA,NA,NA,NA,NA,NA,NA,NA,NA,NA,NA,NA,NA,NA,NA,NA,11,10,9,41,2,1,NA,NA,NA,NA,NA,NA,NA,NA,"",6,5,1,1,5,NA,31,1,0,0,3,1,"",1,NA,NA,1,1,NA,NA,3,3,2,0,2,3,3,1,4,3,3,3,3,2,0,"",0,NA,NA,NA,1,NA,NA,NA,NA,NA,NA,"",5,3,3,3,3,2,1,1,1,1,5,4,5,462
"5cbe8bb06641b000171639a5",20,17.5,15,15,12.5,10,17.5,15,17.5,NA,NA,NA,NA,NA,NA,NA,NA,NA,NA,NA,NA,15,15,15,NA,NA,NA,NA,NA,NA,NA,NA,NA,NA,NA,NA,49,1,1,NA,NA,NA,NA,NA,NA,NA,NA,"",6,3,4,0,1,NA,41,1,1,0,5,1,"",1,NA,NA,NA,1,NA,NA,3,2,1,1,4,4,2,4,4,3,3,3,2,1,2,"",0,1,NA,NA,1,NA,1,NA,NA,NA,NA,"",4,5,3,3,1,1,2,1,2,1,2,3,3,541
"5b2098b04c72120001f259c9",13,10,12,12,9,12,12,9,12,NA,NA,NA,NA,NA,NA,12,11,12,NA,NA,NA,NA,NA,NA,NA,NA,NA,NA,NA,NA,NA,NA,NA,NA,NA,NA,22,1,1,NA,NA,NA,NA,NA,NA,NA,NA,"",5,1,3,0,2,NA,33,1,1,0,4,1,"",1,1,1,1,1,1,NA,4,5,5,4,2,3,2,4,4,3,4,2,2,2,1,"",1,NA,NA,NA,1,1,NA,NA,NA,NA,NA,"",4,3,3,4,3,1,3,3,3,3,2,3,4,358
"57363f5214f69e000d7673c4",45,30,20,45,30,20,40,35,35,NA,NA,NA,NA,NA,NA,NA,NA,NA,NA,NA,NA,NA,NA,NA,NA,NA,NA,NA,NA,NA,NA,NA,NA,40,35,35,24,2,1,NA,NA,NA,NA,NA,NA,NA,NA,"",5,2,4,0,1,NA,39,1,1,0,2,5,"winery",1,1,1,NA,1,NA,NA,3,2,1,3,6,5,3,1,4,3,3,3,3,0,0,"",0,NA,NA,NA,NA,NA,NA,NA,NA,1,NA,"wineries",3,3,2,3,2,1,3,3,1,2,2,3,3,1041
"5d0e319397384f00195a4fec",25,25,20,25,25,20,30,30,25,NA,NA,NA,NA,NA,NA,NA,NA,NA,NA,NA,NA,25,30,25,NA,NA,NA,NA,NA,NA,NA,NA,NA,NA,NA,NA,34,2,NA,NA,NA,NA,NA,1,NA,NA,NA,"",7,4,4,0,1,NA,33,1,1,0,5,4,"",1,1,NA,NA,NA,NA,NA,3,1,1,2,4,5,3,3,5,5,4,0,3,2,0,"",0,1,NA,NA,1,NA,NA,NA,NA,1,NA,"In store tasting notes",3,4,3,5,4,1,3,4,1,1,3,4,2,789
"5a72228dff6f2300013f0648",15.99,11.99,14.99,22.99,19.99,25.99,12.99,14.99,25.99,NA,NA,NA,NA,NA,NA,NA,NA,NA,22.99,20.99,20.99,NA,NA,NA,NA,NA,NA,NA,NA,NA,NA,NA,NA,NA,NA,NA,25,2,1,NA,NA,NA,NA,NA,NA,NA,NA,"",4,3,3,0,2,NA,39,1,1,1,4,1,"",NA,1,1,1,1,1,NA,3,4,0,2,2,4,1,1,5,4,5,3,4,2,0,"",0,1,1,NA,1,1,NA,NA,NA,NA,NA,"",3,3,4,4,5,1,3,2,1,1,4,3,3,495
"5c06928d4991a10001e30547",25,22,20,25,22,22,22,22,22,NA,NA,NA,NA,NA,NA,NA,NA,NA,NA,NA,NA,NA,NA,NA,20,23,20,NA,NA,NA,NA,NA,NA,NA,NA,NA,25,2,1,NA,NA,NA,NA,NA,NA,NA,NA,"",5,1,3,0,2,NA,33,1,1,0,4,1,"",NA,1,1,1,1,1,NA,4,3,1,1,3,3,3,4,4,4,3,2,3,2,1,"",0,1,NA,NA,1,NA,NA,NA,1,NA,NA,"",4,3,1,2,4,2,2,2,2,2,4,3,4,411
"578b7f0e900cc80001d2e55f",18,8,12,20,10,15,20,15,15,NA,NA,NA,NA,NA,NA,NA,NA,NA,NA,NA,NA,NA,NA,NA,NA,NA,NA,20,15,18,NA,NA,NA,NA,NA,NA,32,2,1,NA,NA,NA,NA,NA,NA,NA,NA,"",3,1,4,0,1,NA,31,1,1,0,4,1,"",1,1,NA,NA,NA,NA,NA,3,1,1,0,2,4,3,1,5,2,3,2,4,0,0,"",0,1,NA,NA,1,NA,NA,NA,NA,NA,NA,"",4,2,1,2,2,1,2,2,1,1,5,5,3,452
"5b4d31673d01bd0001ec447e",30,24,16,30,24,16,26,22,15,NA,NA,NA,NA,NA,NA,NA,NA,NA,NA,NA,NA,NA,NA,NA,NA,NA,NA,NA,NA,NA,25,20,20,NA,NA,NA,26,1,1,NA,NA,NA,NA,NA,NA,NA,NA,"",5,1,4,0,1,NA,7,1,1,0,4,1,"",1,NA,1,NA,NA,NA,NA,4,1,-1,2,1,4,3,1,5,4,3,3,2,3,1,"",0,1,1,NA,NA,NA,NA,1,NA,NA,NA,"",4,3,1,4,3,3,3,3,1,2,2,3,4,353
"5d238511f5c0d00016f3ac40",40,40,20,20,20,20,40,40,40,NA,NA,NA,40,40,50,NA,NA,NA,NA,NA,NA,NA,NA,NA,NA,NA,NA,NA,NA,NA,NA,NA,NA,NA,NA,NA,38,2,NA,1,NA,NA,NA,NA,NA,NA,NA,"",2,1,4,1,3,NA,33,1,1,0,5,1,"",NA,1,1,NA,NA,NA,NA,5,2,1,2,4,1,1,1,4,4,4,4,4,2,0,"",0,1,NA,NA,NA,NA,NA,NA,NA,NA,NA,"",4,2,1,2,4,1,3,2,2,2,5,5,5,485
"5d041d3c0425590017a002eb",15,15,20,15,15,20,17,17,22,15,15,20,NA,NA,NA,NA,NA,NA,NA,NA,NA,NA,NA,NA,NA,NA,NA,NA,NA,NA,NA,NA,NA,NA,NA,NA,69,2,1,NA,NA,NA,NA,NA,NA,NA,NA,"",3,2,2,0,2,NA,33,1,1,0,4,2,"",1,1,NA,NA,1,NA,NA,4,3,4,0,2,2,2,4,2,2,4,2,2,2,0,"",0,NA,1,NA,NA,NA,NA,NA,NA,NA,NA,"",4,3,2,3,4,2,1,1,1,1,5,5,5,853
"5c50ce33f1561a00011d6a7e",25,20,13,26,23,17,23,26,17,NA,NA,NA,23,24,29,NA,NA,NA,NA,NA,NA,NA,NA,NA,NA,NA,NA,NA,NA,NA,NA,NA,NA,NA,NA,NA,24,1,1,NA,NA,NA,NA,NA,NA,NA,NA,"",5,1,4,0,1,NA,39,1,1,0,4,1,"",NA,1,1,1,1,1,NA,2,1,0,0,3,1,1,1,4,4,4,3,4,2,0,"",0,1,NA,NA,1,NA,NA,NA,NA,NA,NA,"",2,3,2,3,4,2,2,1,1,1,5,5,5,374
"5d24fa4babb2dc0017763601",40,40,25,40,40,25,40,40,40,NA,NA,NA,NA,NA,NA,NA,NA,NA,NA,NA,NA,NA,NA,NA,NA,NA,NA,NA,NA,NA,40,40,40,NA,NA,NA,37,2,1,NA,NA,NA,NA,NA,NA,NA,NA,"",6,1,2,0,1,NA,22,1,1,0,5,1,"",1,NA,NA,NA,NA,NA,NA,5,1,1,1,2,3,2,2,5,4,3,0,2,0,0,"",0,NA,NA,NA,1,NA,NA,NA,1,NA,NA,"",5,3,3,3,4,4,4,3,2,2,3,3,4,545
"5d6ef5c2b173f30019171191",10,10,10,10,10,10,20,10,15,NA,NA,NA,NA,NA,NA,NA,NA,NA,NA,NA,NA,15,15,15,NA,NA,NA,NA,NA,NA,NA,NA,NA,NA,NA,NA,22,2,1,NA,NA,NA,NA,NA,NA,NA,NA,"",5,3,4,1,4,NA,31,0,0,0,3,4,"",NA,1,1,1,1,1,NA,3,3,0,0,2,1,1,1,4,4,4,2,3,0,0,"",0,1,NA,1,NA,NA,NA,1,NA,NA,NA,"",5,3,1,2,2,2,1,1,1,1,5,3,5,534
"5d672c0296e3c1001a59cf84",28,23,15,32,25,16,32,25,15,NA,NA,NA,NA,NA,NA,NA,NA,NA,NA,NA,NA,NA,NA,NA,NA,NA,NA,30,15,18,NA,NA,NA,NA,NA,NA,28,2,NA,NA,NA,1,NA,NA,NA,NA,NA,"",6,2,4,0,1,NA,22,1,1,0,4,2,"",1,1,1,1,1,NA,NA,3,1,1,1,3,2,1,1,4,2,3,2,1,3,0,"",0,1,1,NA,1,NA,1,1,NA,NA,NA,"",4,3,1,3,2,1,3,4,1,1,1,4,3,578
"5d8765008616d4001a232c58",20,20,15,25,30,20,30,25,25,NA,NA,NA,NA,NA,NA,30,30,20,NA,NA,NA,NA,NA,NA,NA,NA,NA,NA,NA,NA,NA,NA,NA,NA,NA,NA,29,2,1,NA,NA,NA,NA,NA,NA,NA,NA,"",6,5,4,0,4,NA,33,0,1,0,5,1,"",NA,1,1,NA,NA,NA,NA,2,1,2,1,3,3,3,3,3,4,4,0,4,0,1,"",0,1,1,NA,1,NA,NA,NA,NA,NA,NA,"",4,4,4,5,5,5,3,3,4,4,4,3,1,446
"59417543c768a500011c9731",24,20,18,24,20,18,28,20,20,NA,NA,NA,NA,NA,NA,NA,NA,NA,NA,NA,NA,NA,NA,NA,28,21,20,NA,NA,NA,NA,NA,NA,NA,NA,NA,26,2,1,NA,NA,NA,NA,NA,NA,NA,NA,"",6,2,3,0,2,NA,7,1,1,1,4,1,"",1,1,NA,1,1,1,NA,3,2,1,1,2,4,3,2,4,3,3,3,3,2,2,"",0,1,NA,NA,NA,1,1,NA,NA,NA,NA,"",4,2,1,3,2,1,3,2,1,2,5,3,3,766
"5c205371da51990001e17313",15,15,15,15,15,15,15,15,15,NA,NA,NA,NA,NA,NA,NA,NA,NA,NA,NA,NA,NA,NA,NA,NA,NA,NA,NA,NA,NA,NA,NA,NA,15,15,15,37,2,1,NA,NA,NA,NA,NA,NA,NA,NA,"",5,3,1,1,7,7,31,1,1,0,4,1,"",NA,1,1,NA,NA,NA,NA,3,2,0,0,1,1,1,1,4,4,4,2,2,1,0,"",0,1,NA,NA,NA,NA,NA,NA,NA,NA,NA,"",5,2,1,1,1,1,2,1,1,1,5,5,1,497
"5d961525e4f8b40017833260",9.99,9.99,9.99,15.99,15.99,15.99,30.99,30.99,30.99,NA,NA,NA,NA,NA,NA,NA,NA,NA,10.99,10.99,20.99,NA,NA,NA,NA,NA,NA,NA,NA,NA,NA,NA,NA,NA,NA,NA,28,1,1,NA,NA,NA,NA,NA,NA,NA,NA,"",5,2,1,1,4,NA,20,1,1,0,4,1,"",1,1,NA,NA,NA,NA,NA,2,2,2,2,6,5,5,5,5,5,NA,3,2,2,2,"",1,NA,1,NA,NA,1,NA,1,NA,NA,NA,"",4,3,4,4,5,4,4,4,3,4,4,2,1,432
"5c465a0126217400018ca7f7",25,15,15,25,15,20,35,35,20,NA,NA,NA,NA,NA,NA,NA,NA,NA,NA,NA,NA,NA,NA,NA,NA,NA,NA,30,25,30,NA,NA,NA,NA,NA,NA,28,1,1,NA,NA,NA,NA,NA,NA,NA,NA,"",5,1,4,0,1,NA,7,1,1,1,4,1,"",1,NA,1,NA,1,NA,NA,3,2,1,2,3,5,1,3,5,3,4,3,4,4,0,"",1,1,1,NA,1,NA,NA,1,NA,NA,NA,"",5,5,1,2,5,4,4,1,1,1,4,4,4,376
"5c2f093d867f660001b0003e",20,10,20,25,20,25,25,25,25,25,20,25,NA,NA,NA,NA,NA,NA,NA,NA,NA,NA,NA,NA,NA,NA,NA,NA,NA,NA,NA,NA,NA,NA,NA,NA,34,1,1,NA,NA,NA,NA,NA,NA,NA,NA,"",4,2,1,0,2,NA,31,1,1,0,2,1,"",NA,NA,NA,1,NA,1,NA,2,1,1,2,3,5,1,1,5,3,4,3,2,1,0,"",0,1,1,NA,1,NA,NA,NA,NA,NA,NA,"",4,3,1,1,1,1,1,5,1,1,5,5,4,543
"5c858ca8eceaa40001d3f488",30,30,25,30,30,25,30,30,25,NA,NA,NA,NA,NA,NA,NA,NA,NA,NA,NA,NA,NA,NA,NA,NA,NA,NA,NA,NA,NA,NA,NA,NA,30,30,25,24,2,NA,NA,NA,1,NA,NA,NA,NA,NA,"",5,1,4,0,3,NA,22,1,1,0,5,1,"",1,1,1,1,1,1,NA,4,2,0,0,2,3,2,1,5,4,3,3,3,3,0,"",0,1,NA,NA,1,NA,NA,NA,1,NA,NA,"",5,5,NA,2,2,1,2,1,1,1,2,3,5,573
"5cd4d7aaf014930017d35dbc",15,12,16,15,15,22,15,15,20,NA,NA,NA,NA,NA,NA,15,15,20,NA,NA,NA,NA,NA,NA,NA,NA,NA,NA,NA,NA,NA,NA,NA,NA,NA,NA,28,2,NA,NA,NA,NA,NA,1,NA,NA,NA,"",5,2,1,0,2,NA,33,1,1,0,4,1,"",1,1,NA,NA,NA,NA,NA,4,0,4,1,2,3,1,5,3,3,5,2,2,2,0,"",0,1,1,NA,1,NA,NA,NA,NA,NA,NA,"",4,4,3,1,1,1,2,2,1,1,5,5,4,450
"5b66358e9ed653000189c427",30,20,20,30,20,20,25,20,20,NA,NA,NA,25,20,20,NA,NA,NA,NA,NA,NA,NA,NA,NA,NA,NA,NA,NA,NA,NA,NA,NA,NA,NA,NA,NA,27,1,NA,NA,NA,NA,NA,1,NA,NA,NA,"",5,1,4,0,3,NA,33,0,0,1,4,4,"",1,1,1,1,1,1,NA,2,1,1,1,3,1,1,1,5,3,3,2,2,0,0,"",0,1,1,NA,NA,NA,NA,NA,NA,NA,NA,"",5,2,1,1,1,1,1,1,1,1,5,5,5,620
"596410b698cf77000106fe74",25,25,25,20,20,20,20,25,20,NA,NA,NA,NA,NA,NA,NA,NA,NA,25,20,20,NA,NA,NA,NA,NA,NA,NA,NA,NA,NA,NA,NA,NA,NA,NA,32,2,1,NA,NA,NA,NA,NA,NA,NA,NA,"",5,3,4,0,1,NA,33,1,1,0,5,2,"",1,NA,NA,NA,NA,NA,NA,2,1,1,1,3,3,1,4,3,3,3,4,3,2,0,"",0,1,NA,NA,1,NA,NA,NA,NA,NA,NA,"",5,3,3,1,2,1,1,1,1,1,5,3,5,351
"5d1570bf61a409001a1f656b",75,70,50,50,50,40,70,60,70,70,70,70,NA,NA,NA,NA,NA,NA,NA,NA,NA,NA,NA,NA,NA,NA,NA,NA,NA,NA,NA,NA,NA,NA,NA,NA,28,2,1,NA,NA,NA,NA,NA,NA,NA,NA,"",5,1,4,0,1,NA,33,1,1,0,4,2,"",1,NA,NA,NA,NA,NA,NA,1,0,1,0,3,3,1,5,3,3,1,2,2,2,0,"",0,NA,NA,NA,NA,1,NA,NA,NA,NA,NA,"",4,5,2,4,4,5,4,3,4,2,5,4,5,975
"5d1618630b1f87001715eca7",30,20,20,30,20,20,30,20,25,NA,NA,NA,NA,NA,NA,NA,NA,NA,NA,NA,NA,NA,NA,NA,NA,NA,NA,NA,NA,NA,30,20,25,NA,NA,NA,23,2,1,NA,NA,NA,NA,NA,NA,NA,NA,"",3,1,2,1,2,NA,39,1,1,0,4,4,"",NA,NA,NA,1,1,1,NA,3,1,-1,0,2,3,1,2,5,4,5,2,3,2,0,"",0,1,NA,NA,1,NA,NA,1,NA,NA,NA,"",5,2,3,2,4,3,3,2,1,1,1,4,5,1021
"5d7eb7bc85e6c900013f92d1",0,0,0,0,0,0,0,0,0,NA,NA,NA,NA,NA,NA,NA,NA,NA,NA,NA,NA,NA,NA,NA,0,0,0,NA,NA,NA,NA,NA,NA,NA,NA,NA,62,2,1,NA,NA,NA,NA,NA,NA,NA,NA,"",5,-1,1,0,2,NA,33,0,1,0,2,1,"",NA,1,NA,NA,NA,NA,NA,5,0,1,2,2,1,1,1,5,5,5,2,2,1,0,"",0,1,NA,NA,NA,NA,NA,NA,NA,1,NA,"Tastings",4,3,1,1,3,1,2,1,1,1,4,3,4,604
"5d5ac5792441f9001bce8c36",20,18,15,22,20,17,30,29,28,NA,NA,NA,NA,NA,NA,NA,NA,NA,NA,NA,NA,20,23,24,NA,NA,NA,NA,NA,NA,NA,NA,NA,NA,NA,NA,21,2,1,NA,NA,NA,NA,NA,NA,NA,NA,"",5,-1,4,0,1,NA,39,1,1,0,5,1,"",1,1,NA,NA,1,NA,NA,2,1,1,0,2,1,1,1,4,4,4,2,3,1,0,"",0,1,NA,NA,1,NA,NA,1,NA,NA,NA,"",5,3,1,4,4,3,1,1,1,1,5,3,3,312
"5d5ae62efd273000193c6f14",12,11,9,15,12,11,15,14,11,NA,NA,NA,NA,NA,NA,NA,NA,NA,NA,NA,NA,NA,NA,NA,12,12,10,NA,NA,NA,NA,NA,NA,NA,NA,NA,26,2,NA,NA,NA,1,NA,NA,NA,NA,NA,"",6,2,4,0,2,NA,22,1,1,0,4,NA,"",1,1,1,NA,1,1,NA,3,1,0,0,2,5,3,3,5,3,3,3,4,2,1,"",0,NA,1,NA,1,1,1,1,1,NA,NA,"",4,4,2,4,3,3,4,4,3,2,4,4,3,586
"5d3776d5d55420001e347234",48.6,50,40,48.6,50,40,50,50,45,NA,NA,NA,NA,NA,NA,50,50,45,NA,NA,NA,NA,NA,NA,NA,NA,NA,NA,NA,NA,NA,NA,NA,NA,NA,NA,25,2,NA,1,NA,NA,NA,NA,NA,NA,NA,"",5,3,3,0,3,NA,22,1,1,0,4,1,"",NA,1,NA,1,1,1,NA,4,3,0,1,5,3,2,1,4,4,3,2,3,1,0,"",0,1,NA,NA,1,NA,NA,NA,NA,NA,NA,"",4,3,3,2,3,1,3,3,1,1,5,5,4,1294
"5d1d5027558790001a6d4dea",50,25,15,45.99,42,25,95,56,63.33,NA,NA,NA,NA,NA,NA,NA,NA,NA,NA,NA,NA,NA,NA,NA,NA,NA,NA,NA,NA,NA,45,55,60,NA,NA,NA,29,1,1,NA,NA,NA,NA,NA,NA,NA,NA,"",3,2,4,0,1,NA,33,1,1,0,5,1,"",1,1,1,1,NA,NA,NA,6,5,6,4,5,2,4,4,5,4,3,4,3,4,3,"",0,NA,NA,1,NA,1,NA,NA,NA,NA,NA,"",2,5,4,3,5,5,3,5,3,4,1,3,1,182
"5ccafee43a7dbb0016546263",20,20,15,20,20,20,20,22,22,NA,NA,NA,20,22,25,NA,NA,NA,NA,NA,NA,NA,NA,NA,NA,NA,NA,NA,NA,NA,NA,NA,NA,NA,NA,NA,23,2,NA,1,NA,NA,NA,NA,NA,NA,NA,"",6,1,4,0,1,NA,22,1,1,0,2,4,"",NA,1,1,1,1,1,NA,3,1,0,0,3,4,1,1,5,5,5,2,3,3,0,"",0,1,NA,NA,NA,NA,NA,NA,1,NA,NA,"",3,2,2,3,4,2,2,2,1,1,5,5,4,745
"5ca749ff98b35f0001f7559d",20,20,20,25,30,25,25,30,25,NA,NA,NA,NA,NA,NA,NA,NA,NA,NA,NA,NA,30,30,30,NA,NA,NA,NA,NA,NA,NA,NA,NA,NA,NA,NA,34,2,NA,1,NA,NA,NA,NA,NA,NA,NA,"",4,1,1,1,5,NA,39,1,1,0,5,1,"",1,1,1,1,1,1,NA,5,4,5,0,5,1,1,1,5,5,3,3,4,4,0,"",0,NA,NA,NA,1,NA,NA,1,1,NA,NA,"",5,5,5,5,5,5,1,1,3,5,5,4,5,3724
"5da776e45a994b001450ecfb",20,20,20,25,25,25,25,25,25,25,25,25,NA,NA,NA,NA,NA,NA,NA,NA,NA,NA,NA,NA,NA,NA,NA,NA,NA,NA,NA,NA,NA,NA,NA,NA,22,2,1,NA,NA,NA,NA,1,NA,NA,NA,"",5,-1,3,0,2,NA,33,1,1,0,4,1,"",NA,1,NA,NA,NA,NA,NA,4,2,4,3,2,1,1,2,3,3,4,3,3,0,0,"",0,1,NA,NA,NA,NA,NA,NA,NA,NA,NA,"",5,1,1,2,2,1,1,1,1,1,5,5,1,512
"5da4b99b94d5160015f7093a",25,20,15,25,20,15,25,20,15,NA,NA,NA,NA,NA,NA,NA,NA,NA,NA,NA,NA,NA,NA,NA,NA,NA,NA,NA,NA,NA,NA,NA,NA,25,20,15,26,2,NA,NA,NA,1,NA,NA,NA,NA,NA,"",6,2,4,0,5,NA,31,1,1,0,4,1,"",1,1,1,NA,NA,NA,NA,4,1,1,2,2,1,1,1,5,4,3,2,4,4,0,"",0,1,1,NA,NA,NA,1,NA,NA,NA,NA,"",4,4,4,3,3,3,4,4,2,4,2,3,4,793
"5d7c3894ee7fb6001a1c06ab",19,15,19,35,30,35,40,40,40,NA,NA,NA,NA,NA,NA,NA,NA,NA,40,30,35,NA,NA,NA,NA,NA,NA,NA,NA,NA,NA,NA,NA,NA,NA,NA,25,1,NA,NA,NA,1,NA,NA,NA,NA,NA,"",5,2,3,0,2,NA,39,1,1,0,3,1,"",1,1,NA,NA,NA,NA,NA,1,1,0,0,2,3,2,2,4,3,3,2,1,1,0,"",0,NA,NA,NA,1,NA,NA,NA,NA,NA,NA,"",4,2,2,3,2,1,2,1,1,2,5,3,3,706
"5cf942378da406000127871f",10,10,5,10,10,6,15,15,6,NA,NA,NA,NA,NA,NA,NA,NA,NA,NA,NA,NA,NA,NA,NA,NA,NA,NA,10,10,6,NA,NA,NA,NA,NA,NA,36,2,NA,NA,NA,NA,NA,1,NA,NA,NA,"",5,1,4,0,3,NA,33,0,0,1,3,4,"",NA,1,1,1,1,1,NA,1,1,0,0,1,4,3,1,5,4,1,3,2,2,0,"",0,NA,1,NA,1,NA,NA,NA,NA,NA,NA,"",5,4,3,4,2,1,2,3,1,1,5,5,5,884
"5bdfb7b08bb020000175032e",15,15,15,18,18,18,18,17,20,NA,NA,NA,NA,NA,NA,NA,NA,NA,NA,NA,NA,NA,NA,NA,17,18,17,NA,NA,NA,NA,NA,NA,NA,NA,NA,32,2,1,NA,NA,NA,NA,NA,NA,NA,NA,"",3,3,3,0,2,NA,33,1,1,1,4,1,"",1,1,NA,NA,1,NA,NA,3,1,3,1,2,4,4,5,4,4,4,2,3,0,0,"",0,1,NA,NA,1,NA,NA,NA,NA,NA,NA,"",5,2,2,1,2,1,4,4,2,2,2,3,4,507
"5b03c49c6a67f90001f6d0ea",40,20,30,35,30,25,50,40,45,NA,NA,NA,45,35,48,NA,NA,NA,NA,NA,NA,NA,NA,NA,NA,NA,NA,NA,NA,NA,NA,NA,NA,NA,NA,NA,24,1,NA,NA,NA,1,NA,NA,NA,NA,NA,"",5,3,4,0,4,NA,33,1,1,0,4,2,"",NA,1,NA,1,1,1,NA,3,1,2,2,2,2,2,2,5,5,5,4,4,4,1,"",0,1,NA,NA,NA,NA,NA,NA,NA,NA,NA,"",5,3,2,3,4,4,4,2,4,4,5,5,5,775
"5acb9420fa3b4e000173b3c1",13.99,12.99,19.99,12.99,11.99,14.99,12.99,14.99,18.99,NA,NA,NA,NA,NA,NA,NA,NA,NA,13.99,12.99,15.99,NA,NA,NA,NA,NA,NA,NA,NA,NA,NA,NA,NA,NA,NA,NA,31,1,1,NA,NA,NA,NA,NA,NA,NA,NA,"",8,2,1,1,3,NA,33,1,1,0,3,1,"",NA,NA,1,1,1,NA,NA,2,1,1,1,2,2,2,4,5,3,4,4,3,1,0,"",0,1,NA,NA,1,NA,NA,NA,NA,NA,NA,"",4,3,1,2,2,1,1,1,1,1,5,3,4,661
"5c5c605231c89c0001bae560",12.99,14.99,10.99,12.99,14.99,10.99,10.99,14.99,12.99,NA,NA,NA,NA,NA,NA,NA,NA,NA,NA,NA,NA,NA,NA,NA,NA,NA,NA,NA,NA,NA,NA,NA,NA,10.99,14.99,12.99,29,1,1,NA,NA,NA,NA,NA,NA,NA,NA,"",5,2,4,0,2,NA,31,1,1,0,5,4,"",1,1,1,NA,NA,NA,NA,3,1,0,0,2,3,3,1,4,5,3,2,3,3,0,"",0,NA,NA,NA,1,NA,NA,NA,NA,NA,NA,"",5,3,1,4,3,3,3,3,3,3,5,5,5,383
"5d01363cd0c32f0001bdadf5",20,15,15,20,15,15,15,15,15,20,17.5,17.5,NA,NA,NA,NA,NA,NA,NA,NA,NA,NA,NA,NA,NA,NA,NA,NA,NA,NA,NA,NA,NA,NA,NA,NA,28,2,1,NA,NA,NA,NA,NA,NA,NA,NA,"",6,1,4,0,1,NA,39,1,1,0,4,1,"",1,1,1,NA,NA,NA,NA,4,1,1,1,2,3,3,3,5,4,4,2,3,1,0,"",0,1,NA,NA,1,NA,NA,NA,NA,NA,NA,"",5,3,3,5,4,2,4,4,1,2,5,5,5,411
"5c92dd53f6333f00160d7305",20,20,20,20,20,20,15,18,20,NA,NA,NA,NA,NA,NA,NA,NA,NA,NA,NA,NA,NA,NA,NA,NA,NA,NA,18,15,18,NA,NA,NA,NA,NA,NA,24,2,1,NA,NA,NA,NA,NA,NA,NA,NA,"",5,2,4,0,1,NA,33,1,1,0,5,2,"",1,1,1,NA,1,1,NA,3,2,1,0,3,4,4,3,4,4,4,4,3,1,0,"",0,NA,1,NA,NA,NA,NA,NA,NA,NA,NA,"",4,2,1,3,3,2,3,4,4,3,2,5,3,422
"5c19bb4bcbe7600001433bc3",50,40,40,50,40,40,55,30,45,NA,NA,NA,NA,NA,NA,NA,NA,NA,NA,NA,NA,50,30,45,NA,NA,NA,NA,NA,NA,NA,NA,NA,NA,NA,NA,53,2,1,NA,NA,NA,NA,NA,NA,NA,NA,"",4,3,3,0,2,NA,39,1,1,0,5,2,"",1,1,NA,NA,1,NA,NA,4,1,1,1,4,4,3,3,5,4,3,3,4,2,1,"",0,1,1,NA,1,NA,NA,NA,1,NA,NA,"",2,3,3,3,2,2,2,2,2,2,4,4,3,1041
"5d5b74c1fe8768000131db67",18,18,16,20,20,18,18,14,18,NA,NA,NA,NA,NA,NA,18,18,15,NA,NA,NA,NA,NA,NA,NA,NA,NA,NA,NA,NA,NA,NA,NA,NA,NA,NA,24,2,1,NA,NA,NA,NA,NA,NA,NA,NA,"",5,3,3,0,2,NA,22,0,1,0,3,1,"",NA,1,1,1,1,1,NA,3,2,1,3,2,4,3,1,4,3,3,1,0,0,0,"",0,1,NA,NA,1,NA,NA,NA,1,NA,NA,"",4,1,1,2,4,1,2,2,1,1,5,3,4,1847
"59c65eb83306be000195bb01",25,19,13,25,19,13,21,19,18,NA,NA,NA,NA,NA,NA,NA,NA,NA,NA,NA,NA,NA,NA,NA,NA,NA,NA,NA,NA,NA,21,19,18,NA,NA,NA,73,1,1,NA,NA,NA,NA,NA,NA,NA,NA,"",5,3,1,0,2,NA,22,1,1,0,5,1,"",1,NA,NA,NA,NA,NA,NA,4,1,0,1,2,2,1,2,4,4,4,4,3,1,0,"",0,1,1,NA,1,1,NA,NA,NA,NA,NA,"",4,3,3,2,3,1,2,1,1,1,5,3,5,835
"5b8d638159917c0001756f5f",65,45,20,75,50,18,35,45,25,NA,NA,NA,25,25,30,NA,NA,NA,NA,NA,NA,NA,NA,NA,NA,NA,NA,NA,NA,NA,NA,NA,NA,NA,NA,NA,26,2,1,NA,NA,NA,NA,NA,NA,NA,NA,"",5,2,4,0,1,NA,33,1,1,0,4,4,"",NA,1,1,NA,1,NA,NA,2,2,0,0,2,3,2,1,4,3,2,2,4,0,0,"",0,1,1,NA,NA,NA,NA,NA,1,NA,NA,"",5,3,2,3,4,2,1,1,1,1,5,5,4,912
"5cec0ce40b7ee000169a8223",15.25,15.25,17,15.25,15.25,17,18.25,18.25,20,NA,NA,NA,NA,NA,NA,NA,NA,NA,20,17,17,NA,NA,NA,NA,NA,NA,NA,NA,NA,NA,NA,NA,NA,NA,NA,26,2,1,NA,NA,NA,NA,1,NA,NA,NA,"",5,3,3,0,2,NA,33,1,1,0,5,1,"",1,1,NA,NA,1,NA,NA,5,3,1,1,2,5,5,3,5,5,3,0,2,2,0,"",0,1,1,NA,NA,NA,NA,NA,1,NA,NA,"",5,3,3,3,3,3,3,3,2,2,5,3,5,671
"5da5e4b047fd9b001763f275",20,14,14,20,14,14,20,14,14,NA,NA,NA,NA,NA,NA,NA,NA,NA,NA,NA,NA,NA,NA,NA,NA,NA,NA,20,12,16,NA,NA,NA,NA,NA,NA,43,2,1,NA,NA,NA,NA,NA,NA,NA,NA,"",6,3,3,0,2,NA,33,1,1,0,3,4,"",1,1,1,NA,1,NA,NA,3,2,1,0,2,3,4,3,5,3,3,3,3,0,1,"",0,1,1,NA,NA,NA,NA,NA,NA,NA,NA,"",4,3,1,2,3,1,2,1,1,2,4,3,3,483
"5d82f39249c4070019e969db",20,15,10,25,20,15,25,20,15,NA,NA,NA,NA,NA,NA,NA,NA,NA,NA,NA,NA,NA,NA,NA,NA,NA,NA,NA,NA,NA,25,20,15,NA,NA,NA,26,1,1,NA,NA,NA,NA,NA,NA,NA,NA,"",5,2,4,0,1,NA,39,1,1,0,4,1,"",1,1,NA,NA,NA,NA,NA,3,1,0,1,2,3,1,1,4,3,3,2,2,2,0,"",0,NA,NA,NA,1,NA,NA,NA,NA,NA,NA,"",4,4,4,4,4,4,4,4,4,4,1,3,5,386
"5c3277502c45d400014b6e98",25,30,38,25,30,38,25,38,30,NA,NA,NA,NA,NA,NA,NA,NA,NA,NA,NA,NA,NA,NA,NA,NA,NA,NA,NA,NA,NA,NA,NA,NA,25,38,30,30,2,1,NA,NA,NA,NA,NA,NA,NA,NA,"",5,2,1,0,2,NA,33,0,1,0,5,1,"",1,1,NA,1,NA,1,NA,1,1,1,0,4,2,1,1,3,4,4,3,4,2,0,"",0,NA,1,NA,NA,NA,NA,NA,NA,NA,NA,"",4,4,1,4,4,1,2,1,2,2,3,3,5,525
"5a4d9a180b81780001303324",20,20,20,25,25,25,25,20,25,NA,NA,NA,NA,NA,NA,25,20,22,NA,NA,NA,NA,NA,NA,NA,NA,NA,NA,NA,NA,NA,NA,NA,NA,NA,NA,38,1,1,NA,NA,NA,NA,NA,NA,NA,NA,"",3,2,1,1,6,NA,33,1,1,0,4,1,"",NA,1,NA,NA,1,1,NA,3,2,3,1,3,4,4,5,5,5,4,3,4,1,1,"",0,NA,NA,NA,NA,1,NA,NA,NA,NA,NA,"",3,4,2,3,3,2,3,3,1,1,2,4,4,592
"5cf2859e75b61a0016d00331",35,25,20,35,25,20,40,35,20,NA,NA,NA,NA,NA,NA,NA,NA,NA,NA,NA,NA,NA,NA,NA,35,25,15.99,NA,NA,NA,NA,NA,NA,NA,NA,NA,25,2,1,NA,NA,NA,NA,NA,NA,NA,NA,"",5,3,1,1,3,NA,22,1,1,0,3,1,"",NA,1,NA,NA,1,NA,NA,5,3,1,1,2,2,2,3,4,4,2,0,4,2,0,"",0,1,NA,NA,1,NA,NA,1,NA,NA,NA,"",4,2,1,3,2,3,2,2,1,3,2,4,4,552
"5d9d0ca635fd02001659112e",20,15,15,20,15,15,17,20,15,NA,NA,NA,NA,NA,NA,NA,NA,NA,NA,NA,NA,15,20,17,NA,NA,NA,NA,NA,NA,NA,NA,NA,NA,NA,NA,31,3,1,NA,NA,NA,NA,NA,NA,NA,NA,"",3,2,3,0,2,NA,39,1,1,1,5,1,"",NA,1,1,1,1,1,NA,3,1,1,1,2,5,4,4,5,4,4,3,4,3,1,"",-1,1,NA,NA,1,1,NA,1,1,NA,NA,"",4,2,2,3,3,3,4,4,2,2,5,4,4,429
"5d2d1b260cdcf7001abe5b1a",10,25,20,12,22,20,22,20,30,18,19.99,25,NA,NA,NA,NA,NA,NA,NA,NA,NA,NA,NA,NA,NA,NA,NA,NA,NA,NA,NA,NA,NA,NA,NA,NA,56,2,1,NA,NA,NA,NA,NA,NA,NA,NA,"",6,5,1,1,3,NA,20,1,1,0,5,1,"",1,1,NA,1,NA,NA,NA,6,2,3,1,4,3,2,4,4,4,5,3,2,4,1,"",1,1,1,NA,NA,1,NA,NA,1,NA,NA,"",3,5,3,4,3,2,4,3,2,3,3,4,3,1728
"59e2bd8e24d7bf00012f0d7e",35,20,15,35,20,15,20,20,20,NA,NA,NA,20,20,20,NA,NA,NA,NA,NA,NA,NA,NA,NA,NA,NA,NA,NA,NA,NA,NA,NA,NA,NA,NA,NA,42,1,1,NA,NA,NA,NA,NA,NA,NA,NA,"",6,3,1,0,2,NA,33,0,1,0,4,1,"",1,1,1,1,1,1,NA,3,1,1,1,2,4,5,5,4,4,4,4,2,1,1,"",0,NA,NA,NA,1,NA,NA,NA,NA,1,NA,"vineyard visit",4,2,NA,2,3,2,3,4,3,3,2,3,4,480
"5a638189c0d836000107b798",7.99,5.99,5.99,7.99,5.99,6.99,7.99,5.99,6.99,NA,NA,NA,NA,NA,NA,8.99,7.99,5.99,NA,NA,NA,NA,NA,NA,NA,NA,NA,NA,NA,NA,NA,NA,NA,NA,NA,NA,43,-1,NA,NA,NA,NA,NA,NA,NA,NA,1,"",5,-1,1,1,5,NA,33,1,1,0,3,4,"",NA,1,NA,NA,NA,NA,NA,3,1,5,0,2,2,2,2,3,3,2,2,3,2,0,"",0,1,1,NA,NA,NA,NA,1,1,NA,NA,"",3,3,3,3,3,3,4,4,3,3,1,3,3,1117
"57d435c8ca054400014bac35",15,15,15,15,15,15,15,15,15,15,15,15,NA,NA,NA,NA,NA,NA,NA,NA,NA,NA,NA,NA,NA,NA,NA,NA,NA,NA,NA,NA,NA,NA,NA,NA,73,2,1,NA,NA,NA,NA,NA,NA,NA,NA,"",6,1,4,0,1,NA,33,1,1,0,5,1,"",NA,1,1,NA,NA,NA,NA,4,1,1,3,2,3,1,1,5,3,3,2,3,1,0,"",0,NA,NA,NA,NA,NA,NA,NA,NA,1,NA,"wine tasting at the store",5,1,1,1,1,1,2,1,1,1,5,3,5,750
"586bc7646cb8dd0001a297ce",15,10,7,15,10,7,15,10,7,NA,NA,NA,NA,NA,NA,NA,NA,NA,NA,NA,NA,NA,NA,NA,NA,NA,NA,NA,NA,NA,15,10,7,NA,NA,NA,0,2,NA,NA,NA,NA,NA,NA,NA,NA,1,"",5,-1,4,0,2,NA,33,1,1,0,5,1,"",NA,1,1,NA,1,NA,NA,4,4,3,2,1,3,3,2,3,3,3,3,3,1,1,"",0,NA,NA,NA,NA,NA,NA,NA,1,NA,NA,"",5,1,1,1,1,1,2,2,2,2,5,5,3,282
"5c800cc5e634bc0015b3a75d",25,25,20,25,25,20,25,25,20,NA,NA,NA,NA,NA,NA,NA,NA,NA,NA,NA,NA,NA,NA,NA,NA,NA,NA,30,25,30,NA,NA,NA,NA,NA,NA,28,2,1,NA,NA,NA,NA,NA,NA,NA,NA,"",6,1,4,0,1,NA,39,1,1,0,4,2,"",NA,1,1,NA,1,1,NA,3,2,0,2,3,1,1,1,4,4,3,3,2,1,0,"",0,1,NA,NA,1,NA,NA,1,1,NA,NA,"",5,2,2,2,4,1,1,1,1,1,5,5,5,907
"5c6deaa84e43fe0001b4544d",30,25,30,32,27,22,40,35,30,NA,NA,NA,NA,NA,NA,NA,NA,NA,45,32,30,NA,NA,NA,NA,NA,NA,NA,NA,NA,NA,NA,NA,NA,NA,NA,30,1,NA,NA,NA,1,NA,NA,NA,NA,NA,"",5,2,3,1,3,NA,39,1,1,0,5,2,"",1,1,NA,NA,1,NA,NA,3,2,1,2,4,5,4,4,5,4,3,4,4,3,2,"",1,1,NA,NA,1,NA,1,1,1,NA,NA,"",3,5,5,4,5,4,5,5,5,5,2,4,4,672
"584d44c60bdf1c00010e7940",30,20,15,30,20,15,30,20,25,NA,NA,NA,NA,NA,NA,NA,NA,NA,NA,NA,NA,NA,NA,NA,25,20,25,NA,NA,NA,NA,NA,NA,NA,NA,NA,57,2,NA,1,NA,NA,NA,NA,NA,NA,NA,"",4,1,2,0,1,NA,22,1,1,0,3,1,"",NA,NA,NA,1,NA,NA,NA,1,1,-1,0,2,1,1,1,5,3,3,0,0,0,0,"",0,1,NA,NA,NA,NA,NA,NA,NA,NA,NA,"",4,3,3,3,4,3,1,1,1,5,5,5,5,1488
"5af36fff59229a0001d1bd6a",20,20,20,20,20,20,20,15,20,NA,NA,NA,NA,NA,NA,NA,NA,NA,NA,NA,NA,NA,NA,NA,NA,NA,NA,NA,NA,NA,NA,NA,NA,15,15,15,30,2,1,1,NA,NA,NA,NA,NA,NA,NA,"",2,2,3,1,3,NA,39,1,1,0,4,1,"",1,1,1,NA,1,1,NA,1,1,0,0,2,1,1,1,3,3,3,2,4,2,0,"",0,NA,NA,NA,1,NA,NA,NA,1,NA,NA,"",3,2,1,3,5,1,2,1,1,1,5,5,4,536
"5cebb907b5a9d90019c08ba6",50,50,50,50,50,50,30,20,30,NA,NA,NA,NA,NA,NA,NA,NA,NA,NA,NA,NA,20,25,30,NA,NA,NA,NA,NA,NA,NA,NA,NA,NA,NA,NA,41,2,1,NA,NA,NA,NA,NA,NA,NA,NA,"",5,2,4,0,1,NA,33,1,1,0,5,4,"",1,1,1,NA,1,NA,NA,3,2,1,2,4,5,4,3,5,5,4,2,3,1,0,"",0,1,NA,NA,1,NA,NA,NA,NA,NA,NA,"",4,3,2,3,2,1,5,5,4,3,2,3,4,559
"5c60545539a6c60001ffd3e9",25,25,25,25,25,25,25,25,25,NA,NA,NA,NA,NA,NA,NA,NA,NA,NA,NA,NA,NA,NA,NA,25,25,25,NA,NA,NA,NA,NA,NA,NA,NA,NA,44,2,NA,NA,NA,NA,NA,1,NA,NA,NA,"",6,4,4,0,1,NA,33,1,1,1,5,2,"",1,1,1,NA,1,NA,NA,3,1,3,2,3,5,5,5,5,5,5,3,3,1,2,"",0,1,1,NA,NA,1,1,NA,1,NA,NA,"",4,5,4,4,3,3,4,3,2,2,2,3,4,508
"5c32723b867f660001b0ab84",50,50,50,50,50,50,50,60,60,NA,NA,NA,50,60,65,NA,NA,NA,NA,NA,NA,NA,NA,NA,NA,NA,NA,NA,NA,NA,NA,NA,NA,NA,NA,NA,57,2,1,NA,NA,NA,NA,NA,NA,NA,NA,"",4,3,1,0,4,NA,20,1,1,0,4,1,"",NA,1,1,NA,1,1,NA,3,1,1,0,3,4,3,3,4,3,3,3,4,3,2,"",0,1,NA,NA,NA,NA,NA,NA,NA,NA,NA,"",3,1,1,2,3,2,3,3,1,2,3,3,5,498
"5d81316a6b650000151adb4e",60,40,30,60,40,30,30,30,30.9,NA,NA,NA,NA,NA,NA,NA,NA,NA,30,20,20,NA,NA,NA,NA,NA,NA,NA,NA,NA,NA,NA,NA,NA,NA,NA,31,2,1,NA,NA,NA,NA,NA,NA,NA,NA,"",6,3,1,1,3,NA,7,0,0,0,4,1,"",1,NA,NA,NA,NA,NA,NA,4,1,0,0,2,4,3,1,5,5,4,3,4,0,0,"",0,1,1,NA,NA,NA,NA,NA,NA,NA,NA,"",4,3,1,3,3,1,3,2,2,2,4,3,5,371
"5be5edc29907dd00013b241b",13,12,10,14,12,11,12,14,13,NA,NA,NA,NA,NA,NA,11,12,10,NA,NA,NA,NA,NA,NA,NA,NA,NA,NA,NA,NA,NA,NA,NA,NA,NA,NA,29,2,NA,1,NA,NA,NA,1,NA,NA,NA,"",6,2,3,0,2,NA,39,1,1,1,5,1,"",1,1,1,1,NA,1,NA,3,1,3,2,2,5,2,5,5,4,3,3,4,2,0,"",0,1,NA,NA,1,NA,NA,NA,1,NA,NA,"",4,3,3,2,4,2,2,2,2,2,2,3,3,609
"5cf3c1b0f8ce8d001ca51790",75,55,20,55,45,20,45,25,15,NA,NA,NA,NA,NA,NA,NA,NA,NA,NA,NA,NA,NA,NA,NA,NA,NA,NA,45,20,15,NA,NA,NA,NA,NA,NA,23,2,NA,1,NA,NA,NA,NA,NA,NA,NA,"",3,2,4,1,4,NA,39,1,1,0,5,1,"",NA,NA,NA,1,NA,NA,NA,4,0,0,0,2,1,1,1,1,1,1,2,4,3,0,"",0,NA,NA,NA,NA,NA,NA,1,NA,NA,NA,"",4,1,1,1,4,5,1,1,1,1,4,2,3,727
"5905510a24375600010c7f83",20,20,20,20,20,20,20,20,20,NA,NA,NA,NA,NA,NA,NA,NA,NA,NA,NA,NA,20,20,20,NA,NA,NA,NA,NA,NA,NA,NA,NA,NA,NA,NA,36,1,1,NA,NA,NA,NA,NA,NA,NA,NA,"",6,3,3,0,2,NA,33,1,1,0,4,1,"",1,NA,NA,NA,NA,NA,NA,2,1,1,0,4,3,1,1,3,3,3,2,2,1,2,"",0,1,1,1,1,1,NA,NA,1,NA,NA,"",5,3,1,1,1,1,3,3,1,1,2,4,3,432
"5ba3d4590e41db0001786ca1",19.99,14.99,12.99,22.99,16.99,13.99,23.99,17.99,15.99,NA,NA,NA,NA,NA,NA,NA,NA,NA,NA,NA,NA,NA,NA,NA,NA,NA,NA,NA,NA,NA,NA,NA,NA,26.99,18.99,16.99,36,2,1,NA,NA,NA,NA,NA,NA,NA,NA,"",3,3,1,1,5,NA,30,1,1,1,3,1,"",1,1,NA,NA,NA,NA,NA,3,1,1,0,3,3,1,1,4,3,3,2,3,0,0,"",0,1,NA,NA,1,NA,NA,NA,NA,NA,NA,"",3,2,1,3,3,1,1,1,1,1,5,5,5,282
"55ab8a14fdf99b2dced04285",25,25,25,25,25,25,25,25,25,NA,NA,NA,NA,NA,NA,NA,NA,NA,NA,NA,NA,NA,NA,NA,NA,NA,NA,NA,NA,NA,25,25,25,NA,NA,NA,33,1,1,NA,NA,NA,NA,NA,NA,NA,NA,"",5,2,4,0,1,NA,33,1,1,0,4,1,"",1,1,1,NA,NA,NA,NA,3,1,2,0,2,4,2,3,4,4,4,2,3,0,0,"",0,1,1,NA,1,NA,NA,NA,NA,NA,NA,"",5,2,2,3,1,1,1,1,1,1,5,3,5,871
"5d7aa0f08804190001b4602f",20,15,12,20,15,12,15,15,15,18,18,18,NA,NA,NA,NA,NA,NA,NA,NA,NA,NA,NA,NA,NA,NA,NA,NA,NA,NA,NA,NA,NA,NA,NA,NA,23,1,1,NA,NA,NA,NA,NA,NA,NA,NA,"",5,2,4,0,2,NA,22,1,1,0,4,1,"",1,1,1,NA,1,NA,NA,3,1,0,1,1,5,1,1,5,3,2,2,3,0,0,"",0,NA,NA,NA,NA,NA,NA,NA,NA,1,NA,"I don't",5,2,1,1,1,1,1,1,1,1,5,5,4,372
"5c0735ac0ea1410001a9d1c7",25,15,12,25,15,10,20,20,15,NA,NA,NA,NA,NA,NA,25,20,10,NA,NA,NA,NA,NA,NA,NA,NA,NA,NA,NA,NA,NA,NA,NA,NA,NA,NA,31,2,1,NA,NA,NA,NA,NA,NA,NA,NA,"",5,1,3,1,4,NA,39,1,1,0,3,1,"",1,NA,NA,1,1,1,NA,3,2,1,2,3,4,3,3,5,4,3,2,2,2,0,"",0,1,NA,NA,1,1,NA,NA,1,NA,NA,"",4,3,2,3,2,2,3,2,2,2,5,3,4,349
"5c5ae4a166c50300015170a8",25,15,8,25,15,8,25,15,10,NA,NA,NA,NA,NA,NA,NA,NA,NA,NA,NA,NA,NA,NA,NA,NA,NA,NA,25,15,12,NA,NA,NA,NA,NA,NA,46,2,1,NA,NA,NA,NA,NA,NA,NA,NA,"",5,2,1,0,2,NA,39,1,1,0,5,1,"",NA,1,1,NA,NA,NA,NA,4,2,3,2,3,3,3,4,5,5,4,2,3,2,0,"",0,1,NA,NA,NA,NA,1,NA,NA,NA,NA,"",3,4,3,4,4,2,3,2,2,1,2,3,5,425
"5d5af833f35ed70001e17a5c",17.99,17.99,12.99,17.99,17.99,12.99,24.99,24.99,15.99,NA,NA,NA,NA,NA,NA,NA,NA,NA,NA,NA,NA,14.99,19.99,17.99,NA,NA,NA,NA,NA,NA,NA,NA,NA,NA,NA,NA,25,1,1,NA,NA,NA,NA,NA,NA,NA,NA,"",5,2,4,0,1,NA,31,1,1,0,5,2,"",1,1,1,1,NA,1,NA,3,3,3,3,3,3,3,3,4,4,3,3,2,1,0,"",0,1,NA,NA,NA,NA,NA,NA,NA,NA,NA,"",5,4,2,3,3,2,4,4,2,4,2,5,3,466
"5d31b301d509220001684de5",60,40,20,60,40,20,70,25,25,NA,NA,NA,NA,NA,NA,NA,NA,NA,NA,NA,NA,NA,NA,NA,60,30,25,NA,NA,NA,NA,NA,NA,NA,NA,NA,40,1,1,NA,NA,NA,NA,NA,NA,NA,NA,"",6,5,1,1,4,NA,39,0,1,0,4,1,"",1,1,1,NA,1,NA,NA,5,2,0,1,3,5,5,1,5,5,1,4,1,1,0,"",0,NA,NA,1,1,NA,NA,1,NA,NA,NA,"",4,4,1,3,3,2,2,2,1,1,2,3,4,483
"5c71b1810ea79a000137a593",20,20,10,20,20,20,20,20,20,NA,NA,NA,NA,NA,NA,NA,NA,NA,NA,NA,NA,NA,NA,NA,NA,NA,NA,NA,NA,NA,NA,NA,NA,20,20,20,22,2,NA,NA,NA,NA,NA,NA,1,NA,NA,"",5,3,4,0,5,NA,22,0,0,0,4,NA,"",1,1,1,1,1,1,NA,4,1,0,0,2,3,3,2,5,5,4,3,4,1,0,"",0,1,NA,NA,1,NA,NA,NA,NA,NA,NA,"",4,3,3,5,3,4,3,3,2,3,3,4,5,692
"5ae3563e5cd05500015ed96b",15,15,15,15,15,15,15,15,15,NA,NA,NA,15,15,15,NA,NA,NA,NA,NA,NA,NA,NA,NA,NA,NA,NA,NA,NA,NA,NA,NA,NA,NA,NA,NA,34,2,1,NA,NA,NA,NA,NA,NA,NA,NA,"",5,4,3,0,2,NA,39,1,1,1,4,1,"",1,NA,NA,NA,NA,NA,NA,4,1,1,3,2,3,3,3,4,4,4,3,2,0,0,"",0,1,NA,NA,1,NA,NA,NA,NA,NA,NA,"",4,2,1,1,1,1,3,3,2,3,2,3,4,388
"5d1cf86b74a06a0019e3079c",14,14,12,18,18,16,18,18,16,18,18,16,NA,NA,NA,NA,NA,NA,NA,NA,NA,NA,NA,NA,NA,NA,NA,NA,NA,NA,NA,NA,NA,NA,NA,NA,32,2,1,NA,NA,NA,NA,NA,NA,NA,NA,"",6,4,1,1,5,NA,39,1,1,0,5,2,"",NA,NA,1,1,NA,NA,NA,3,1,1,1,3,1,1,NA,3,3,3,3,3,2,2,"",1,1,1,NA,1,NA,NA,1,1,NA,NA,"",3,3,3,4,4,4,3,2,1,1,3,5,5,838
"5d2fa52a3301a300191e71b7",15,12,12,15,12,12,15,12,12,NA,NA,NA,NA,NA,NA,NA,NA,NA,15,12,12,NA,NA,NA,NA,NA,NA,NA,NA,NA,NA,NA,NA,NA,NA,NA,25,1,NA,NA,NA,1,NA,NA,NA,NA,NA,"",5,1,4,0,1,NA,33,1,1,0,3,1,"",NA,1,1,1,1,NA,NA,3,1,1,1,2,4,2,2,4,4,3,2,2,1,0,"",0,1,1,NA,1,NA,NA,NA,NA,NA,NA,"",5,5,3,3,2,2,3,3,2,2,5,5,5,383
"5d9fb26094ad4a0013d62aad",50,20,30,25,20,20,30,25,25,NA,NA,NA,NA,NA,NA,NA,NA,NA,NA,NA,NA,NA,NA,NA,NA,NA,NA,NA,NA,NA,30,30,30,NA,NA,NA,27,1,1,NA,NA,NA,NA,NA,NA,NA,NA,"",5,3,4,0,2,NA,33,1,1,0,5,4,"",1,1,1,NA,NA,1,NA,3,1,3,1,3,3,3,3,3,3,3,3,4,3,0,"",0,1,1,NA,NA,NA,NA,NA,1,NA,NA,"",5,4,4,3,4,3,2,2,2,2,1,5,5,288
"5d504197f279ae000195bb85",20,18,10,20,18,12,20,18,16,NA,NA,NA,NA,NA,NA,20,18,14,NA,NA,NA,NA,NA,NA,NA,NA,NA,NA,NA,NA,NA,NA,NA,NA,NA,NA,34,1,1,NA,NA,NA,NA,NA,NA,NA,NA,"",5,3,4,0,1,NA,33,1,1,0,5,2,"",1,NA,NA,NA,NA,NA,NA,3,1,0,0,2,3,2,1,4,4,2,2,2,0,1,"",0,NA,NA,NA,NA,1,NA,NA,NA,NA,NA,"",3,3,1,2,2,1,2,2,1,1,5,5,5,369
"5a4ffbc076d1c60001aa9438",50,30,10,65,50,20,55,60,30,NA,NA,NA,55,60,35,NA,NA,NA,NA,NA,NA,NA,NA,NA,NA,NA,NA,NA,NA,NA,NA,NA,NA,NA,NA,NA,33,2,1,NA,NA,NA,NA,NA,NA,NA,NA,"",5,3,2,1,5,NA,33,1,1,0,4,1,"",1,1,1,1,1,1,NA,5,2,2,1,4,1,1,3,5,5,5,3,4,1,0,"",0,1,1,NA,1,NA,NA,NA,NA,NA,NA,"",4,1,1,2,4,1,2,2,1,2,2,4,4,690
"5d7a8e02f9b627001acb9737",12,14,15,10,10,12,15,12,12,NA,NA,NA,NA,NA,NA,NA,NA,NA,NA,NA,NA,NA,NA,NA,12,15,12,NA,NA,NA,NA,NA,NA,NA,NA,NA,26,2,1,NA,NA,NA,NA,NA,NA,NA,NA,"",6,2,4,0,1,NA,31,1,1,1,3,1,"",1,1,NA,NA,NA,NA,NA,2,2,0,0,2,3,3,3,3,3,3,2,3,1,0,"",0,1,NA,NA,NA,NA,NA,NA,NA,NA,NA,"",3,2,2,2,3,2,2,1,1,2,5,4,5,586
"5c3b8e621ede2b00011604a9",25,20,20,25,20,20,25,20,20,NA,NA,NA,NA,NA,NA,NA,NA,NA,25,20,20,NA,NA,NA,NA,NA,NA,NA,NA,NA,NA,NA,NA,NA,NA,NA,49,2,1,NA,NA,NA,NA,NA,NA,NA,NA,"",6,3,3,1,5,NA,33,1,0,1,5,4,"",1,1,NA,NA,1,NA,NA,1,1,1,0,3,3,2,2,4,3,3,2,3,2,0,"",0,NA,1,NA,NA,NA,NA,NA,NA,NA,NA,"",3,3,2,2,2,1,2,1,1,1,5,3,5,458
"537d1768fdf99b2275a4019a",30,25,20,35,25,20,35,28,20,NA,NA,NA,NA,NA,NA,NA,NA,NA,NA,NA,NA,NA,NA,NA,NA,NA,NA,35,20,28,NA,NA,NA,NA,NA,NA,31,1,1,NA,NA,NA,NA,1,NA,NA,NA,"",5,2,4,0,4,NA,33,1,1,0,5,1,"",1,1,1,NA,NA,NA,NA,6,3,1,1,3,4,4,1,4,3,3,2,2,2,0,"",0,1,NA,NA,1,NA,NA,1,1,NA,NA,"",3,4,1,2,4,2,4,4,1,1,2,4,5,916
"5d97f30dbe5c0c00154995fe",20,15,15,20,15,15,17,16,14,16,16,15,NA,NA,NA,NA,NA,NA,NA,NA,NA,NA,NA,NA,NA,NA,NA,NA,NA,NA,NA,NA,NA,NA,NA,NA,21,3,1,NA,NA,NA,NA,1,NA,NA,NA,"",3,1,4,0,4,NA,22,1,1,0,5,1,"",NA,1,1,1,1,NA,NA,2,1,0,2,2,4,4,2,5,5,4,2,3,0,0,"",0,1,1,NA,1,NA,NA,NA,NA,1,NA,"browsing the store",5,2,2,1,3,1,2,4,2,2,5,4,4,658
"5d9b82ec635eab0015205624",25,20,15,25,20,15,25,20,15,NA,NA,NA,NA,NA,NA,NA,NA,NA,NA,NA,NA,15,20,20,NA,NA,NA,NA,NA,NA,NA,NA,NA,NA,NA,NA,49,2,1,NA,NA,NA,NA,NA,NA,NA,NA,"",3,3,3,1,4,NA,22,1,1,0,3,1,"",1,NA,NA,NA,NA,NA,NA,6,0,0,1,1,1,1,1,5,3,2,4,4,2,0,"",0,1,NA,NA,1,NA,NA,NA,NA,NA,NA,"",4,1,1,1,5,1,2,1,1,1,5,5,5,478
"5b2122862942cc0001e5856b",30,28,25,30,27,24,27,27,27,NA,NA,NA,NA,NA,NA,NA,NA,NA,NA,NA,NA,NA,NA,NA,NA,NA,NA,NA,NA,NA,NA,NA,NA,25,25,25,27,1,1,NA,NA,NA,NA,NA,NA,NA,NA,"",5,1,4,0,1,NA,31,1,1,0,4,1,"",1,1,NA,NA,NA,NA,NA,3,0,-1,0,3,4,4,4,5,4,3,2,0,0,0,"",0,NA,NA,NA,NA,NA,NA,NA,NA,1,NA,"I just pick",4,2,2,1,1,1,1,1,1,1,5,3,5,399
"5d8f61c93bc7f30019a73307",15.99,12.99,15.99,15.99,10.99,13.99,16.99,15.99,15.99,NA,NA,NA,NA,NA,NA,NA,NA,NA,NA,NA,NA,NA,NA,NA,NA,NA,NA,NA,NA,NA,16.99,15.99,15.99,NA,NA,NA,24,2,1,NA,NA,NA,NA,NA,NA,NA,NA,"",5,1,4,0,1,NA,39,1,1,0,5,2,"",1,NA,NA,NA,1,1,NA,3,3,1,2,2,4,1,3,4,4,4,1,2,0,0,"",0,1,NA,NA,1,NA,NA,NA,1,NA,NA,"",3,3,1,4,3,1,4,4,3,2,2,3,4,1020
"55c0ca6cfdf99b2e8efc9f4b",20,0,0,20,0,0,20,0,0,NA,NA,NA,NA,NA,NA,NA,NA,NA,NA,NA,NA,NA,NA,NA,20,10,0,NA,NA,NA,NA,NA,NA,NA,NA,NA,38,2,1,NA,NA,NA,NA,NA,NA,NA,NA,"",6,4,1,1,4,NA,39,1,1,0,2,1,"",NA,1,1,1,NA,1,NA,3,1,1,0,2,3,1,3,5,3,4,4,3,2,0,"",0,1,NA,NA,NA,NA,NA,NA,NA,NA,NA,"",5,2,1,2,1,2,1,1,1,1,5,5,5,308
"5d43827086cd270001968e9d",15,20,10,20,25,15,25,20,20,NA,NA,NA,NA,NA,NA,NA,NA,NA,25,20,20,NA,NA,NA,NA,NA,NA,NA,NA,NA,NA,NA,NA,NA,NA,NA,35,1,1,NA,NA,NA,NA,NA,NA,NA,NA,"",7,5,1,1,2,NA,22,1,1,0,4,1,"",1,NA,NA,NA,NA,NA,NA,3,0,0,1,3,2,2,1,4,4,3,4,2,0,0,"",0,NA,NA,NA,1,NA,NA,NA,NA,NA,NA,"",4,2,2,3,1,1,2,2,1,1,5,5,4,379
"5c7fe8774243370001ed31c1",60,40,20,60,40,20,45,45,20,NA,NA,NA,NA,NA,NA,NA,NA,NA,NA,NA,NA,20,45,30,NA,NA,NA,NA,NA,NA,NA,NA,NA,NA,NA,NA,27,2,1,NA,NA,NA,NA,NA,NA,NA,NA,"",6,3,3,0,2,NA,39,0,0,0,4,2,"",1,NA,1,NA,1,NA,NA,3,2,-1,0,3,4,2,2,4,4,3,3,3,1,1,"",0,1,NA,NA,NA,NA,NA,NA,NA,1,NA,"Tried in restaurant",4,3,1,2,2,1,2,2,2,2,5,3,3,395
"5c7f97a9fd5b410017649767",8.5,7.75,6.5,9.25,8.5,6.5,8.5,8.5,7.75,NA,NA,NA,7.75,7.25,7,NA,NA,NA,NA,NA,NA,NA,NA,NA,NA,NA,NA,NA,NA,NA,NA,NA,NA,NA,NA,NA,23,1,NA,NA,NA,1,NA,NA,NA,NA,NA,"",5,2,4,0,3,NA,22,0,1,0,2,1,"",1,1,1,NA,NA,1,NA,3,1,0,0,1,1,1,1,4,4,5,0,3,2,0,"",1,1,NA,NA,1,NA,NA,1,NA,NA,NA,"",4,3,3,5,4,3,1,2,1,1,5,5,5,635
"5ac2f7e35cd1050001621c00",15,15,12,15,15,12,15,15,12,NA,NA,NA,NA,NA,NA,NA,NA,NA,NA,NA,NA,NA,NA,NA,NA,NA,NA,NA,NA,NA,15,15,15,NA,NA,NA,43,1,1,NA,NA,NA,NA,NA,NA,NA,NA,"",2,2,1,1,3,NA,7,1,1,0,4,1,"",1,NA,NA,NA,NA,NA,NA,5,0,0,2,2,3,3,3,4,4,4,3,3,1,0,"",1,1,NA,NA,NA,NA,NA,NA,1,NA,NA,"",4,3,1,3,2,2,4,4,3,3,2,4,1,492
"5d27ffea379e51000149199c",12,14,11,11,12,10,12,13,12,NA,NA,NA,NA,NA,NA,NA,NA,NA,NA,NA,NA,NA,NA,NA,NA,NA,NA,NA,NA,NA,NA,NA,NA,14,14,14,44,2,1,NA,NA,NA,NA,NA,NA,NA,NA,"",6,4,1,1,3,NA,39,0,0,0,3,4,"",1,1,1,NA,NA,NA,NA,4,1,0,0,3,2,2,2,3,4,2,3,2,0,0,"",0,1,1,NA,1,NA,NA,NA,NA,NA,NA,"",5,2,2,2,2,1,2,1,1,1,5,3,4,763
"5c700dc8c66879000152d5ba",20,10,10,20,10,10,20,10,10,NA,NA,NA,NA,NA,NA,NA,NA,NA,NA,NA,NA,NA,NA,NA,NA,NA,NA,15,10,15,NA,NA,NA,NA,NA,NA,38,1,NA,NA,NA,1,NA,NA,NA,NA,NA,"",4,4,1,1,2,NA,33,1,1,1,5,1,"",1,1,NA,1,1,NA,NA,3,1,0,0,2,4,3,1,4,3,1,4,4,3,2,"",1,1,NA,1,1,1,NA,1,1,NA,NA,"",5,4,1,4,4,2,3,3,1,1,5,4,4,342
"5c5b1e02e7753400011c9de5",30,30,20,30,30,20,30,30,20,NA,NA,NA,NA,NA,NA,NA,NA,NA,NA,NA,NA,NA,NA,NA,NA,NA,NA,NA,NA,NA,25,25,25,NA,NA,NA,36,2,1,NA,NA,NA,NA,NA,NA,NA,NA,"",5,4,1,1,4,NA,41,1,1,0,5,2,"",1,1,1,NA,NA,NA,NA,2,0,0,0,3,2,2,2,3,3,3,3,3,1,0,"",0,1,1,NA,1,NA,NA,NA,1,NA,NA,"",4,3,3,4,4,3,3,3,1,1,5,5,4,297
"5898ed51b25c3e00017ef7e9",12,15,10,13,15,10,14,16,12,NA,NA,NA,NA,NA,NA,13,16,9,NA,NA,NA,NA,NA,NA,NA,NA,NA,NA,NA,NA,NA,NA,NA,NA,NA,NA,23,1,1,NA,NA,NA,NA,NA,NA,NA,NA,"",5,2,4,0,3,NA,39,1,1,0,4,1,"",1,1,NA,NA,NA,NA,NA,2,0,1,0,2,2,1,1,3,4,2,2,2,3,0,"",0,1,NA,NA,NA,NA,NA,NA,NA,NA,NA,"",4,2,2,3,3,1,2,3,1,1,5,3,3,465
"558ab509fdf99b65685f024e",34.99,34.99,34.99,34.99,34.99,34.99,34.99,34.99,34.99,NA,NA,NA,NA,NA,NA,NA,NA,NA,NA,NA,NA,NA,NA,NA,NA,NA,NA,34.99,25.99,34.99,NA,NA,NA,NA,NA,NA,33,1,1,NA,NA,NA,NA,NA,NA,NA,NA,"",5,-1,1,1,3,NA,39,0,0,0,4,1,"",1,1,1,1,NA,NA,NA,2,1,1,1,2,3,3,3,4,4,4,3,2,1,0,"",0,1,NA,1,1,NA,NA,NA,NA,NA,NA,"",4,3,4,4,4,3,2,2,2,2,5,5,5,298
"5c12b972d8895d00018bb254",24.99,16.99,12.99,24.99,18.99,16.99,24.99,12.99,17.99,24.99,18.99,18.99,NA,NA,NA,NA,NA,NA,NA,NA,NA,NA,NA,NA,NA,NA,NA,NA,NA,NA,NA,NA,NA,NA,NA,NA,33,1,1,NA,NA,NA,NA,NA,NA,NA,NA,"",5,4,3,0,2,NA,39,1,1,0,5,1,"",1,1,NA,NA,1,NA,NA,5,1,1,2,2,3,2,2,5,4,3,-1,2,0,0,"",0,1,1,NA,1,NA,NA,NA,NA,NA,NA,"",4,1,3,3,3,2,3,2,1,1,2,3,5,2168
"5c1141a06014540001443ecd",22,18,15,25,20,18,18,15,12,NA,NA,NA,NA,NA,NA,NA,NA,NA,NA,NA,NA,NA,NA,NA,18,20,16,NA,NA,NA,NA,NA,NA,NA,NA,NA,40,3,1,NA,NA,NA,NA,NA,NA,NA,NA,"",5,3,1,1,5,NA,39,1,0,1,4,1,"",1,NA,NA,NA,NA,NA,NA,4,1,1,1,3,3,3,2,4,4,3,4,3,2,0,"",0,1,NA,NA,NA,NA,1,NA,NA,NA,NA,"",5,3,2,3,3,1,2,2,1,1,4,3,4,373
"5d4b0a1e614dfc0015ea985c",20,15,12,20,15,15,20,15,15,NA,NA,NA,NA,NA,NA,NA,NA,NA,20,15,15,NA,NA,NA,NA,NA,NA,NA,NA,NA,NA,NA,NA,NA,NA,NA,26,2,NA,1,NA,NA,NA,NA,NA,NA,NA,"",8,2,4,0,1,NA,39,1,1,0,3,1,"",NA,1,1,NA,1,NA,NA,3,3,0,1,1,5,5,1,5,5,3,2,2,0,0,"",0,1,NA,NA,NA,NA,NA,NA,1,NA,NA,"",5,4,3,1,1,1,5,4,5,5,2,3,3,420
"5999ccda1b3d95000121f951",40,50,30,35,40,10,40,50,30,NA,NA,NA,45,50,30,NA,NA,NA,NA,NA,NA,NA,NA,NA,NA,NA,NA,NA,NA,NA,NA,NA,NA,NA,NA,NA,41,2,NA,NA,NA,1,NA,NA,NA,NA,NA,"",7,4,1,0,2,NA,33,1,0,0,3,2,"",1,NA,NA,NA,NA,NA,NA,3,1,0,0,5,4,5,1,4,5,3,3,4,2,0,"",0,1,NA,NA,NA,NA,NA,NA,NA,NA,NA,"",2,4,3,2,1,1,2,1,1,1,4,5,5,429
"5c6efb8565434c0001a483ec",15,15,15,17.5,17.5,17.5,18.5,18.5,18.5,NA,NA,NA,NA,NA,NA,19,19,17.5,NA,NA,NA,NA,NA,NA,NA,NA,NA,NA,NA,NA,NA,NA,NA,NA,NA,NA,47,1,1,NA,NA,NA,NA,NA,NA,NA,NA,"",3,4,1,1,3,NA,39,0,0,0,5,1,"",1,1,NA,NA,NA,NA,NA,4,1,4,2,3,3,3,5,3,3,4,3,3,1,1,"",0,1,NA,NA,NA,NA,1,NA,NA,NA,NA,"",4,4,2,3,4,3,3,3,2,3,4,4,3,403
"5c4be2759233b80001b2ed8a",10,5,5,10,5,5,5,5,6,5,5,6,NA,NA,NA,NA,NA,NA,NA,NA,NA,NA,NA,NA,NA,NA,NA,NA,NA,NA,NA,NA,NA,NA,NA,NA,49,2,1,NA,NA,NA,NA,NA,NA,NA,NA,"",3,2,1,1,4,NA,33,1,1,0,3,1,"",1,1,1,1,NA,1,NA,5,0,5,2,3,1,1,3,5,3,3,2,3,2,0,"",0,1,1,NA,1,NA,NA,NA,NA,1,NA,"tastings",3,2,1,1,1,1,4,4,2,2,1,3,4,587
"5ad3433f4d061300011b1c96",35,25,15,35,25,15,40,12,20,NA,NA,NA,NA,NA,NA,NA,NA,NA,NA,NA,NA,20,30,30,NA,NA,NA,NA,NA,NA,NA,NA,NA,NA,NA,NA,28,2,1,NA,NA,NA,NA,NA,NA,NA,NA,"",6,3,3,0,3,NA,30,1,1,0,5,2,"",NA,1,1,1,NA,1,NA,3,1,1,0,2,2,1,1,4,3,3,2,4,1,0,"",0,1,NA,NA,NA,1,NA,NA,1,NA,NA,"",4,3,3,3,2,1,1,1,1,1,5,3,4,473
"5cf7bfff528ef50001e96f69",15,7,7,15,7,7,15,7,7,NA,NA,NA,NA,NA,NA,NA,NA,NA,NA,NA,NA,NA,NA,NA,NA,NA,NA,NA,NA,NA,NA,NA,NA,15,7,7,38,1,1,NA,NA,NA,NA,NA,NA,NA,NA,"",5,4,1,1,3,NA,31,1,1,0,5,1,"",1,NA,NA,NA,NA,NA,NA,6,3,4,1,1,5,3,5,5,3,3,4,4,3,2,"",1,1,1,NA,1,1,NA,1,1,NA,NA,"",4,4,1,3,4,2,4,2,2,3,2,3,3,636
"5cb780ee9e9daf0001d4a90c",25,25,20,25,25,20,25,25,20,NA,NA,NA,NA,NA,NA,NA,NA,NA,NA,NA,NA,NA,NA,NA,NA,NA,NA,NA,NA,NA,25,25,20,NA,NA,NA,30,2,1,NA,NA,NA,NA,NA,NA,NA,NA,"",6,2,4,0,1,NA,39,1,1,0,3,1,"",1,1,1,NA,NA,NA,NA,4,1,1,1,2,1,1,1,4,4,4,2,3,0,0,"",0,1,NA,NA,1,NA,NA,NA,NA,NA,NA,"",5,1,1,3,1,1,2,2,1,1,2,5,3,368
"5c26fb1289f0350001747626",18,20,12,20,20,12,22,22,22,22,22,22,NA,NA,NA,NA,NA,NA,NA,NA,NA,NA,NA,NA,NA,NA,NA,NA,NA,NA,NA,NA,NA,NA,NA,NA,22,1,1,NA,NA,NA,NA,NA,NA,NA,NA,"",5,1,4,0,1,NA,5,1,1,0,3,1,"",1,1,NA,NA,NA,NA,NA,2,1,1,0,2,3,2,1,4,4,3,2,2,0,0,"",0,NA,NA,NA,NA,NA,NA,NA,NA,NA,1,"",4,3,1,3,4,1,1,1,1,1,5,4,5,330
"5d92661e12fe7c001423a298",24.99,14.99,9.99,39.99,29.99,19.99,19.99,10.99,9.99,NA,NA,NA,NA,NA,NA,NA,NA,NA,NA,NA,NA,NA,NA,NA,NA,NA,NA,24.99,17.99,19.99,NA,NA,NA,NA,NA,NA,31,1,1,NA,NA,NA,NA,NA,NA,NA,NA,"",6,3,1,0,3,NA,22,1,1,0,4,1,"",1,1,1,NA,NA,NA,NA,2,1,0,1,2,3,1,1,5,4,4,4,4,3,1,"",0,1,NA,1,NA,NA,NA,NA,NA,1,NA,"Family members are familiar with wine",4,2,1,1,3,1,1,1,1,1,5,5,5,367
"5be4af2d8306570001933076",25,18,18,20,18,18,20,18,18,NA,NA,NA,NA,NA,NA,NA,NA,NA,20,18,18,NA,NA,NA,NA,NA,NA,NA,NA,NA,NA,NA,NA,NA,NA,NA,40,2,1,NA,NA,NA,NA,NA,NA,NA,NA,"",5,2,1,0,2,NA,33,-1,0,0,3,1,"",NA,1,1,1,1,1,NA,2,1,1,2,2,1,1,2,5,3,3,2,2,0,0,"",0,1,1,NA,NA,NA,NA,NA,NA,1,NA,"Tastings at fairs & festivals",4,2,1,3,3,1,1,5,1,1,5,3,4,2237
"584baa2151a9bc0001e16ba8",20,10,8,20,10,8,18,12,10,NA,NA,NA,NA,NA,NA,NA,NA,NA,NA,NA,NA,NA,NA,NA,20,14,12,NA,NA,NA,NA,NA,NA,NA,NA,NA,42,2,1,NA,NA,NA,NA,NA,NA,NA,NA,"",5,2,4,0,1,NA,33,1,1,0,4,4,"",NA,1,1,1,1,NA,NA,2,1,0,1,3,3,3,2,4,3,2,2,3,0,0,"",0,1,NA,NA,1,1,NA,NA,NA,NA,NA,"",4,3,2,4,3,1,3,3,3,3,5,3,3,412
"5d6971a987f62800187f3791",35,30,30,40,30,30,25,25,25,NA,NA,NA,NA,NA,NA,NA,NA,NA,NA,NA,NA,20,25,25,NA,NA,NA,NA,NA,NA,NA,NA,NA,NA,NA,NA,25,2,1,NA,NA,NA,NA,NA,NA,NA,NA,"",6,4,1,0,2,NA,39,1,1,1,4,1,"",1,1,NA,NA,NA,NA,NA,5,1,1,3,2,4,2,4,5,4,4,3,3,1,0,"",0,1,NA,NA,1,NA,NA,1,NA,NA,NA,"",5,4,3,4,3,1,4,4,2,2,2,3,3,353
"5d25ee1ab92bcc00198c9c66",30,25,20,30,25,20,20,20,20,NA,NA,NA,NA,NA,NA,25,25,20,NA,NA,NA,NA,NA,NA,NA,NA,NA,NA,NA,NA,NA,NA,NA,NA,NA,NA,24,2,1,NA,NA,NA,NA,NA,NA,NA,NA,"",6,-1,4,0,2,NA,7,1,1,1,4,1,"",1,1,1,NA,NA,1,NA,3,1,1,2,2,3,1,1,4,4,3,3,4,0,0,"",0,1,1,NA,NA,NA,NA,NA,NA,NA,NA,"",4,2,2,4,4,2,2,3,1,1,5,4,3,519
"5c702836f2d2760001a1f550",18.99,12.99,15.99,18.99,12.99,15.99,18.99,12.99,15.99,NA,NA,NA,NA,NA,NA,NA,NA,NA,NA,NA,NA,NA,NA,NA,NA,NA,NA,NA,NA,NA,NA,NA,NA,18.99,12.99,15.99,46,1,NA,NA,NA,1,NA,NA,NA,NA,NA,"",3,2,4,0,3,NA,33,1,1,1,3,3,"",1,NA,NA,NA,1,NA,NA,1,1,1,0,2,2,1,1,4,2,3,2,2,2,0,"",0,1,1,NA,1,NA,NA,NA,NA,NA,NA,"",4,3,2,3,3,2,2,2,2,2,5,5,5,678
"5c47febdc41b2a000183b95a",22,18.5,15,22,18.5,15,22,15,16,NA,NA,NA,20,15,18,NA,NA,NA,NA,NA,NA,NA,NA,NA,NA,NA,NA,NA,NA,NA,NA,NA,NA,NA,NA,NA,22,2,1,NA,NA,NA,NA,NA,NA,NA,NA,"",5,-1,4,0,3,NA,33,1,1,1,4,1,"",NA,1,NA,NA,1,1,NA,3,3,3,1,2,4,1,5,4,3,3,3,4,2,0,"",0,1,NA,NA,1,NA,NA,NA,NA,NA,NA,"",4,3,2,4,3,2,2,2,1,1,5,5,4,560
"5cd31d68db60cb0017d4ac33",5.99,8.99,12.99,7.99,10.99,14.99,7.99,10.99,14.99,NA,NA,NA,7.99,10.99,14.99,NA,NA,NA,NA,NA,NA,NA,NA,NA,NA,NA,NA,NA,NA,NA,NA,NA,NA,NA,NA,NA,50,2,1,NA,NA,NA,NA,NA,NA,NA,NA,"",3,1,1,1,5,NA,33,1,1,0,3,1,"",1,NA,NA,1,NA,1,NA,4,1,4,2,2,4,4,5,3,3,4,3,4,2,0,"",0,NA,1,NA,1,NA,NA,NA,NA,1,NA,"at the winery and by reading bottle copy",4,4,4,1,2,1,4,3,2,2,4,3,3,470
"5d1804e01ae42000191bd051",15,15,10,15,13,10,15,10,12,NA,NA,NA,NA,NA,NA,12,10,12,NA,NA,NA,NA,NA,NA,NA,NA,NA,NA,NA,NA,NA,NA,NA,NA,NA,NA,25,2,1,NA,NA,NA,NA,NA,NA,NA,NA,"",2,2,1,1,6,NA,39,1,1,0,5,1,"",NA,1,1,1,1,1,NA,5,4,2,2,3,4,3,4,5,3,5,3,4,4,2,"",1,1,NA,NA,NA,NA,NA,NA,1,NA,NA,"",3,1,1,3,5,4,4,4,2,2,2,3,3,637
"5a79f1720f1bce000121ba14",50,35,24.99,50,35,30,50,40,35,NA,NA,NA,NA,NA,NA,NA,NA,NA,NA,NA,NA,NA,NA,NA,NA,NA,NA,NA,NA,NA,50,50,50,NA,NA,NA,30,2,1,NA,NA,NA,NA,NA,NA,NA,NA,"",6,2,3,0,2,NA,33,0,1,0,3,1,"",NA,1,1,NA,NA,NA,NA,5,1,1,1,2,4,4,2,5,4,3,2,1,1,0,"",0,1,1,NA,NA,NA,NA,NA,NA,NA,NA,"",4,3,3,1,1,1,2,2,1,1,5,4,5,328
"55d4cb9158c35800113dc22e",60,40,25,80,70,30,90,40,50,NA,NA,NA,NA,NA,NA,NA,NA,NA,90,50,50,NA,NA,NA,NA,NA,NA,NA,NA,NA,NA,NA,NA,NA,NA,NA,39,2,NA,1,NA,NA,NA,NA,NA,NA,NA,"",5,-1,4,0,3,NA,33,1,1,0,4,2,"",1,1,NA,NA,NA,NA,NA,4,1,0,2,3,4,2,1,5,3,3,2,4,0,0,"",0,1,NA,NA,1,NA,NA,1,NA,NA,NA,"",5,3,1,2,5,3,3,3,2,3,1,3,5,462
"5d1cd7fa4234390019d08156",15,15,15,20,20,20,20,20,20,NA,NA,NA,NA,NA,NA,NA,NA,NA,NA,NA,NA,NA,NA,NA,20,25,20,NA,NA,NA,NA,NA,NA,NA,NA,NA,23,2,1,NA,NA,NA,NA,NA,NA,NA,NA,"",5,2,3,0,5,NA,43,0,0,0,3,4,"",1,NA,1,1,NA,NA,NA,1,1,1,0,2,1,1,1,4,4,4,2,4,1,0,"",0,1,NA,NA,NA,NA,NA,1,NA,NA,NA,"",4,1,1,3,4,3,1,1,1,1,3,5,3,487
"594d4f0aa186be000114ce1d",21,16,8,21,17,9,23,20,9,NA,NA,NA,NA,NA,NA,NA,NA,NA,NA,NA,NA,NA,NA,NA,NA,NA,NA,23,17,11,NA,NA,NA,NA,NA,NA,25,1,1,NA,NA,NA,NA,1,NA,NA,NA,"",5,2,1,1,3,NA,31,1,1,0,3,1,"",1,NA,1,NA,1,NA,NA,4,3,1,1,2,3,2,1,5,4,3,2,4,0,0,"",0,1,NA,NA,1,NA,NA,NA,1,NA,NA,"",4,4,3,3,3,1,2,2,1,1,5,3,3,1335
"5cde05a1c194e8001c7ada75",50,50,25,50,50,25,40,40,25,NA,NA,NA,NA,NA,NA,NA,NA,NA,NA,NA,NA,35,40,25,NA,NA,NA,NA,NA,NA,NA,NA,NA,NA,NA,NA,29,2,NA,1,1,NA,NA,NA,NA,NA,NA,"",3,-1,4,0,6,NA,31,0,0,0,4,1,"",1,NA,1,NA,NA,NA,NA,5,1,0,0,4,1,4,1,4,4,4,2,2,1,0,"",0,1,1,NA,1,NA,NA,NA,NA,NA,NA,"",5,4,2,3,4,3,4,3,1,1,5,5,5,456
"5ca4ac9dec7213001439466f",20,18,15,25,15,18,20,18,20,NA,NA,NA,NA,NA,NA,NA,NA,NA,NA,NA,NA,NA,NA,NA,NA,NA,NA,NA,NA,NA,NA,NA,NA,18,18,18,26,2,1,NA,NA,NA,NA,NA,NA,NA,NA,"",5,3,3,0,2,NA,22,1,1,0,3,1,"",1,1,NA,NA,NA,NA,NA,1,0,1,0,2,3,1,1,4,4,3,2,4,0,0,"",0,1,1,NA,NA,NA,NA,NA,NA,NA,NA,"",5,3,3,4,2,1,2,1,1,2,5,5,5,533
"5678620289319e0011651232",50,50,75,50,50,75,40,40,75,40,40,75,NA,NA,NA,NA,NA,NA,NA,NA,NA,NA,NA,NA,NA,NA,NA,NA,NA,NA,NA,NA,NA,NA,NA,NA,29,2,1,NA,NA,NA,NA,NA,NA,NA,NA,"",5,2,4,0,4,NA,33,1,0,0,3,4,"",1,NA,NA,1,NA,1,NA,2,1,2,1,5,3,2,4,3,3,3,2,4,2,0,"",0,1,NA,NA,1,NA,NA,NA,NA,NA,NA,"",2,2,2,2,1,1,3,1,2,1,5,5,3,517
"5b55215ce689060001c8b3cc",16,13,13,16,13,13,16,16,12,NA,NA,NA,16,16,18,NA,NA,NA,NA,NA,NA,NA,NA,NA,NA,NA,NA,NA,NA,NA,NA,NA,NA,NA,NA,NA,28,1,1,NA,NA,NA,NA,NA,NA,NA,NA,"",5,4,4,0,2,NA,22,1,1,0,5,1,"",1,NA,NA,NA,NA,NA,NA,2,1,0,2,3,5,3,3,4,4,4,3,3,0,0,"",0,1,NA,NA,NA,NA,1,NA,NA,NA,NA,"",3,4,1,4,4,2,4,3,3,2,2,3,3,510
"5d9b3690b8040b0015614983",50,50,50,60,50,60,70,60,70,NA,NA,NA,NA,NA,NA,NA,NA,NA,NA,NA,NA,NA,NA,NA,NA,NA,NA,NA,NA,NA,70,70,70,NA,NA,NA,28,1,1,NA,NA,NA,NA,NA,NA,NA,NA,"",5,2,1,1,5,NA,31,1,1,0,5,1,"",1,NA,NA,1,1,1,NA,3,3,1,0,6,3,4,4,4,4,4,2,2,2,0,"",0,1,NA,1,NA,1,NA,NA,NA,NA,NA,"",3,3,3,3,3,3,4,4,3,3,4,4,4,795
"5d5be43b5540030001d57ac3",25,15,12,29.99,18.99,14.99,24.99,13.99,6.99,NA,NA,NA,NA,NA,NA,NA,NA,NA,NA,NA,NA,NA,NA,NA,NA,NA,NA,NA,NA,NA,NA,NA,NA,23.99,15.99,8.99,38,1,1,NA,NA,NA,NA,NA,NA,NA,NA,"",6,5,1,1,4,NA,31,1,1,0,4,1,"",1,1,1,NA,1,NA,NA,5,2,1,2,3,5,5,3,5,5,3,3,2,2,2,"",0,1,1,NA,NA,1,1,1,1,NA,NA,"",5,3,2,3,3,2,4,3,2,1,3,4,4,332
"5c59c29e340c6b0001e242a6",40,40,40,60,60,60,60,60,60,NA,NA,NA,NA,NA,NA,60,60,30,NA,NA,NA,NA,NA,NA,NA,NA,NA,NA,NA,NA,NA,NA,NA,NA,NA,NA,28,2,1,NA,NA,NA,NA,NA,NA,NA,NA,"",5,3,1,0,2,NA,31,0,1,0,3,1,"",NA,1,NA,1,NA,NA,NA,3,0,3,1,3,1,1,1,5,4,4,2,1,0,0,"",0,1,NA,NA,1,NA,NA,NA,NA,NA,NA,"",5,3,3,3,3,3,1,1,1,1,5,5,5,538
"5c313228d804860001f1e97e",14,12,10,15,20,10,20,20,12,NA,NA,NA,NA,NA,NA,NA,NA,NA,NA,NA,NA,NA,NA,NA,18,22,15,NA,NA,NA,NA,NA,NA,NA,NA,NA,29,1,1,NA,NA,NA,NA,NA,NA,NA,NA,"",5,2,4,0,2,NA,31,1,1,0,5,1,"",1,NA,NA,NA,NA,NA,NA,5,1,0,1,3,5,4,1,5,5,3,3,2,1,1,"",0,1,NA,NA,NA,NA,NA,NA,1,NA,NA,"",4,5,4,4,4,1,2,2,2,1,5,5,5,465
"5d9d0144c8406d0014d792a3",25,20,10,20,20,15,20,20,20,20,20,20,NA,NA,NA,NA,NA,NA,NA,NA,NA,NA,NA,NA,NA,NA,NA,NA,NA,NA,NA,NA,NA,NA,NA,NA,21,2,1,NA,NA,NA,NA,NA,NA,NA,NA,"",5,1,4,0,7,8,31,0,1,0,5,1,"",NA,1,1,1,1,NA,NA,4,3,2,2,2,1,1,1,3,3,3,2,4,0,0,"",0,1,NA,NA,1,NA,NA,1,NA,NA,NA,"",5,1,1,2,1,2,1,1,1,1,5,5,4,544
"5c75471e5eb59f000131c7a4",20,15,13,21,18,12,20,15,13,NA,NA,NA,NA,NA,NA,NA,NA,NA,21,16,14,NA,NA,NA,NA,NA,NA,NA,NA,NA,NA,NA,NA,NA,NA,NA,35,2,1,NA,NA,NA,NA,NA,NA,NA,NA,"",6,3,4,0,1,NA,33,1,1,0,5,3,"",1,1,1,NA,1,NA,NA,3,2,1,1,2,3,4,1,5,4,3,2,3,0,0,"",0,1,NA,NA,1,NA,NA,NA,1,NA,NA,"",5,1,1,1,3,1,2,1,1,1,4,4,5,437
"58d876b14240e50001190090",40,25,33,40,25,33,40,33,35,NA,NA,NA,NA,NA,NA,NA,NA,NA,NA,NA,NA,NA,NA,NA,NA,NA,NA,40,28,38,NA,NA,NA,NA,NA,NA,48,1,1,NA,NA,NA,NA,NA,NA,NA,NA,"",7,5,3,0,2,NA,22,1,1,0,3,1,"",1,1,NA,NA,NA,NA,NA,2,1,0,0,3,3,4,1,4,3,3,4,2,1,0,"",0,1,NA,NA,1,NA,1,NA,NA,NA,NA,"",4,2,1,4,3,1,2,2,2,2,2,3,4,367
"5d150fbbf3ae250001f66652",15,15,15,15,15,15,20,20,20,NA,NA,NA,NA,NA,NA,NA,NA,NA,NA,NA,NA,NA,NA,NA,NA,NA,NA,NA,NA,NA,20,20,20,NA,NA,NA,27,2,1,NA,NA,NA,NA,NA,NA,NA,NA,"",6,2,1,1,3,NA,33,0,1,0,5,3,"",NA,1,1,1,NA,1,NA,2,1,1,2,2,1,1,2,3,3,4,2,3,1,0,"",0,1,1,NA,1,NA,NA,1,NA,NA,NA,"",4,2,1,1,1,1,1,1,1,1,5,3,4,591
"5c42435f80ff9f0001bfb7bc",30,25,5,30,25,7,30,22,12,NA,NA,NA,NA,NA,NA,NA,NA,NA,NA,NA,NA,26,26,14,NA,NA,NA,NA,NA,NA,NA,NA,NA,NA,NA,NA,28,2,1,NA,NA,NA,NA,NA,NA,NA,NA,"",5,1,4,0,1,NA,5,1,1,0,5,1,"",1,1,NA,NA,1,NA,NA,5,2,0,3,4,3,2,1,5,4,1,3,4,2,1,"",1,1,NA,NA,1,NA,1,1,1,NA,NA,"",2,4,2,4,4,1,3,3,2,2,2,3,4,493
"56d5aeeb81dfd0000c2e6879",0,0,0,0,0,0,5,2,5,NA,NA,NA,NA,NA,NA,NA,NA,NA,NA,NA,NA,NA,NA,NA,NA,NA,NA,5,0,5,NA,NA,NA,NA,NA,NA,27,2,1,NA,NA,NA,NA,NA,NA,NA,NA,"",5,-1,1,0,2,NA,39,1,1,0,3,1,"",NA,NA,NA,1,NA,1,NA,2,0,0,0,1,1,1,1,4,4,3,2,3,1,0,"",0,1,NA,NA,1,NA,NA,NA,NA,NA,NA,"",4,2,2,3,4,1,1,1,1,1,3,3,5,360
"5a8d4e3e5292b800012344b0",10,10,10,15,15,15,15,15,15,15,15,15,NA,NA,NA,NA,NA,NA,NA,NA,NA,NA,NA,NA,NA,NA,NA,NA,NA,NA,NA,NA,NA,NA,NA,NA,25,2,1,NA,NA,NA,NA,NA,NA,NA,NA,"",5,4,4,0,4,NA,33,0,0,0,3,1,"",1,1,1,1,1,1,NA,5,1,1,0,2,2,2,2,3,3,3,2,3,0,0,"",0,1,NA,NA,1,1,NA,NA,NA,NA,NA,"",4,1,1,1,1,NA,2,1,1,1,4,2,3,373
"5cc11e1e6474250017c49a0d",35,35,20,40,40,25,40,40,30,NA,NA,NA,NA,NA,NA,NA,NA,NA,40,40,30,NA,NA,NA,NA,NA,NA,NA,NA,NA,NA,NA,NA,NA,NA,NA,29,2,1,NA,NA,NA,NA,NA,NA,NA,NA,"",3,1,3,1,4,NA,41,1,1,0,4,1,"",NA,1,1,1,1,1,NA,5,4,0,1,3,2,2,2,5,5,5,3,4,1,0,"",0,1,1,NA,NA,NA,NA,NA,1,NA,NA,"",4,3,2,4,4,1,2,1,1,1,2,3,3,822
"5d4462c8bdd31c0015bb6c88",17,14,12,16,16,12,10,16,17,NA,NA,NA,NA,NA,NA,NA,NA,NA,NA,NA,NA,14,18,15,NA,NA,NA,NA,NA,NA,NA,NA,NA,NA,NA,NA,22,2,1,NA,NA,NA,NA,NA,NA,1,NA,"Mediterraneo ",5,1,4,0,3,NA,39,0,0,0,3,1,"",NA,1,1,1,NA,NA,NA,3,1,0,2,2,3,1,1,5,5,3,2,2,0,0,"",0,1,NA,NA,1,NA,NA,NA,NA,NA,NA,"",5,3,3,1,1,1,2,1,1,1,5,5,5,583
"5d60264f69846b0018e59d8f",50,20,20,50,20,20,30,20,20,NA,NA,NA,NA,NA,NA,30,25,20,NA,NA,NA,NA,NA,NA,NA,NA,NA,NA,NA,NA,NA,NA,NA,NA,NA,NA,29,2,1,NA,NA,NA,NA,NA,NA,NA,NA,"",3,2,4,0,2,NA,39,0,1,0,3,2,"",1,1,1,NA,1,NA,NA,3,2,0,0,2,4,4,2,5,4,2,2,3,0,0,"",0,1,NA,NA,NA,NA,NA,NA,NA,1,NA,"I work in a restaurant, I buy wine I like that I tried there.",5,4,3,3,3,3,4,4,2,2,2,3,4,490
"59dd0dc27f3d71000171d7ec",25.99,29.99,15.99,25.99,29.99,15.99,29.99,25.99,20.99,NA,NA,NA,NA,NA,NA,NA,NA,NA,NA,NA,NA,NA,NA,NA,NA,NA,NA,NA,NA,NA,NA,NA,NA,15.99,20,15.99,39,2,1,NA,NA,NA,NA,NA,NA,NA,NA,"",5,3,1,1,5,NA,31,1,1,0,5,1,"",1,1,NA,1,1,NA,NA,4,3,0,0,4,5,1,1,5,3,3,3,3,2,0,"",1,1,NA,1,1,NA,NA,1,1,NA,NA,"",4,3,3,4,5,3,3,3,3,2,4,1,4,4828
"5d448f1dfb0ce0000104f7fa",25,18,12,25,20,12,25,20,12,NA,NA,NA,20,20,12,NA,NA,NA,NA,NA,NA,NA,NA,NA,NA,NA,NA,NA,NA,NA,NA,NA,NA,NA,NA,NA,29,1,NA,NA,NA,NA,NA,1,NA,NA,NA,"",6,1,4,0,2,NA,33,1,1,0,4,1,"",1,1,NA,NA,NA,NA,NA,3,2,0,1,2,5,5,1,5,4,1,4,3,1,2,"",0,1,NA,NA,1,NA,NA,1,NA,NA,NA,"",5,5,3,1,1,1,4,4,2,2,2,3,5,666
"5b9eddfed259900001106b05",17.99,15.99,14.99,17.99,15.99,14.99,17.99,15.99,14.99,NA,NA,NA,NA,NA,NA,NA,NA,NA,NA,NA,NA,NA,NA,NA,17.99,17.99,14.99,NA,NA,NA,NA,NA,NA,NA,NA,NA,34,1,1,NA,NA,NA,NA,NA,NA,NA,NA,"",8,1,1,1,4,NA,39,1,1,0,5,1,"",1,NA,1,NA,NA,1,NA,4,1,0,0,3,3,2,2,3,3,2,4,3,2,1,"",1,1,1,NA,NA,NA,NA,NA,NA,NA,NA,"",5,3,3,2,1,1,3,2,1,1,5,3,4,570
"5abdd25bfa3b4e0001732c5f",15,6,7,33,14,9.99,20,20,20,NA,NA,NA,NA,NA,NA,NA,NA,NA,NA,NA,NA,NA,NA,NA,NA,NA,NA,35,9.99,20.99,NA,NA,NA,NA,NA,NA,36,1,1,NA,NA,NA,NA,NA,NA,NA,NA,"",8,5,1,1,3,NA,7,1,1,0,4,2,"",1,1,1,1,1,1,NA,2,2,0,1,3,3,2,2,4,2,2,4,3,1,1,"",0,1,NA,NA,1,NA,NA,1,NA,NA,NA,"",4,4,3,2,4,3,1,1,1,1,5,5,3,246
"5cc9b9f159fe24001387746d",15,12,10,15,12,10,15,8,12,NA,NA,NA,NA,NA,NA,NA,NA,NA,NA,NA,NA,12,8,15,NA,NA,NA,NA,NA,NA,NA,NA,NA,NA,NA,NA,47,2,1,NA,NA,NA,NA,NA,NA,NA,NA,"",4,2,1,0,2,NA,39,1,1,0,3,1,"",NA,NA,NA,1,NA,1,NA,2,0,1,0,2,4,2,4,3,4,5,2,3,1,0,"",0,1,NA,NA,NA,NA,NA,NA,NA,NA,NA,"",4,3,2,4,2,1,4,2,2,4,4,4,5,664
"55974502fdf99b5dfc68c8c4",17.99,17.99,12.99,17.99,17.99,14.99,17.99,17.99,17.99,NA,NA,NA,NA,NA,NA,NA,NA,NA,19.99,17.99,17.99,NA,NA,NA,NA,NA,NA,NA,NA,NA,NA,NA,NA,NA,NA,NA,37,2,1,NA,NA,NA,NA,NA,NA,NA,NA,"",5,1,4,0,1,NA,22,1,1,0,3,1,"",1,1,NA,NA,1,NA,NA,3,2,2,0,3,3,3,2,4,4,3,2,2,1,0,"",0,1,NA,NA,1,NA,NA,NA,NA,NA,NA,"",4,3,2,2,3,1,2,2,1,1,2,3,4,460
"5787014f2fc0d400012c6941",16.99,14,12,19,16,12,20,16,16,NA,NA,NA,NA,NA,NA,NA,NA,NA,NA,NA,NA,NA,NA,NA,NA,NA,NA,NA,NA,NA,18,16,14,NA,NA,NA,25,2,1,NA,NA,NA,NA,NA,NA,NA,NA,"",6,2,4,0,4,NA,33,0,1,0,4,1,"",1,1,1,NA,NA,NA,NA,4,1,1,1,2,5,4,1,5,5,4,4,4,0,0,"",0,1,NA,NA,1,NA,NA,1,1,NA,NA,"",5,4,1,2,4,1,2,4,3,2,5,3,4,502
"558833f7fdf99b3a56b47f38",20,20,20,20,20,20,24,24,24,NA,NA,NA,NA,NA,NA,NA,NA,NA,NA,NA,NA,NA,NA,NA,NA,NA,NA,NA,NA,NA,NA,NA,NA,20,20,20,24,1,1,NA,NA,NA,NA,NA,NA,NA,NA,"",5,5,4,0,4,NA,33,0,1,0,5,2,"",1,1,1,NA,NA,NA,NA,2,1,1,1,3,3,1,1,3,3,3,2,2,2,0,"",0,1,NA,NA,1,NA,NA,NA,NA,NA,NA,"",4,2,2,3,2,1,2,2,2,1,5,5,5,516
"58a477c660cd820001e9a5d6",30,20,15,35,20,20,20,20,10,NA,NA,NA,25,20,20,NA,NA,NA,NA,NA,NA,NA,NA,NA,NA,NA,NA,NA,NA,NA,NA,NA,NA,NA,NA,NA,49,2,1,NA,NA,NA,NA,NA,NA,NA,NA,"",3,3,1,1,4,NA,39,1,1,0,3,1,"",NA,NA,1,NA,NA,NA,NA,5,0,0,0,3,3,1,1,4,4,3,2,3,1,0,"",0,1,NA,NA,NA,NA,NA,NA,NA,NA,NA,"",4,2,2,4,4,4,2,2,1,1,5,4,4,500
"56d7848303a4c2000c876dbd",18,18,18,18,18,18,18,18,18,NA,NA,NA,NA,NA,NA,18,18,18,NA,NA,NA,NA,NA,NA,NA,NA,NA,NA,NA,NA,NA,NA,NA,NA,NA,NA,67,1,1,NA,NA,NA,NA,NA,NA,NA,NA,"",2,2,1,0,2,NA,39,0,1,0,5,1,"",1,NA,NA,NA,NA,NA,NA,4,1,0,1,3,1,1,1,4,4,4,3,2,0,1,"",0,1,NA,NA,1,NA,NA,NA,NA,NA,NA,"",4,1,1,1,4,1,2,3,2,1,5,5,3,545
"5c03fc30c776820001bdadb3",20,20,15,20,20,18,20,20,18,NA,NA,NA,NA,NA,NA,NA,NA,NA,NA,NA,NA,NA,NA,NA,20,22,18,NA,NA,NA,NA,NA,NA,NA,NA,NA,33,2,NA,NA,NA,1,NA,NA,NA,NA,NA,"",5,2,4,0,1,NA,30,1,1,0,5,2,"",1,1,1,NA,1,NA,NA,3,3,1,2,3,3,2,1,4,4,3,3,4,0,0,"",0,1,NA,NA,1,NA,NA,NA,NA,NA,NA,"",4,3,1,4,3,2,3,2,1,1,2,3,4,680
"570efd2a53cc8f00088d4b70",25,20,20,25,22,22,23,24,22,24,24,24,NA,NA,NA,NA,NA,NA,NA,NA,NA,NA,NA,NA,NA,NA,NA,NA,NA,NA,NA,NA,NA,NA,NA,NA,30,2,1,NA,NA,NA,NA,NA,NA,NA,NA,"",6,2,1,1,3,NA,22,1,1,0,3,1,"",NA,1,NA,NA,1,1,NA,3,3,1,1,2,1,1,1,5,5,5,3,3,1,0,"",0,1,NA,NA,1,NA,NA,NA,NA,NA,NA,"",5,2,2,3,3,1,1,1,1,1,1,4,4,401
"5d1f52a9ca300900164a77cf",25,25,25,25,25,25,25,25,29.99,NA,NA,NA,25,25,28.99,NA,NA,NA,NA,NA,NA,NA,NA,NA,NA,NA,NA,NA,NA,NA,NA,NA,NA,NA,NA,NA,55,2,1,NA,NA,NA,NA,NA,NA,NA,NA,"",5,3,1,0,3,NA,31,1,1,0,5,1,"",NA,1,NA,NA,NA,NA,NA,6,1,5,2,2,5,3,4,5,5,5,4,3,1,3,"",0,NA,NA,NA,NA,NA,NA,1,NA,NA,NA,"",5,1,1,2,3,3,2,4,2,2,2,3,3,665
"5873e052d53c97000159de31",13,13,13,13,13,13,10,15,15,NA,NA,NA,NA,NA,NA,NA,NA,NA,NA,NA,NA,8,15,15,NA,NA,NA,NA,NA,NA,NA,NA,NA,NA,NA,NA,27,2,1,NA,NA,NA,NA,NA,NA,NA,NA,"",6,2,4,0,2,NA,33,1,1,0,3,1,"",1,1,NA,NA,1,NA,NA,5,1,2,1,1,1,1,1,4,4,4,0,3,1,1,"",0,1,1,NA,NA,NA,NA,NA,1,NA,NA,"",5,2,2,2,4,1,2,2,1,2,4,3,4,1129
"5c88725629e4730012a00a4e",20,20,20,20,20,20,20,20,20,NA,NA,NA,NA,NA,NA,NA,NA,NA,NA,NA,NA,NA,NA,NA,20,20,20,NA,NA,NA,NA,NA,NA,NA,NA,NA,48,2,NA,1,NA,NA,NA,NA,NA,NA,NA,"",8,4,1,1,5,NA,31,0,0,0,4,4,"",1,NA,1,NA,1,NA,NA,3,1,1,0,3,1,1,1,4,5,3,3,4,3,0,"",0,1,1,1,1,NA,NA,1,NA,NA,NA,"",5,1,1,3,4,3,2,1,1,1,2,2,5,584
"5b2a37ee5b5c0900018b0ca5",18,15,18,18,15,18,18,14,16,NA,NA,NA,NA,NA,NA,NA,NA,NA,NA,NA,NA,NA,NA,NA,NA,NA,NA,18,14,17,NA,NA,NA,NA,NA,NA,55,2,1,NA,NA,NA,NA,NA,NA,NA,NA,"",5,2,1,0,2,NA,39,1,0,0,2,5,"winery",NA,NA,NA,1,NA,NA,NA,4,1,1,2,3,3,1,4,4,3,4,3,3,1,0,"",0,NA,NA,NA,NA,NA,NA,NA,NA,1,NA,"from winery",3,4,1,3,1,1,4,3,1,1,5,3,3,513
"57541379f5000a0006b06ab4",9,9,7,12,12,10,0,10,10,0,10,10,NA,NA,NA,NA,NA,NA,NA,NA,NA,NA,NA,NA,NA,NA,NA,NA,NA,NA,NA,NA,NA,NA,NA,NA,64,2,1,NA,NA,NA,NA,NA,NA,NA,NA,"",2,3,1,0,2,NA,47,1,1,1,4,1,"",NA,1,NA,1,1,1,NA,5,3,0,1,2,3,2,2,4,4,4,4,4,2,0,"",0,NA,NA,NA,NA,NA,NA,1,1,NA,NA,"",4,2,1,2,4,4,3,1,1,1,2,3,4,794
"5cb87153c388bc0019dd655f",40,50,20,45,55,25,40,45,20,NA,NA,NA,NA,NA,NA,NA,NA,NA,NA,NA,NA,NA,NA,NA,NA,NA,NA,NA,NA,NA,40,40,20,NA,NA,NA,25,2,NA,NA,NA,NA,NA,NA,NA,NA,1,"",6,4,4,0,3,NA,31,0,0,0,4,2,"",1,1,NA,1,NA,1,NA,5,1,0,1,2,3,4,2,4,4,2,3,3,0,0,"",1,1,NA,NA,1,NA,NA,NA,NA,NA,NA,"",5,4,1,1,4,1,3,3,3,2,1,4,1,419
"5d4b7e47080b2f001a3ed445",30,30,20,30,30,20,30,30,20,NA,NA,NA,NA,NA,NA,30,30,20,NA,NA,NA,NA,NA,NA,NA,NA,NA,NA,NA,NA,NA,NA,NA,NA,NA,NA,28,2,1,NA,NA,NA,NA,NA,NA,NA,NA,"",5,2,1,0,2,NA,33,1,1,0,4,2,"",1,1,1,1,1,1,NA,2,1,1,1,5,4,3,3,4,4,4,3,3,2,0,"",0,1,1,NA,1,1,1,NA,1,NA,NA,"",3,2,1,2,3,1,4,4,2,2,5,5,5,646
"59b759afd793b400014597f9",15,15,15,15,15,15,17,15,17,NA,NA,NA,NA,NA,NA,NA,NA,NA,NA,NA,NA,NA,NA,NA,NA,NA,NA,NA,NA,NA,NA,NA,NA,15,15,15,26,2,1,NA,NA,NA,NA,NA,NA,NA,NA,"",6,2,4,0,3,NA,33,1,1,0,3,2,"",1,NA,NA,NA,NA,NA,NA,2,1,1,1,2,3,1,2,3,3,3,2,4,1,0,"",0,NA,1,NA,1,NA,NA,NA,NA,NA,NA,"",4,1,1,2,3,1,1,1,1,1,5,3,5,277
"5b64c5662aee58000132e071",20,15,10,20,15,10,30,15,15,NA,NA,NA,NA,NA,NA,NA,NA,NA,30,15,15,NA,NA,NA,NA,NA,NA,NA,NA,NA,NA,NA,NA,NA,NA,NA,25,1,1,NA,NA,NA,NA,NA,NA,NA,NA,"",5,3,4,1,5,NA,31,0,1,0,3,1,"",NA,1,NA,NA,1,1,NA,6,1,0,0,2,3,1,1,5,4,2,3,3,1,0,"",0,1,NA,NA,1,NA,NA,NA,NA,NA,NA,"",5,4,1,3,4,1,2,2,1,1,5,3,5,357
"5d8aa37c393d840015bbe0f2",80,40,20,80,50,30,75,50,75,NA,NA,NA,NA,NA,NA,NA,NA,NA,NA,NA,NA,NA,NA,NA,NA,NA,NA,NA,NA,NA,NA,NA,NA,30,30,30,23,2,NA,NA,NA,1,NA,NA,NA,NA,NA,"",4,3,3,0,2,NA,33,1,1,0,2,1,"",1,NA,1,1,NA,NA,NA,3,0,1,0,4,1,1,1,5,5,3,4,4,2,0,"",0,1,NA,NA,NA,NA,NA,1,NA,NA,NA,"",5,3,3,5,5,5,1,1,1,1,5,5,5,408
"5c0348ac4c14cf00019d2b43",25,15,15,25,15,15,25,12,15,NA,NA,NA,NA,NA,NA,25,12,15,NA,NA,NA,NA,NA,NA,NA,NA,NA,NA,NA,NA,NA,NA,NA,NA,NA,NA,48,2,1,NA,NA,NA,NA,NA,NA,NA,NA,"",4,5,3,1,4,NA,39,1,1,0,3,1,"",NA,1,1,1,1,1,NA,5,3,3,3,3,4,1,4,5,4,3,3,3,2,0,"",1,1,NA,NA,1,NA,1,1,NA,NA,NA,"",3,3,4,4,4,3,4,4,4,4,4,3,4,751
"5c0ddc894bc2690001b67bd0",20,25,15,30,25,20,30,25,13,27,22,17,NA,NA,NA,NA,NA,NA,NA,NA,NA,NA,NA,NA,NA,NA,NA,NA,NA,NA,NA,NA,NA,NA,NA,NA,34,2,1,NA,NA,NA,NA,1,NA,NA,NA,"",5,4,3,0,2,NA,33,1,1,0,5,1,"",1,NA,NA,NA,1,NA,NA,3,1,1,1,3,5,2,2,5,5,3,2,4,0,0,"",0,1,1,NA,NA,NA,NA,NA,NA,NA,NA,"",3,3,2,2,4,2,2,2,1,2,4,5,5,574
"5cf5f18a213846001788181b",40,25,20,40,25,20,45,30,25,NA,NA,NA,NA,NA,NA,NA,NA,NA,NA,NA,NA,30,35,35,NA,NA,NA,NA,NA,NA,NA,NA,NA,NA,NA,NA,30,2,1,NA,NA,NA,NA,NA,NA,NA,NA,"",5,2,1,1,3,NA,33,1,1,0,4,1,"",NA,1,NA,1,1,1,NA,3,3,3,1,3,1,1,4,5,4,3,3,3,1,0,"",0,NA,1,NA,1,NA,NA,1,NA,NA,NA,"",5,2,2,2,3,2,2,2,1,1,5,5,3,1058
"5944bb3a1ee6f10001811724",7,8,7,7,8,7,7,8,7,NA,NA,NA,NA,NA,NA,NA,NA,NA,NA,NA,NA,NA,NA,NA,NA,NA,NA,NA,NA,NA,7,8,7,NA,NA,NA,29,1,1,NA,NA,NA,NA,NA,NA,NA,NA,"",6,1,4,0,4,NA,33,0,0,0,3,1,"",1,NA,NA,NA,NA,NA,NA,6,1,3,0,1,2,2,2,3,3,3,2,2,0,0,"",0,NA,1,NA,1,NA,NA,NA,NA,NA,NA,"",5,2,2,3,1,1,1,1,1,1,5,3,4,406
"5d49a0b751695e0001a188a8",40,35,25,50,40,30,45,35,25,NA,NA,NA,NA,NA,NA,NA,NA,NA,55,45,35,NA,NA,NA,NA,NA,NA,NA,NA,NA,NA,NA,NA,NA,NA,NA,55,2,1,NA,NA,NA,NA,NA,NA,NA,NA,"",5,3,1,1,5,NA,31,1,1,0,5,1,"",1,1,NA,NA,NA,NA,NA,5,3,2,1,4,3,1,5,4,3,4,3,4,4,0,"",0,1,NA,NA,NA,NA,1,NA,NA,NA,NA,"",3,4,3,4,5,3,5,4,3,3,2,4,4,805
"5c7550c0181ad3001133664c",99,50,12,99,50,12,95,45,10,NA,NA,NA,95,45,15,NA,NA,NA,NA,NA,NA,NA,NA,NA,NA,NA,NA,NA,NA,NA,NA,NA,NA,NA,NA,NA,59,1,1,NA,NA,NA,NA,NA,NA,NA,NA,"",6,3,4,0,1,NA,7,1,1,0,5,1,"",1,1,NA,NA,1,NA,NA,6,3,1,1,2,5,3,1,5,4,3,2,2,2,2,"",0,1,NA,NA,NA,1,1,NA,NA,NA,NA,"",3,4,3,3,2,1,2,2,2,2,5,3,4,774
"5c55b95b91c0ad0001cf86ab",16,12,8,16,13,9,17,15,12,NA,NA,NA,NA,NA,NA,NA,NA,NA,NA,NA,NA,NA,NA,NA,NA,NA,NA,17,13,13,NA,NA,NA,NA,NA,NA,44,1,1,NA,NA,NA,NA,NA,NA,NA,NA,"",6,2,4,0,3,NA,22,0,0,0,3,1,"",1,1,NA,NA,NA,NA,NA,4,1,0,0,1,4,1,1,5,3,3,2,3,1,0,"",0,1,NA,NA,1,NA,NA,NA,NA,NA,NA,"",4,3,1,2,1,1,2,2,1,1,5,3,4,745
"5bca609832e46700016ed09c",25.3,28.4,18.2,25,28,18,29,32,20,NA,NA,NA,NA,NA,NA,NA,NA,NA,NA,NA,NA,NA,NA,NA,30,43,28,NA,NA,NA,NA,NA,NA,NA,NA,NA,27,2,NA,1,NA,NA,NA,NA,NA,NA,NA,"",4,2,1,1,3,NA,39,1,1,0,4,1,"",1,1,1,1,NA,1,NA,5,1,2,1,3,2,2,3,4,4,3,0,0,0,0,"",0,1,NA,NA,1,NA,NA,1,NA,NA,NA,"",3,3,2,2,2,2,3,1,1,1,5,5,5,2277
"5bdc5ab80f86a60001be654e",40,20,15,40,20,15,40,20,15,NA,NA,NA,NA,NA,NA,NA,NA,NA,NA,NA,NA,NA,NA,NA,25,25,15,NA,NA,NA,NA,NA,NA,NA,NA,NA,32,2,1,NA,NA,NA,NA,NA,NA,NA,NA,"",5,5,1,0,2,NA,33,0,1,0,5,4,"",1,1,1,1,1,1,NA,2,1,1,1,2,4,4,2,5,4,2,4,3,1,1,"",0,1,1,NA,1,NA,NA,NA,NA,NA,NA,"",4,4,2,1,4,1,3,3,3,3,4,3,3,642
